<?xml version="1.0" encoding="UTF-8"?><ImplementationGuide xmlns="http://hl7.org/fhir"><id value="fhir.cde-catalog"/><text><status value="extensions"/><div xmlns="http://www.w3.org/1999/xhtml"><h2>CDEKatalog</h2><p>The official URL for this implementation guide is: </p><pre>http://somewhere.org/fhir/uv/myig/ImplementationGuide/fhir.cde-catalog</pre></div></text><url value="http://somewhere.org/fhir/uv/myig/ImplementationGuide/fhir.cde-catalog"/><version value="0.1.0"/><name value="CDEKatalog"/><status value="draft"/><date value="2023-03-02T21:55:41+01:00"/><publisher value="Nils Haendly"/><contact><name value="Nils Haendly"/><telecom><system value="url"/><value value="http://noctiz89.github.io/CDE-Katalog/index.html"/></telecom></contact><packageId value="fhir.cde-catalog"/><license value="CC0-1.0"/><fhirVersion value="4.0.1"/><dependsOn id="hl7tx"><extension url="http://hl7.org/fhir/tools/StructureDefinition/implementationguide-dependency-comment"><valueMarkdown value="Automatically added as a dependency - all IGs depend on HL7 Terminology"/></extension><uri value="http://terminology.hl7.org/ImplementationGuide/hl7.terminology"/><packageId value="hl7.terminology.r4"/><version value="5.0.0"/></dependsOn><definition><extension url="http://hl7.org/fhir/tools/StructureDefinition/ig-parameter"><extension url="code"><valueString value="copyrightyear"/></extension><extension url="value"><valueString value="2023+"/></extension></extension><extension url="http://hl7.org/fhir/tools/StructureDefinition/ig-parameter"><extension url="code"><valueString value="releaselabel"/></extension><extension url="value"><valueString value="ci-build"/></extension></extension><extension url="http://hl7.org/fhir/tools/StructureDefinition/ig-parameter"><extension url="code"><valueString value="autoload-resources"/></extension><extension url="value"><valueString value="true"/></extension></extension><extension url="http://hl7.org/fhir/tools/StructureDefinition/ig-parameter"><extension url="code"><valueString value="path-liquid"/></extension><extension url="value"><valueString value="template/liquid"/></extension></extension><extension url="http://hl7.org/fhir/tools/StructureDefinition/ig-parameter"><extension url="code"><valueString value="path-liquid"/></extension><extension url="value"><valueString value="input/liquid"/></extension></extension><extension url="http://hl7.org/fhir/tools/StructureDefinition/ig-parameter"><extension url="code"><valueString value="path-qa"/></extension><extension url="value"><valueString value="temp/qa"/></extension></extension><extension url="http://hl7.org/fhir/tools/StructureDefinition/ig-parameter"><extension url="code"><valueString value="path-temp"/></extension><extension url="value"><valueString value="temp/pages"/></extension></extension><extension url="http://hl7.org/fhir/tools/StructureDefinition/ig-parameter"><extension url="code"><valueString value="path-output"/></extension><extension url="value"><valueString value="output"/></extension></extension><extension url="http://hl7.org/fhir/tools/StructureDefinition/ig-parameter"><extension url="code"><valueString value="path-suppressed-warnings"/></extension><extension url="value"><valueString value="input/ignoreWarnings.txt"/></extension></extension><extension url="http://hl7.org/fhir/tools/StructureDefinition/ig-parameter"><extension url="code"><valueString value="path-history"/></extension><extension url="value"><valueString value="http://somewhere.org/fhir/uv/myig/history.html"/></extension></extension><extension url="http://hl7.org/fhir/tools/StructureDefinition/ig-parameter"><extension url="code"><valueString value="template-html"/></extension><extension url="value"><valueString value="template-page.html"/></extension></extension><extension url="http://hl7.org/fhir/tools/StructureDefinition/ig-parameter"><extension url="code"><valueString value="template-md"/></extension><extension url="value"><valueString value="template-page-md.html"/></extension></extension><extension url="http://hl7.org/fhir/tools/StructureDefinition/ig-parameter"><extension url="code"><valueString value="apply-contact"/></extension><extension url="value"><valueString value="true"/></extension></extension><extension url="http://hl7.org/fhir/tools/StructureDefinition/ig-parameter"><extension url="code"><valueString value="apply-context"/></extension><extension url="value"><valueString value="true"/></extension></extension><extension url="http://hl7.org/fhir/tools/StructureDefinition/ig-parameter"><extension url="code"><valueString value="apply-copyright"/></extension><extension url="value"><valueString value="true"/></extension></extension><extension url="http://hl7.org/fhir/tools/StructureDefinition/ig-parameter"><extension url="code"><valueString value="apply-jurisdiction"/></extension><extension url="value"><valueString value="true"/></extension></extension><extension url="http://hl7.org/fhir/tools/StructureDefinition/ig-parameter"><extension url="code"><valueString value="apply-license"/></extension><extension url="value"><valueString value="true"/></extension></extension><extension url="http://hl7.org/fhir/tools/StructureDefinition/ig-parameter"><extension url="code"><valueString value="apply-publisher"/></extension><extension url="value"><valueString value="true"/></extension></extension><extension url="http://hl7.org/fhir/tools/StructureDefinition/ig-parameter"><extension url="code"><valueString value="apply-version"/></extension><extension url="value"><valueString value="true"/></extension></extension><extension url="http://hl7.org/fhir/tools/StructureDefinition/ig-parameter"><extension url="code"><valueString value="active-tables"/></extension><extension url="value"><valueString value="true"/></extension></extension><extension url="http://hl7.org/fhir/tools/StructureDefinition/ig-parameter"><extension url="code"><valueString value="fmm-definition"/></extension><extension url="value"><valueString value="http://hl7.org/fhir/versions.html#maturity"/></extension></extension><extension url="http://hl7.org/fhir/tools/StructureDefinition/ig-parameter"><extension url="code"><valueString value="propagate-status"/></extension><extension url="value"><valueString value="true"/></extension></extension><extension url="http://hl7.org/fhir/tools/StructureDefinition/ig-parameter"><extension url="code"><valueString value="excludelogbinaryformat"/></extension><extension url="value"><valueString value="true"/></extension></extension><extension url="http://hl7.org/fhir/tools/StructureDefinition/ig-parameter"><extension url="code"><valueString value="tabbed-snapshots"/></extension><extension url="value"><valueString value="true"/></extension></extension><extension url="http://hl7.org/fhir/tools/StructureDefinition/ig-parameter"><extension url="code"><valueString value="copyrightyear"/></extension><extension url="value"><valueString value="2023+"/></extension></extension><extension url="http://hl7.org/fhir/tools/StructureDefinition/ig-parameter"><extension url="code"><valueString value="releaselabel"/></extension><extension url="value"><valueString value="ci-build"/></extension></extension><extension url="http://hl7.org/fhir/tools/StructureDefinition/ig-parameter"><extension url="code"><valueString value="autoload-resources"/></extension><extension url="value"><valueString value="true"/></extension></extension><extension url="http://hl7.org/fhir/tools/StructureDefinition/ig-parameter"><extension url="code"><valueString value="path-liquid"/></extension><extension url="value"><valueString value="template/liquid"/></extension></extension><extension url="http://hl7.org/fhir/tools/StructureDefinition/ig-parameter"><extension url="code"><valueString value="path-liquid"/></extension><extension url="value"><valueString value="input/liquid"/></extension></extension><extension url="http://hl7.org/fhir/tools/StructureDefinition/ig-parameter"><extension url="code"><valueString value="path-qa"/></extension><extension url="value"><valueString value="temp/qa"/></extension></extension><extension url="http://hl7.org/fhir/tools/StructureDefinition/ig-parameter"><extension url="code"><valueString value="path-temp"/></extension><extension url="value"><valueString value="temp/pages"/></extension></extension><extension url="http://hl7.org/fhir/tools/StructureDefinition/ig-parameter"><extension url="code"><valueString value="path-output"/></extension><extension url="value"><valueString value="output"/></extension></extension><extension url="http://hl7.org/fhir/tools/StructureDefinition/ig-parameter"><extension url="code"><valueString value="path-suppressed-warnings"/></extension><extension url="value"><valueString value="input/ignoreWarnings.txt"/></extension></extension><extension url="http://hl7.org/fhir/tools/StructureDefinition/ig-parameter"><extension url="code"><valueString value="path-history"/></extension><extension url="value"><valueString value="http://somewhere.org/fhir/uv/myig/history.html"/></extension></extension><extension url="http://hl7.org/fhir/tools/StructureDefinition/ig-parameter"><extension url="code"><valueString value="template-html"/></extension><extension url="value"><valueString value="template-page.html"/></extension></extension><extension url="http://hl7.org/fhir/tools/StructureDefinition/ig-parameter"><extension url="code"><valueString value="template-md"/></extension><extension url="value"><valueString value="template-page-md.html"/></extension></extension><extension url="http://hl7.org/fhir/tools/StructureDefinition/ig-parameter"><extension url="code"><valueString value="apply-contact"/></extension><extension url="value"><valueString value="true"/></extension></extension><extension url="http://hl7.org/fhir/tools/StructureDefinition/ig-parameter"><extension url="code"><valueString value="apply-context"/></extension><extension url="value"><valueString value="true"/></extension></extension><extension url="http://hl7.org/fhir/tools/StructureDefinition/ig-parameter"><extension url="code"><valueString value="apply-copyright"/></extension><extension url="value"><valueString value="true"/></extension></extension><extension url="http://hl7.org/fhir/tools/StructureDefinition/ig-parameter"><extension url="code"><valueString value="apply-jurisdiction"/></extension><extension url="value"><valueString value="true"/></extension></extension><extension url="http://hl7.org/fhir/tools/StructureDefinition/ig-parameter"><extension url="code"><valueString value="apply-license"/></extension><extension url="value"><valueString value="true"/></extension></extension><extension url="http://hl7.org/fhir/tools/StructureDefinition/ig-parameter"><extension url="code"><valueString value="apply-publisher"/></extension><extension url="value"><valueString value="true"/></extension></extension><extension url="http://hl7.org/fhir/tools/StructureDefinition/ig-parameter"><extension url="code"><valueString value="apply-version"/></extension><extension url="value"><valueString value="true"/></extension></extension><extension url="http://hl7.org/fhir/tools/StructureDefinition/ig-parameter"><extension url="code"><valueString value="active-tables"/></extension><extension url="value"><valueString value="true"/></extension></extension><extension url="http://hl7.org/fhir/tools/StructureDefinition/ig-parameter"><extension url="code"><valueString value="fmm-definition"/></extension><extension url="value"><valueString value="http://hl7.org/fhir/versions.html#maturity"/></extension></extension><extension url="http://hl7.org/fhir/tools/StructureDefinition/ig-parameter"><extension url="code"><valueString value="propagate-status"/></extension><extension url="value"><valueString value="true"/></extension></extension><extension url="http://hl7.org/fhir/tools/StructureDefinition/ig-parameter"><extension url="code"><valueString value="excludelogbinaryformat"/></extension><extension url="value"><valueString value="true"/></extension></extension><extension url="http://hl7.org/fhir/tools/StructureDefinition/ig-parameter"><extension url="code"><valueString value="tabbed-snapshots"/></extension><extension url="value"><valueString value="true"/></extension></extension><extension url="http://hl7.org/fhir/tools/StructureDefinition/ig-parameter"><extension url="code"><valueString value="copyrightyear"/></extension><extension url="value"><valueString value="2023+"/></extension></extension><extension url="http://hl7.org/fhir/tools/StructureDefinition/ig-parameter"><extension url="code"><valueString value="releaselabel"/></extension><extension url="value"><valueString value="ci-build"/></extension></extension><extension url="http://hl7.org/fhir/tools/StructureDefinition/ig-parameter"><extension url="code"><valueString value="autoload-resources"/></extension><extension url="value"><valueString value="true"/></extension></extension><extension url="http://hl7.org/fhir/tools/StructureDefinition/ig-parameter"><extension url="code"><valueString value="path-liquid"/></extension><extension url="value"><valueString value="template/liquid"/></extension></extension><extension url="http://hl7.org/fhir/tools/StructureDefinition/ig-parameter"><extension url="code"><valueString value="path-liquid"/></extension><extension url="value"><valueString value="input/liquid"/></extension></extension><extension url="http://hl7.org/fhir/tools/StructureDefinition/ig-parameter"><extension url="code"><valueString value="path-qa"/></extension><extension url="value"><valueString value="temp/qa"/></extension></extension><extension url="http://hl7.org/fhir/tools/StructureDefinition/ig-parameter"><extension url="code"><valueString value="path-temp"/></extension><extension url="value"><valueString value="temp/pages"/></extension></extension><extension url="http://hl7.org/fhir/tools/StructureDefinition/ig-parameter"><extension url="code"><valueString value="path-output"/></extension><extension url="value"><valueString value="output"/></extension></extension><extension url="http://hl7.org/fhir/tools/StructureDefinition/ig-parameter"><extension url="code"><valueString value="path-suppressed-warnings"/></extension><extension url="value"><valueString value="input/ignoreWarnings.txt"/></extension></extension><extension url="http://hl7.org/fhir/tools/StructureDefinition/ig-parameter"><extension url="code"><valueString value="path-history"/></extension><extension url="value"><valueString value="http://somewhere.org/fhir/uv/myig/history.html"/></extension></extension><extension url="http://hl7.org/fhir/tools/StructureDefinition/ig-parameter"><extension url="code"><valueString value="template-html"/></extension><extension url="value"><valueString value="template-page.html"/></extension></extension><extension url="http://hl7.org/fhir/tools/StructureDefinition/ig-parameter"><extension url="code"><valueString value="template-md"/></extension><extension url="value"><valueString value="template-page-md.html"/></extension></extension><extension url="http://hl7.org/fhir/tools/StructureDefinition/ig-parameter"><extension url="code"><valueString value="apply-contact"/></extension><extension url="value"><valueString value="true"/></extension></extension><extension url="http://hl7.org/fhir/tools/StructureDefinition/ig-parameter"><extension url="code"><valueString value="apply-context"/></extension><extension url="value"><valueString value="true"/></extension></extension><extension url="http://hl7.org/fhir/tools/StructureDefinition/ig-parameter"><extension url="code"><valueString value="apply-copyright"/></extension><extension url="value"><valueString value="true"/></extension></extension><extension url="http://hl7.org/fhir/tools/StructureDefinition/ig-parameter"><extension url="code"><valueString value="apply-jurisdiction"/></extension><extension url="value"><valueString value="true"/></extension></extension><extension url="http://hl7.org/fhir/tools/StructureDefinition/ig-parameter"><extension url="code"><valueString value="apply-license"/></extension><extension url="value"><valueString value="true"/></extension></extension><extension url="http://hl7.org/fhir/tools/StructureDefinition/ig-parameter"><extension url="code"><valueString value="apply-publisher"/></extension><extension url="value"><valueString value="true"/></extension></extension><extension url="http://hl7.org/fhir/tools/StructureDefinition/ig-parameter"><extension url="code"><valueString value="apply-version"/></extension><extension url="value"><valueString value="true"/></extension></extension><extension url="http://hl7.org/fhir/tools/StructureDefinition/ig-parameter"><extension url="code"><valueString value="active-tables"/></extension><extension url="value"><valueString value="true"/></extension></extension><extension url="http://hl7.org/fhir/tools/StructureDefinition/ig-parameter"><extension url="code"><valueString value="fmm-definition"/></extension><extension url="value"><valueString value="http://hl7.org/fhir/versions.html#maturity"/></extension></extension><extension url="http://hl7.org/fhir/tools/StructureDefinition/ig-parameter"><extension url="code"><valueString value="propagate-status"/></extension><extension url="value"><valueString value="true"/></extension></extension><extension url="http://hl7.org/fhir/tools/StructureDefinition/ig-parameter"><extension url="code"><valueString value="excludelogbinaryformat"/></extension><extension url="value"><valueString value="true"/></extension></extension><extension url="http://hl7.org/fhir/tools/StructureDefinition/ig-parameter"><extension url="code"><valueString value="tabbed-snapshots"/></extension><extension url="value"><valueString value="true"/></extension></extension><grouping id="-str-logicalmodel"><name value="Structures: Logical Models"/><description value="These define data models that represent the domain covered by this implementation guide in more business-friendly terms than the underlying FHIR resources."/></grouping><grouping id="-str-abstractprofile"><name value="Structures: Abstract Profiles"/><description value="These are profiles on resources or data types that describe patterns used by other profiles, but cannot be instantiated directly.  I.e. instances can conform to profiles *based* on these abstract profiles, but do not declare conformance to the abstract profiles themselves."/></grouping><grouping id="-str-profile"><name value="Structures: Resource Profiles"/><description value="These define constraints on FHIR resources for systems conforming to this implementation guide."/></grouping><grouping id="-str-extension"><name value="Structures: Extension Definitions"/><description value="These define constraints on FHIR data types for systems conforming to this implementation guide."/></grouping><grouping id="-term-valueset"><name value="Terminology: Value Sets"/><description value="These define sets of codes used by systems conforming to this implementation guide."/></grouping><grouping id="-term-codesystem"><name value="Terminology: Code Systems"/><description value="These define new code systems used by systems conforming to this implementation guide."/></grouping><grouping id="-ex-example"><name value="Example: Example Instances"/><description value="These are example instances that show what data produced and consumed by systems conforming with this implementation guide might look like."/></grouping><resource><extension url="http://hl7.org/fhir/StructureDefinition/implementationguide-page"><valueUri value="StructureDefinition-cde-age.html"/></extension><reference><reference value="StructureDefinition/cde-age"/></reference><name value="CDE Age"/><description value="Dieses CDE enthält das 'Alter'."/><exampleBoolean value="false"/><groupingId value="-str-profile"/></resource><resource><extension url="http://hl7.org/fhir/StructureDefinition/implementationguide-page"><valueUri value="StructureDefinition-cde-age-at-diagnosis-of-essential-hypertension.html"/></extension><reference><reference value="StructureDefinition/cde-age-at-diagnosis-of-essential-hypertension"/></reference><name value="CDE age at diagnosis of essential hypertension"/><description value="Dieses CDE enthält das Alter einer Person zum Zeitpunkt der Diagnose 'Essenzielle (primäre) Hypertonie'."/><exampleBoolean value="false"/><groupingId value="-str-profile"/></resource><resource><extension url="http://hl7.org/fhir/StructureDefinition/implementationguide-page"><valueUri value="StructureDefinition-cde-age-at-stopped-smoking.html"/></extension><reference><reference value="StructureDefinition/cde-age-at-stopped-smoking"/></reference><name value="CDE Age At Stopped Smoking"/><description value="Dieses CDE enthält das 'Alter' in dem eine Person mit dem Rauchen aufgehört hat."/><exampleBoolean value="false"/><groupingId value="-str-profile"/></resource><resource><extension url="http://hl7.org/fhir/StructureDefinition/implementationguide-page"><valueUri value="StructureDefinition-cde-body-height.html"/></extension><reference><reference value="StructureDefinition/cde-body-height"/></reference><name value="CDE Body Height"/><description value="Dieses CDE enthält die 'Körpergröße'."/><exampleBoolean value="false"/><groupingId value="-str-profile"/></resource><resource><extension url="http://hl7.org/fhir/StructureDefinition/implementationguide-page"><valueUri value="StructureDefinition-cde-body-mass-index.html"/></extension><reference><reference value="StructureDefinition/cde-body-mass-index"/></reference><name value="CDE Body Mass Index"/><description value="Dieses CDE enthält den 'Body Mass Index (BMI)'."/><exampleBoolean value="false"/><groupingId value="-str-profile"/></resource><resource><extension url="http://hl7.org/fhir/StructureDefinition/implementationguide-page"><valueUri value="StructureDefinition-cde-body-weight.html"/></extension><reference><reference value="StructureDefinition/cde-body-weight"/></reference><name value="CDE Body Weight"/><description value="Dieses CDE enthält das 'Körpergewicht'."/><exampleBoolean value="false"/><groupingId value="-str-profile"/></resource><resource><extension url="http://hl7.org/fhir/StructureDefinition/implementationguide-page"><valueUri value="StructureDefinition-cde-calcium-in-serum-or-plasma.html"/></extension><reference><reference value="StructureDefinition/cde-calcium-in-serum-or-plasma"/></reference><name value="CDE Calcium In Serum Or Plasma"/><description value="Dieses CDE enthält den Messparameter 'Calcium in Serum oder Plasma'."/><exampleBoolean value="false"/><groupingId value="-str-profile"/></resource><resource><extension url="http://hl7.org/fhir/StructureDefinition/implementationguide-page"><valueUri value="StructureDefinition-cde-chloride-in-serum-or-plasma.html"/></extension><reference><reference value="StructureDefinition/cde-chloride-in-serum-or-plasma"/></reference><name value="CDE Chloride In Serum Or Plasma"/><description value="Dieses CDE enthält den Messparameter 'Chlorid in Serum oder Plasma'."/><exampleBoolean value="false"/><groupingId value="-str-profile"/></resource><resource><extension url="http://hl7.org/fhir/StructureDefinition/implementationguide-page"><valueUri value="StructureDefinition-cde-creatinine-in-ser-or-plas.html"/></extension><reference><reference value="StructureDefinition/cde-creatinine-in-ser-or-plas"/></reference><name value="CDE Creatinine In Serum Or Plasma"/><description value="Dieses CDE enthält den Messparameter 'Kreatinin in Serum oder Plasma'."/><exampleBoolean value="false"/><groupingId value="-str-profile"/></resource><resource><extension url="http://hl7.org/fhir/StructureDefinition/implementationguide-page"><valueUri value="StructureDefinition-cde-current-age-calculated.html"/></extension><reference><reference value="StructureDefinition/cde-current-age-calculated"/></reference><name value="CDE Current Age Calculated"/><description value="Dieses CDE enthält das 'aktuelle Alter - berechnet'. Berechnung erfolgt aus dem bekannten Geburtsdatum und Zeitpunkt eines bestimmten Ereignis."/><exampleBoolean value="false"/><groupingId value="-str-profile"/></resource><resource><extension url="http://hl7.org/fhir/StructureDefinition/implementationguide-page"><valueUri value="StructureDefinition-cde-current-age-reported.html"/></extension><reference><reference value="StructureDefinition/cde-current-age-reported"/></reference><name value="CDE Current Age Reported"/><description value="Dieses CDE enthält das 'aktuelle Alter - berichtet'. Alter zum Zeitpunkt der Befragung."/><exampleBoolean value="false"/><groupingId value="-str-profile"/></resource><resource><extension url="http://hl7.org/fhir/StructureDefinition/implementationguide-page"><valueUri value="StructureDefinition-cde-date-of-birth.html"/></extension><reference><reference value="StructureDefinition/cde-date-of-birth"/></reference><name value="CDE Date Of Birth"/><description value="Dieses CDE enthält das 'Geburtsdatum' einer Person."/><exampleBoolean value="false"/><groupingId value="-str-profile"/></resource><resource><extension url="http://hl7.org/fhir/StructureDefinition/implementationguide-page"><valueUri value="StructureDefinition-cde-erythrocytes-in-blood.html"/></extension><reference><reference value="StructureDefinition/cde-erythrocytes-in-blood"/></reference><name value="CDE Erythrocytes In Blood"/><description value="Dieses CDE enthält den Messparameter 'Erytrhozyten in Blut"/><exampleBoolean value="false"/><groupingId value="-str-profile"/></resource><resource><extension url="http://hl7.org/fhir/StructureDefinition/implementationguide-page"><valueUri value="StructureDefinition-generic-observation.html"/></extension><reference><reference value="StructureDefinition/generic-observation"/></reference><name value="Generic Observation"/><description value="Generische Observation als Common Data Element mit minimalen Anforderungen für jede Beobachtung."/><exampleBoolean value="false"/><groupingId value="-str-profile"/></resource><resource><extension url="http://hl7.org/fhir/StructureDefinition/implementationguide-page"><valueUri value="StructureDefinition-cde-glasgow-coma-score.html"/></extension><reference><reference value="StructureDefinition/cde-glasgow-coma-score"/></reference><name value="CDE Glasgow Coma Score"/><description value="Dieses CDE enthält den Glasgow Coma Score (GCS)"/><exampleBoolean value="false"/><groupingId value="-str-profile"/></resource><resource><extension url="http://hl7.org/fhir/StructureDefinition/implementationguide-page"><valueUri value="StructureDefinition-cde-glucose-in-serum-or-plasma.html"/></extension><reference><reference value="StructureDefinition/cde-glucose-in-serum-or-plasma"/></reference><name value="CDE Glucose In Serum Or Plasma"/><description value="Dieses CDE enthält den Messparameter 'Glukose in Serum oder Plasma'."/><exampleBoolean value="false"/><groupingId value="-str-profile"/></resource><resource><extension url="http://hl7.org/fhir/StructureDefinition/implementationguide-page"><valueUri value="StructureDefinition-cde-hematocrit-of-blood.html"/></extension><reference><reference value="StructureDefinition/cde-hematocrit-of-blood"/></reference><name value="CDE Hematocrit Of Blood"/><description value="Dieses CDE enthält den Messparameter 'Hämoglobin von Blut'."/><exampleBoolean value="false"/><groupingId value="-str-profile"/></resource><resource><extension url="http://hl7.org/fhir/StructureDefinition/implementationguide-page"><valueUri value="StructureDefinition-cde-hemoglobin-in-blood.html"/></extension><reference><reference value="StructureDefinition/cde-hemoglobin-in-blood"/></reference><name value="CDE Hemoglobin In Blood"/><description value="Dieses CDE enthält den Messparameter 'Hämoglobin in Blut'."/><exampleBoolean value="false"/><groupingId value="-str-profile"/></resource><resource><extension url="http://hl7.org/fhir/StructureDefinition/implementationguide-page"><valueUri value="StructureDefinition-cde-leukocytes-in-blood.html"/></extension><reference><reference value="StructureDefinition/cde-leukocytes-in-blood"/></reference><name value="CDE Leukocytes In Blood"/><description value="Dieses CDE enthält den Messparameter 'Thrombozyten in Blut'."/><exampleBoolean value="false"/><groupingId value="-str-profile"/></resource><resource><extension url="http://hl7.org/fhir/StructureDefinition/implementationguide-page"><valueUri value="StructureDefinition-cde-magnesium-in-serum-or-plasma.html"/></extension><reference><reference value="StructureDefinition/cde-magnesium-in-serum-or-plasma"/></reference><name value="CDE Magnesium In Serum Or Plasma"/><description value="Dieses CDE enthält den Messparameter 'Magnesium in Serum oder Plasma'."/><exampleBoolean value="false"/><groupingId value="-str-profile"/></resource><resource><extension url="http://hl7.org/fhir/StructureDefinition/implementationguide-page"><valueUri value="StructureDefinition-cde-phosphate-in-serum-or-plasma.html"/></extension><reference><reference value="StructureDefinition/cde-phosphate-in-serum-or-plasma"/></reference><name value="CDE Phosphate In Serum Or Plasma"/><description value="Dieses CDE enthält den Messparameter 'Natrium in Serum oder Plasma'."/><exampleBoolean value="false"/><groupingId value="-str-profile"/></resource><resource><extension url="http://hl7.org/fhir/StructureDefinition/implementationguide-page"><valueUri value="StructureDefinition-cde-potassium-in-serum-or-plasma.html"/></extension><reference><reference value="StructureDefinition/cde-potassium-in-serum-or-plasma"/></reference><name value="CDE Potassium In Serum Or Plasma"/><description value="Dieses CDE enthält den Messparameter 'Kalium in Serum oder Plasma'."/><exampleBoolean value="false"/><groupingId value="-str-profile"/></resource><resource><extension url="http://hl7.org/fhir/StructureDefinition/implementationguide-page"><valueUri value="StructureDefinition-cde-sex-assigned-at-birth.html"/></extension><reference><reference value="StructureDefinition/cde-sex-assigned-at-birth"/></reference><name value="CDE Sex Assigned At Birth"/><description value="Dieses CDE enthält das 'bei Geburt zugewiesene Geschlecht' einer Person."/><exampleBoolean value="false"/><groupingId value="-str-profile"/></resource><resource><extension url="http://hl7.org/fhir/StructureDefinition/implementationguide-page"><valueUri value="StructureDefinition-cde-sodium-in-serum-or-plasma.html"/></extension><reference><reference value="StructureDefinition/cde-sodium-in-serum-or-plasma"/></reference><name value="CDE Sodium In Serum Or Plasma"/><description value="Dieses CDE enthält den Messparameter 'Natrium in Serum oder Plasma'."/><exampleBoolean value="false"/><groupingId value="-str-profile"/></resource><resource><extension url="http://hl7.org/fhir/StructureDefinition/implementationguide-page"><valueUri value="StructureDefinition-cde-thrombocytes-in-blood.html"/></extension><reference><reference value="StructureDefinition/cde-thrombocytes-in-blood"/></reference><name value="CDE Thrombocytes In Blood"/><description value="Dieses CDE enthält den Messparameter 'Thrombozyten in Blut'."/><exampleBoolean value="false"/><groupingId value="-str-profile"/></resource><resource><extension url="http://hl7.org/fhir/StructureDefinition/implementationguide-page"><valueUri value="StructureDefinition-cde-tobacco-smoking-status.html"/></extension><reference><reference value="StructureDefinition/cde-tobacco-smoking-status"/></reference><name value="CDE Smoking Status"/><description value="Dieses CDE enthält den Raucherstatus einer Person"/><exampleBoolean value="false"/><groupingId value="-str-profile"/></resource><resource><extension url="http://hl7.org/fhir/StructureDefinition/implementationguide-page"><valueUri value="StructureDefinition-cde-birth-date.html"/></extension><reference><reference value="StructureDefinition/cde-birth-date"/></reference><name value="CDE birth Date"/><description value="Dieses CDE enthält das 'Geburtsdatum'."/><exampleBoolean value="false"/><groupingId value="-str-profile"/></resource><resource><extension url="http://hl7.org/fhir/StructureDefinition/implementationguide-page"><valueUri value="StructureDefinition-cls-l0-activity.html"/></extension><reference><reference value="StructureDefinition/cls-l0-activity"/></reference><name value="CLS L0 Social History"/><description value="Dieses abstrakte Profil beschreibt die Kategorie 'Sozialanamnese'."/><exampleBoolean value="false"/><groupingId value="-str-abstractprofile"/></resource><resource><extension url="http://hl7.org/fhir/StructureDefinition/implementationguide-page"><valueUri value="StructureDefinition-cls-l0-exam.html"/></extension><reference><reference value="StructureDefinition/cls-l0-exam"/></reference><name value="CLS L0 Exam"/><description value="Dieses abstrakte Profil beschreibt die Kategorie 'Körperliche Untersuchung und direkte Beobachtungen durch medizinisches Personal'."/><exampleBoolean value="false"/><groupingId value="-str-abstractprofile"/></resource><resource><extension url="http://hl7.org/fhir/StructureDefinition/implementationguide-page"><valueUri value="StructureDefinition-cls-l0-imaging.html"/></extension><reference><reference value="StructureDefinition/cls-l0-imaging"/></reference><name value="CLS L0 Imaging"/><description value="Dieses abstrakte Profil beschreibt die Kategorie 'Bildgebung und bildgebende Verfahren'."/><exampleBoolean value="false"/><groupingId value="-str-abstractprofile"/></resource><resource><extension url="http://hl7.org/fhir/StructureDefinition/implementationguide-page"><valueUri value="StructureDefinition-cls-l0-laboratory.html"/></extension><reference><reference value="StructureDefinition/cls-l0-laboratory"/></reference><name value="CLS L0 Laboratory"/><description value="Dieses abstrakte Profil beschreibt die Kategorie 'Laboruntersuchungen'."/><exampleBoolean value="false"/><groupingId value="-str-abstractprofile"/></resource><resource><extension url="http://hl7.org/fhir/StructureDefinition/implementationguide-page"><valueUri value="StructureDefinition-cls-l0-procedure.html"/></extension><reference><reference value="StructureDefinition/cls-l0-procedure"/></reference><name value="CLS L0 Procedure"/><description value="Dieses abstrakte Profil beschreibt die Kategorie 'Prozeduren'."/><exampleBoolean value="false"/><groupingId value="-str-abstractprofile"/></resource><resource><extension url="http://hl7.org/fhir/StructureDefinition/implementationguide-page"><valueUri value="StructureDefinition-cls-l0-social-history.html"/></extension><reference><reference value="StructureDefinition/cls-l0-social-history"/></reference><name value="CLS L0 Social History"/><description value="Dieses abstrakte Profil beschreibt die Kategorie 'Sozialanamnese'."/><exampleBoolean value="false"/><groupingId value="-str-abstractprofile"/></resource><resource><extension url="http://hl7.org/fhir/StructureDefinition/implementationguide-page"><valueUri value="StructureDefinition-cls-l0-survey.html"/></extension><reference><reference value="StructureDefinition/cls-l0-survey"/></reference><name value="CLS L0 Survey"/><description value="Dieses abstrakte Profil beschreibt die Kategorie 'Beurteilungs- und Befragungsinstrumente'."/><exampleBoolean value="false"/><groupingId value="-str-abstractprofile"/></resource><resource><extension url="http://hl7.org/fhir/StructureDefinition/implementationguide-page"><valueUri value="StructureDefinition-cls-l0-therapy.html"/></extension><reference><reference value="StructureDefinition/cls-l0-therapy"/></reference><name value="CLS L0 Therapy"/><description value="Dieses abstrakte Profil beschreibt die Kategorie 'nicht-interventionelle Behandlungsprotokolle'."/><exampleBoolean value="false"/><groupingId value="-str-abstractprofile"/></resource><resource><extension url="http://hl7.org/fhir/StructureDefinition/implementationguide-page"><valueUri value="StructureDefinition-cls-l0-vital-signs.html"/></extension><reference><reference value="StructureDefinition/cls-l0-vital-signs"/></reference><name value="CLS L0 Vital Signs"/><description value="Dieses abstrakte Profil beschreibt die Kategorie 'Vitalfunktionen'."/><exampleBoolean value="false"/><groupingId value="-str-abstractprofile"/></resource><resource><extension url="http://hl7.org/fhir/StructureDefinition/implementationguide-page"><valueUri value="StructureDefinition-cls-l1-administrative-information.html"/></extension><reference><reference value="StructureDefinition/cls-l1-administrative-information"/></reference><name value="CLS L1 Administrative Information"/><description value="Dieses abstrakte Profil beschreibt die Kategorie 'Administrative Informationen"/><exampleBoolean value="false"/><groupingId value="-str-abstractprofile"/></resource><resource><extension url="http://hl7.org/fhir/StructureDefinition/implementationguide-page"><valueUri value="StructureDefinition-cls-l1-clinical-chemistry.html"/></extension><reference><reference value="StructureDefinition/cls-l1-clinical-chemistry"/></reference><name value="CLS L1 Clincial Chemistry"/><description value="Dieses abstrakte Profil beschreibt die Kategorie 'Klinische Chemie'."/><exampleBoolean value="false"/><groupingId value="-str-abstractprofile"/></resource><resource><extension url="http://hl7.org/fhir/StructureDefinition/implementationguide-page"><valueUri value="StructureDefinition-cls-l1-clinical-immunology.html"/></extension><reference><reference value="StructureDefinition/cls-l1-clinical-immunology"/></reference><name value="CLS L1 Clincial Immunology"/><description value="Dieses abstrakte Profil beschreibt die Kategorie 'Klinische Immunologie'."/><exampleBoolean value="false"/><groupingId value="-str-abstractprofile"/></resource><resource><extension url="http://hl7.org/fhir/StructureDefinition/implementationguide-page"><valueUri value="StructureDefinition-cls-l1-clinical-microbiology.html"/></extension><reference><reference value="StructureDefinition/cls-l1-clinical-microbiology"/></reference><name value="CLS L1 Clincial Microbiology"/><description value="Dieses abstrakte Profil beschreibt die Kategorie 'Klinische Mikrobiologie'."/><exampleBoolean value="false"/><groupingId value="-str-abstractprofile"/></resource><resource><extension url="http://hl7.org/fhir/StructureDefinition/implementationguide-page"><valueUri value="StructureDefinition-cls-l1-diseases-and-related-health-problems.html"/></extension><reference><reference value="StructureDefinition/cls-l1-diseases-and-related-health-problems"/></reference><name value="CLS L1 Diseases And Related Health Problems"/><description value="Dieses abstrakte Profil beschreibt die Kategorie 'Krankheiten und krankheitsbezogene Probleme."/><exampleBoolean value="false"/><groupingId value="-str-abstractprofile"/></resource><resource><extension url="http://hl7.org/fhir/StructureDefinition/implementationguide-page"><valueUri value="StructureDefinition-cls-l1-health-related-behavior-and-lifestyle.html"/></extension><reference><reference value="StructureDefinition/cls-l1-health-related-behavior-and-lifestyle"/></reference><name value="CLS L1 Heatlh-related Behavior and Lifesytle"/><description value="Dieses abstrakte Profil beschreibt die Kategorie 'Gesundheitsbezogenes Verhalten &amp; Lebensstil'."/><exampleBoolean value="false"/><groupingId value="-str-abstractprofile"/></resource><resource><extension url="http://hl7.org/fhir/StructureDefinition/implementationguide-page"><valueUri value="StructureDefinition-cls-l1-physical-measurements-and-assessment.html"/></extension><reference><reference value="StructureDefinition/cls-l1-physical-measurements-and-assessment"/></reference><name value="CLS L1 Physical Measurements And Assessment"/><description value="Dieses abstrakte Profil beschreibt die Kategorie 'Physikalische Messungen und Bewertungen."/><exampleBoolean value="false"/><groupingId value="-str-abstractprofile"/></resource><resource><extension url="http://hl7.org/fhir/StructureDefinition/implementationguide-page"><valueUri value="StructureDefinition-cls-l1-social-personal-details.html"/></extension><reference><reference value="StructureDefinition/cls-l1-social-personal-details"/></reference><name value="CLS L1 Social Personal Details"/><description value="Dieses abstrakte Profil beschreibt die Kategorie 'Soziale / Persönliche Details'."/><exampleBoolean value="false"/><groupingId value="-str-abstractprofile"/></resource><resource><extension url="http://hl7.org/fhir/StructureDefinition/implementationguide-page"><valueUri value="StructureDefinition-cls-l1-substance-level.html"/></extension><reference><reference value="StructureDefinition/cls-l1-substance-level"/></reference><name value="CLS L1 Substance Level"/><description value="Dieses abstrakte Profil beschreibt die Kategorie 'Substanzspiegel'."/><exampleBoolean value="false"/><groupingId value="-str-abstractprofile"/></resource><resource><extension url="http://hl7.org/fhir/StructureDefinition/implementationguide-page"><valueUri value="StructureDefinition-cls-l2-age-and-birth-date.html"/></extension><reference><reference value="StructureDefinition/cls-l2-age-and-birth-date"/></reference><name value="CLS L2 Age And Birth Date"/><description value="Dieses abstrakte Profil beschreibt die Kategorie 'Alter und Geburtsdatum'."/><exampleBoolean value="false"/><groupingId value="-str-abstractprofile"/></resource><resource><extension url="http://hl7.org/fhir/StructureDefinition/implementationguide-page"><valueUri value="StructureDefinition-cls-l2-gender.html"/></extension><reference><reference value="StructureDefinition/cls-l2-gender"/></reference><name value="CLS L2 Gender"/><description value="Dieses abstrakte Profil beschreibt die Kategorie 'Geschlecht'."/><exampleBoolean value="false"/><groupingId value="-str-abstractprofile"/></resource><resource><extension url="http://hl7.org/fhir/StructureDefinition/implementationguide-page"><valueUri value="StructureDefinition-cls-l2-specimen-type.html"/></extension><reference><reference value="StructureDefinition/cls-l2-specimen-type"/></reference><name value="CLS L2 Specimen"/><description value="Dieses abstrakte Profil beschreibt die Kategorie 'Probentyp'."/><exampleBoolean value="false"/><groupingId value="-str-abstractprofile"/></resource><resource><extension url="http://hl7.org/fhir/StructureDefinition/implementationguide-page"><valueUri value="StructureDefinition-cls-l3-age-at-diagnosis.html"/></extension><reference><reference value="StructureDefinition/cls-l3-age-at-diagnosis"/></reference><name value="CLS L3 Age At Diagnosis"/><description value="Dieses abstrakte Profil beschreibt die Kategorie 'Alter bei Diagnose'"/><exampleBoolean value="false"/><groupingId value="-str-abstractprofile"/></resource><resource><extension url="http://hl7.org/fhir/StructureDefinition/implementationguide-page"><valueUri value="StructureDefinition-cls-l3-blood.html"/></extension><reference><reference value="StructureDefinition/cls-l3-blood"/></reference><name value="CLS L3 Blood"/><description value="Dieses abstrakte Profil beschreibt die Kategorie 'Blut'."/><exampleBoolean value="false"/><groupingId value="-str-abstractprofile"/></resource><resource><extension url="http://hl7.org/fhir/StructureDefinition/implementationguide-page"><valueUri value="StructureDefinition-cls-l3-cerebrospinal-fluid.html"/></extension><reference><reference value="StructureDefinition/cls-l3-cerebrospinal-fluid"/></reference><name value="CLS L3 Cerebrospinal Fluid"/><description value="Dieses abstrakte Profil beschreibt die Kategorie 'Cerebrospinal Flüssigkeit (CSF)'."/><exampleBoolean value="false"/><groupingId value="-str-abstractprofile"/></resource><resource><extension url="http://hl7.org/fhir/StructureDefinition/implementationguide-page"><valueUri value="StructureDefinition-cls-l3-serum-or-plasma.html"/></extension><reference><reference value="StructureDefinition/cls-l3-serum-or-plasma"/></reference><name value="CLS L3 Serum Or Plasma"/><description value="Dieses abstrakte Profil beschreibt die Kategorie 'Serum oder Plasma'."/><exampleBoolean value="false"/><groupingId value="-str-abstractprofile"/></resource><resource><extension url="http://hl7.org/fhir/StructureDefinition/implementationguide-page"><valueUri value="StructureDefinition-cls-l3-urine.html"/></extension><reference><reference value="StructureDefinition/cls-l3-urine"/></reference><name value="CLS L3 Urine"/><description value="Dieses abstrakte Profil beschreibt die Kategorie 'Urin'."/><exampleBoolean value="false"/><groupingId value="-str-abstractprofile"/></resource><resource><extension url="http://hl7.org/fhir/StructureDefinition/implementationguide-page"><valueUri value="StructureDefinition-poi-patient.html"/></extension><reference><reference value="StructureDefinition/poi-patient"/></reference><name value="POI Patient"/><description value="Dieses Profil beschreibt eine Person von Interesse als Patient oder Patientin."/><exampleBoolean value="false"/><groupingId value="-str-profile"/></resource><resource><extension url="http://hl7.org/fhir/StructureDefinition/implementationguide-page"><valueUri value="StructureDefinition-poi-person.html"/></extension><reference><reference value="StructureDefinition/poi-person"/></reference><name value="POI Person"/><description value="Dieses Profil beschreibt eine Person von Interesse als Person."/><exampleBoolean value="false"/><groupingId value="-str-profile"/></resource><resource><extension url="http://hl7.org/fhir/StructureDefinition/implementationguide-page"><valueUri value="StructureDefinition-poi-research-subject.html"/></extension><reference><reference value="StructureDefinition/poi-research-subject"/></reference><name value="POI Research Subject"/><description value="Dieses Profil beschreibt eine Person von Interesse als Proband oder Probandin."/><exampleBoolean value="false"/><groupingId value="-str-profile"/></resource><resource><extension url="http://hl7.org/fhir/StructureDefinition/implementationguide-page"><valueUri value="ValueSet-vs-administrative-gender.html"/></extension><reference><reference value="ValueSet/vs-administrative-gender"/></reference><name value="VS AdministrativeGender"/><description value="Dieses ValueSet enthält Codes für das administrative Geschlecht."/><exampleBoolean value="false"/><groupingId value="-term-valueset"/></resource><resource><extension url="http://hl7.org/fhir/StructureDefinition/implementationguide-page"><valueUri value="ValueSet-vs-binary-decision-yes-or-no-as-snomed.html"/></extension><reference><reference value="ValueSet/vs-binary-decision-yes-or-no-as-snomed"/></reference><name value="VS Binary Decision Yes Or No as Snomed"/><description value="Dieses ValueSet enthält Snomed-Codes für Ja oder Nein."/><exampleBoolean value="false"/><groupingId value="-term-valueset"/></resource><resource><extension url="http://hl7.org/fhir/StructureDefinition/implementationguide-page"><valueUri value="ValueSet-vs-binary-gender-as-snomed.html"/></extension><reference><reference value="ValueSet/vs-binary-gender-as-snomed"/></reference><name value="VS Binary Gender as Snomed"/><description value="Dieses ValueSet enthält Snomed-Codes für Männlich und Weiblich."/><exampleBoolean value="false"/><groupingId value="-term-valueset"/></resource><resource><extension url="http://hl7.org/fhir/StructureDefinition/implementationguide-page"><valueUri value="ValueSet-vs-glasgow-coma-scale-for-adults.html"/></extension><reference><reference value="ValueSet/vs-glasgow-coma-scale-for-adults"/></reference><name value="VS Glasgow Coma Scale For Adults"/><description value="Dieses ValueSet enthält LOINC-Codes für den Glasgow Coma Scale (GCS) für Erwachsene"/><exampleBoolean value="false"/><groupingId value="-term-valueset"/></resource><resource><extension url="http://hl7.org/fhir/StructureDefinition/implementationguide-page"><valueUri value="ValueSet-vs-length-units.html"/></extension><reference><reference value="ValueSet/vs-length-units"/></reference><name value="VS Length Units"/><description value="UCUM Codes für 'Länge'"/><exampleBoolean value="false"/><groupingId value="-term-valueset"/></resource><resource><extension url="http://hl7.org/fhir/StructureDefinition/implementationguide-page"><valueUri value="ValueSet-vs-mass-concentration-units.html"/></extension><reference><reference value="ValueSet/vs-mass-concentration-units"/></reference><name value="VS Mass Concentration Units"/><description value="UCUM Codes für Massenkonzentration"/><exampleBoolean value="false"/><groupingId value="-term-valueset"/></resource><resource><extension url="http://hl7.org/fhir/StructureDefinition/implementationguide-page"><valueUri value="ValueSet-vs-mass-units.html"/></extension><reference><reference value="ValueSet/vs-mass-units"/></reference><name value="VS Mass Units"/><description value="UCUM Codes für 'Masse'"/><exampleBoolean value="false"/><groupingId value="-term-valueset"/></resource><resource><extension url="http://hl7.org/fhir/StructureDefinition/implementationguide-page"><valueUri value="ValueSet-vs-missing-values-as-snomed.html"/></extension><reference><reference value="ValueSet/vs-missing-values-as-snomed"/></reference><name value="VS Missing Values As Snomed"/><description value="Dieses ValueSet enthält Snomed-Codes für fehlende Werte."/><exampleBoolean value="false"/><groupingId value="-term-valueset"/></resource><resource><extension url="http://hl7.org/fhir/StructureDefinition/implementationguide-page"><valueUri value="ValueSet-vs-molar-concentration-units.html"/></extension><reference><reference value="ValueSet/vs-molar-concentration-units"/></reference><name value="VS Molar Concentration Units"/><description value="UCUM Codes für Stoffmengenkonzentration"/><exampleBoolean value="false"/><groupingId value="-term-valueset"/></resource><resource><extension url="http://hl7.org/fhir/StructureDefinition/implementationguide-page"><valueUri value="ValueSet-vs-number-concentration-units.html"/></extension><reference><reference value="ValueSet/vs-number-concentration-units"/></reference><name value="VS Number Concentration Units"/><description value="UCUM Codes für 'Anzahl pro Volumen'."/><exampleBoolean value="false"/><groupingId value="-term-valueset"/></resource><resource><extension url="http://hl7.org/fhir/StructureDefinition/implementationguide-page"><valueUri value="ValueSet-vs-smoking-status-as-snomed.html"/></extension><reference><reference value="ValueSet/vs-smoking-status-as-snomed"/></reference><name value="VS Smoking Status as Loinc"/><description value="Dieses ValueSet enthält Snomed-Codes für den Raucherstatus."/><exampleBoolean value="false"/><groupingId value="-term-valueset"/></resource><resource><extension url="http://hl7.org/fhir/StructureDefinition/implementationguide-page"><valueUri value="ValueSet-vs-specimen-types.html"/></extension><reference><reference value="ValueSet/vs-specimen-types"/></reference><name value="VS Specimen Types"/><description value="LOINC Codes für 'Probenmaterial'"/><exampleBoolean value="false"/><groupingId value="-term-valueset"/></resource><resource><extension url="http://hl7.org/fhir/StructureDefinition/implementationguide-page"><valueUri value="ValueSet-vs-time-units.html"/></extension><reference><reference value="ValueSet/vs-time-units"/></reference><name value="VS Time Units"/><description value="UCUM Codes für 'Zeit'"/><exampleBoolean value="false"/><groupingId value="-term-valueset"/></resource><resource><extension url="http://hl7.org/fhir/StructureDefinition/implementationguide-page"><valueUri value="ValueSet-vs-unity-units.html"/></extension><reference><reference value="ValueSet/vs-unity-units"/></reference><name value="VS Unity Units"/><description value="UCUM Codes für Gesamtheit (auch 'Eins-Element')."/><exampleBoolean value="false"/><groupingId value="-term-valueset"/></resource><resource><extension url="http://hl7.org/fhir/StructureDefinition/implementationguide-page"><valueUri value="CodeSystem-cs-fake.html"/></extension><reference><reference value="CodeSystem/cs-fake"/></reference><name value="CodeSystem fake"/><description value="A fake code system"/><exampleBoolean value="false"/><groupingId value="-term-codesystem"/></resource><resource><extension url="http://hl7.org/fhir/StructureDefinition/implementationguide-page"><valueUri value="StructureDefinition-MyLogical.html"/></extension><reference><reference value="StructureDefinition/MyLogical"/></reference><name value="My Logical Model"/><description value="A profile showing the use of Logical Models to author profiles"/><exampleBoolean value="false"/><groupingId value="-str-logicalmodel"/></resource><resource><extension url="http://hl7.org/fhir/StructureDefinition/implementationguide-page"><valueUri value="StructureDefinition-myObservation.html"/></extension><reference><reference value="StructureDefinition/myObservation"/></reference><name value="My Observation Profile"/><description value="A profile showing the use of XML to author profiles"/><exampleBoolean value="false"/><groupingId value="-str-profile"/></resource><resource><extension url="http://hl7.org/fhir/StructureDefinition/implementationguide-page"><valueUri value="ValueSet-valueset-fake.html"/></extension><reference><reference value="ValueSet/valueset-fake"/></reference><name value="ValueSet fake"/><description value="A fake value"/><exampleBoolean value="false"/><groupingId value="-term-valueset"/></resource><resource><extension url="http://hl7.org/fhir/StructureDefinition/implementationguide-page"><valueUri value="ValueSet-valueset-no-codesystem.html"/></extension><reference><reference value="ValueSet/valueset-no-codesystem"/></reference><name value="ValueSet with no code-system"/><description value="A sample value set where there's no known code system"/><exampleBoolean value="false"/><groupingId value="-term-valueset"/></resource><resource><extension url="http://hl7.org/fhir/StructureDefinition/implementationguide-page"><valueUri value="Observation-example.html"/></extension><reference><reference value="Observation/example"/></reference><name value="example"/><exampleCanonical value="http://somewhere.org/fhir/uv/myig/StructureDefinition/myObservation"/><groupingId value="-ex-example"/></resource><resource><extension url="http://hl7.org/fhir/StructureDefinition/implementationguide-page"><valueUri value="Patient-example.html"/></extension><reference><reference value="Patient/example"/></reference><name value="example"/><exampleBoolean value="true"/><groupingId value="-ex-example"/></resource><resource><reference><reference value="Bundle/h1"/></reference></resource><resource><extension url="http://hl7.org/fhir/StructureDefinition/implementationguide-page"><valueUri value="StructureDefinition-ext-myExtension.html"/></extension><reference><reference value="StructureDefinition/ext-myExtension"/></reference><name value="MyExtension"/><description value="What this extension means."/><groupingId value="-str-extension"/></resource><resource><extension url="http://hl7.org/fhir/StructureDefinition/implementationguide-page"><valueUri value="StructureDefinition-mypatient.html"/></extension><reference><reference value="StructureDefinition/mypatient"/></reference><name value="MyPatientName"/><description value="This will be the description for the patient profile within the profile page"/><groupingId value="-str-profile"/></resource><resource><extension url="http://hl7.org/fhir/StructureDefinition/implementationguide-page"><valueUri value="StructureDefinition-mypractitioner.html"/></extension><reference><reference value="StructureDefinition/mypractitioner"/></reference><name value="MyPractitionerName"/><description value="Description for the profile page"/><groupingId value="-str-profile"/></resource><page><extension url="http://hl7.org/fhir/tools/StructureDefinition/ig-page-name"><valueUrl value="toc.html"/></extension><nameUrl value="toc.html"/><title value="Table of Contents"/><generation value="html"/><page><extension url="http://hl7.org/fhir/tools/StructureDefinition/ig-page-name"><valueUrl value="index.html"/></extension><nameUrl value="index.html"/><title value="Home"/><generation value="html"/></page><page><extension url="http://hl7.org/fhir/tools/StructureDefinition/ig-page-name"><valueUrl value="background.html"/></extension><nameUrl value="background.html"/><title value="Background"/><generation value="html"/></page><page><extension url="http://hl7.org/fhir/tools/StructureDefinition/ig-page-name"><valueUrl value="changes.html"/></extension><nameUrl value="changes.html"/><title value="Changes"/><generation value="html"/></page><page><extension url="http://hl7.org/fhir/tools/StructureDefinition/ig-page-name"><valueUrl value="downloads.html"/></extension><nameUrl value="downloads.html"/><title value="Downloads"/><generation value="html"/></page><page><extension url="http://hl7.org/fhir/tools/StructureDefinition/ig-page-name"><valueUrl value="spec.html"/></extension><nameUrl value="spec.html"/><title value="Spec"/><generation value="markdown"/></page><page><extension url="http://hl7.org/fhir/tools/StructureDefinition/ig-page-name"><valueUrl value="spec2.html"/></extension><nameUrl value="spec2.html"/><title value="Spec 2"/><generation value="markdown"/></page><page><extension url="http://hl7.org/fhir/tools/StructureDefinition/ig-page-name"><valueUrl value="StructureDefinition-ext-myExtension-note.html"/></extension><nameUrl value="StructureDefinition-ext-myExtension-note.html"/><title value="Structure Definition Ext My Extension Note"/><generation value="markdown"/></page><page><extension url="http://hl7.org/fhir/tools/StructureDefinition/ig-page-name"><valueUrl value="artifacts.html"/></extension><nameUrl value="artifacts.html"/><title value="Artifacts Summary"/><generation value="html"/><page><extension url="http://hl7.org/fhir/tools/StructureDefinition/ig-page-name"><valueUrl value="StructureDefinition-MyLogical.html"/></extension><nameUrl value="StructureDefinition-MyLogical.html"/><title value="My Logical Model"/><generation value="generated"/></page><page><extension url="http://hl7.org/fhir/tools/StructureDefinition/ig-page-name"><valueUrl value="StructureDefinition-cls-l0-activity.html"/></extension><nameUrl value="StructureDefinition-cls-l0-activity.html"/><title value="CLS L0 Social History"/><generation value="generated"/></page><page><extension url="http://hl7.org/fhir/tools/StructureDefinition/ig-page-name"><valueUrl value="StructureDefinition-cls-l0-exam.html"/></extension><nameUrl value="StructureDefinition-cls-l0-exam.html"/><title value="CLS L0 Exam"/><generation value="generated"/></page><page><extension url="http://hl7.org/fhir/tools/StructureDefinition/ig-page-name"><valueUrl value="StructureDefinition-cls-l0-imaging.html"/></extension><nameUrl value="StructureDefinition-cls-l0-imaging.html"/><title value="CLS L0 Imaging"/><generation value="generated"/></page><page><extension url="http://hl7.org/fhir/tools/StructureDefinition/ig-page-name"><valueUrl value="StructureDefinition-cls-l0-laboratory.html"/></extension><nameUrl value="StructureDefinition-cls-l0-laboratory.html"/><title value="CLS L0 Laboratory"/><generation value="generated"/></page><page><extension url="http://hl7.org/fhir/tools/StructureDefinition/ig-page-name"><valueUrl value="StructureDefinition-cls-l0-procedure.html"/></extension><nameUrl value="StructureDefinition-cls-l0-procedure.html"/><title value="CLS L0 Procedure"/><generation value="generated"/></page><page><extension url="http://hl7.org/fhir/tools/StructureDefinition/ig-page-name"><valueUrl value="StructureDefinition-cls-l0-social-history.html"/></extension><nameUrl value="StructureDefinition-cls-l0-social-history.html"/><title value="CLS L0 Social History"/><generation value="generated"/></page><page><extension url="http://hl7.org/fhir/tools/StructureDefinition/ig-page-name"><valueUrl value="StructureDefinition-cls-l0-survey.html"/></extension><nameUrl value="StructureDefinition-cls-l0-survey.html"/><title value="CLS L0 Survey"/><generation value="generated"/></page><page><extension url="http://hl7.org/fhir/tools/StructureDefinition/ig-page-name"><valueUrl value="StructureDefinition-cls-l0-therapy.html"/></extension><nameUrl value="StructureDefinition-cls-l0-therapy.html"/><title value="CLS L0 Therapy"/><generation value="generated"/></page><page><extension url="http://hl7.org/fhir/tools/StructureDefinition/ig-page-name"><valueUrl value="StructureDefinition-cls-l0-vital-signs.html"/></extension><nameUrl value="StructureDefinition-cls-l0-vital-signs.html"/><title value="CLS L0 Vital Signs"/><generation value="generated"/></page><page><extension url="http://hl7.org/fhir/tools/StructureDefinition/ig-page-name"><valueUrl value="StructureDefinition-cls-l1-administrative-information.html"/></extension><nameUrl value="StructureDefinition-cls-l1-administrative-information.html"/><title value="CLS L1 Administrative Information"/><generation value="generated"/></page><page><extension url="http://hl7.org/fhir/tools/StructureDefinition/ig-page-name"><valueUrl value="StructureDefinition-cls-l1-clinical-chemistry.html"/></extension><nameUrl value="StructureDefinition-cls-l1-clinical-chemistry.html"/><title value="CLS L1 Clincial Chemistry"/><generation value="generated"/></page><page><extension url="http://hl7.org/fhir/tools/StructureDefinition/ig-page-name"><valueUrl value="StructureDefinition-cls-l1-clinical-immunology.html"/></extension><nameUrl value="StructureDefinition-cls-l1-clinical-immunology.html"/><title value="CLS L1 Clincial Immunology"/><generation value="generated"/></page><page><extension url="http://hl7.org/fhir/tools/StructureDefinition/ig-page-name"><valueUrl value="StructureDefinition-cls-l1-clinical-microbiology.html"/></extension><nameUrl value="StructureDefinition-cls-l1-clinical-microbiology.html"/><title value="CLS L1 Clincial Microbiology"/><generation value="generated"/></page><page><extension url="http://hl7.org/fhir/tools/StructureDefinition/ig-page-name"><valueUrl value="StructureDefinition-cls-l1-diseases-and-related-health-problems.html"/></extension><nameUrl value="StructureDefinition-cls-l1-diseases-and-related-health-problems.html"/><title value="CLS L1 Diseases And Related Health Problems"/><generation value="generated"/></page><page><extension url="http://hl7.org/fhir/tools/StructureDefinition/ig-page-name"><valueUrl value="StructureDefinition-cls-l1-health-related-behavior-and-lifestyle.html"/></extension><nameUrl value="StructureDefinition-cls-l1-health-related-behavior-and-lifestyle.html"/><title value="CLS L1 Heatlh-related Behavior and Lifesytle"/><generation value="generated"/></page><page><extension url="http://hl7.org/fhir/tools/StructureDefinition/ig-page-name"><valueUrl value="StructureDefinition-cls-l1-physical-measurements-and-assessment.html"/></extension><nameUrl value="StructureDefinition-cls-l1-physical-measurements-and-assessment.html"/><title value="CLS L1 Physical Measurements And Assessment"/><generation value="generated"/></page><page><extension url="http://hl7.org/fhir/tools/StructureDefinition/ig-page-name"><valueUrl value="StructureDefinition-cls-l1-social-personal-details.html"/></extension><nameUrl value="StructureDefinition-cls-l1-social-personal-details.html"/><title value="CLS L1 Social Personal Details"/><generation value="generated"/></page><page><extension url="http://hl7.org/fhir/tools/StructureDefinition/ig-page-name"><valueUrl value="StructureDefinition-cls-l1-substance-level.html"/></extension><nameUrl value="StructureDefinition-cls-l1-substance-level.html"/><title value="CLS L1 Substance Level"/><generation value="generated"/></page><page><extension url="http://hl7.org/fhir/tools/StructureDefinition/ig-page-name"><valueUrl value="StructureDefinition-cls-l2-age-and-birth-date.html"/></extension><nameUrl value="StructureDefinition-cls-l2-age-and-birth-date.html"/><title value="CLS L2 Age And Birth Date"/><generation value="generated"/></page><page><extension url="http://hl7.org/fhir/tools/StructureDefinition/ig-page-name"><valueUrl value="StructureDefinition-cls-l2-gender.html"/></extension><nameUrl value="StructureDefinition-cls-l2-gender.html"/><title value="CLS L2 Gender"/><generation value="generated"/></page><page><extension url="http://hl7.org/fhir/tools/StructureDefinition/ig-page-name"><valueUrl value="StructureDefinition-cls-l2-specimen-type.html"/></extension><nameUrl value="StructureDefinition-cls-l2-specimen-type.html"/><title value="CLS L2 Specimen"/><generation value="generated"/></page><page><extension url="http://hl7.org/fhir/tools/StructureDefinition/ig-page-name"><valueUrl value="StructureDefinition-cls-l3-age-at-diagnosis.html"/></extension><nameUrl value="StructureDefinition-cls-l3-age-at-diagnosis.html"/><title value="CLS L3 Age At Diagnosis"/><generation value="generated"/></page><page><extension url="http://hl7.org/fhir/tools/StructureDefinition/ig-page-name"><valueUrl value="StructureDefinition-cls-l3-blood.html"/></extension><nameUrl value="StructureDefinition-cls-l3-blood.html"/><title value="CLS L3 Blood"/><generation value="generated"/></page><page><extension url="http://hl7.org/fhir/tools/StructureDefinition/ig-page-name"><valueUrl value="StructureDefinition-cls-l3-cerebrospinal-fluid.html"/></extension><nameUrl value="StructureDefinition-cls-l3-cerebrospinal-fluid.html"/><title value="CLS L3 Cerebrospinal Fluid"/><generation value="generated"/></page><page><extension url="http://hl7.org/fhir/tools/StructureDefinition/ig-page-name"><valueUrl value="StructureDefinition-cls-l3-serum-or-plasma.html"/></extension><nameUrl value="StructureDefinition-cls-l3-serum-or-plasma.html"/><title value="CLS L3 Serum Or Plasma"/><generation value="generated"/></page><page><extension url="http://hl7.org/fhir/tools/StructureDefinition/ig-page-name"><valueUrl value="StructureDefinition-cls-l3-urine.html"/></extension><nameUrl value="StructureDefinition-cls-l3-urine.html"/><title value="CLS L3 Urine"/><generation value="generated"/></page><page><extension url="http://hl7.org/fhir/tools/StructureDefinition/ig-page-name"><valueUrl value="StructureDefinition-cde-age.html"/></extension><nameUrl value="StructureDefinition-cde-age.html"/><title value="CDE Age"/><generation value="generated"/></page><page><extension url="http://hl7.org/fhir/tools/StructureDefinition/ig-page-name"><valueUrl value="StructureDefinition-cde-age-at-diagnosis-of-essential-hypertension.html"/></extension><nameUrl value="StructureDefinition-cde-age-at-diagnosis-of-essential-hypertension.html"/><title value="CDE age at diagnosis of essential hypertension"/><generation value="generated"/></page><page><extension url="http://hl7.org/fhir/tools/StructureDefinition/ig-page-name"><valueUrl value="StructureDefinition-cde-age-at-stopped-smoking.html"/></extension><nameUrl value="StructureDefinition-cde-age-at-stopped-smoking.html"/><title value="CDE Age At Stopped Smoking"/><generation value="generated"/></page><page><extension url="http://hl7.org/fhir/tools/StructureDefinition/ig-page-name"><valueUrl value="StructureDefinition-cde-body-height.html"/></extension><nameUrl value="StructureDefinition-cde-body-height.html"/><title value="CDE Body Height"/><generation value="generated"/></page><page><extension url="http://hl7.org/fhir/tools/StructureDefinition/ig-page-name"><valueUrl value="StructureDefinition-cde-body-mass-index.html"/></extension><nameUrl value="StructureDefinition-cde-body-mass-index.html"/><title value="CDE Body Mass Index"/><generation value="generated"/></page><page><extension url="http://hl7.org/fhir/tools/StructureDefinition/ig-page-name"><valueUrl value="StructureDefinition-cde-body-weight.html"/></extension><nameUrl value="StructureDefinition-cde-body-weight.html"/><title value="CDE Body Weight"/><generation value="generated"/></page><page><extension url="http://hl7.org/fhir/tools/StructureDefinition/ig-page-name"><valueUrl value="StructureDefinition-cde-calcium-in-serum-or-plasma.html"/></extension><nameUrl value="StructureDefinition-cde-calcium-in-serum-or-plasma.html"/><title value="CDE Calcium In Serum Or Plasma"/><generation value="generated"/></page><page><extension url="http://hl7.org/fhir/tools/StructureDefinition/ig-page-name"><valueUrl value="StructureDefinition-cde-chloride-in-serum-or-plasma.html"/></extension><nameUrl value="StructureDefinition-cde-chloride-in-serum-or-plasma.html"/><title value="CDE Chloride In Serum Or Plasma"/><generation value="generated"/></page><page><extension url="http://hl7.org/fhir/tools/StructureDefinition/ig-page-name"><valueUrl value="StructureDefinition-cde-creatinine-in-ser-or-plas.html"/></extension><nameUrl value="StructureDefinition-cde-creatinine-in-ser-or-plas.html"/><title value="CDE Creatinine In Serum Or Plasma"/><generation value="generated"/></page><page><extension url="http://hl7.org/fhir/tools/StructureDefinition/ig-page-name"><valueUrl value="StructureDefinition-cde-current-age-calculated.html"/></extension><nameUrl value="StructureDefinition-cde-current-age-calculated.html"/><title value="CDE Current Age Calculated"/><generation value="generated"/></page><page><extension url="http://hl7.org/fhir/tools/StructureDefinition/ig-page-name"><valueUrl value="StructureDefinition-cde-current-age-reported.html"/></extension><nameUrl value="StructureDefinition-cde-current-age-reported.html"/><title value="CDE Current Age Reported"/><generation value="generated"/></page><page><extension url="http://hl7.org/fhir/tools/StructureDefinition/ig-page-name"><valueUrl value="StructureDefinition-cde-date-of-birth.html"/></extension><nameUrl value="StructureDefinition-cde-date-of-birth.html"/><title value="CDE Date Of Birth"/><generation value="generated"/></page><page><extension url="http://hl7.org/fhir/tools/StructureDefinition/ig-page-name"><valueUrl value="StructureDefinition-cde-erythrocytes-in-blood.html"/></extension><nameUrl value="StructureDefinition-cde-erythrocytes-in-blood.html"/><title value="CDE Erythrocytes In Blood"/><generation value="generated"/></page><page><extension url="http://hl7.org/fhir/tools/StructureDefinition/ig-page-name"><valueUrl value="StructureDefinition-generic-observation.html"/></extension><nameUrl value="StructureDefinition-generic-observation.html"/><title value="Generic Observation"/><generation value="generated"/></page><page><extension url="http://hl7.org/fhir/tools/StructureDefinition/ig-page-name"><valueUrl value="StructureDefinition-cde-glasgow-coma-score.html"/></extension><nameUrl value="StructureDefinition-cde-glasgow-coma-score.html"/><title value="CDE Glasgow Coma Score"/><generation value="generated"/></page><page><extension url="http://hl7.org/fhir/tools/StructureDefinition/ig-page-name"><valueUrl value="StructureDefinition-cde-glucose-in-serum-or-plasma.html"/></extension><nameUrl value="StructureDefinition-cde-glucose-in-serum-or-plasma.html"/><title value="CDE Glucose In Serum Or Plasma"/><generation value="generated"/></page><page><extension url="http://hl7.org/fhir/tools/StructureDefinition/ig-page-name"><valueUrl value="StructureDefinition-cde-hematocrit-of-blood.html"/></extension><nameUrl value="StructureDefinition-cde-hematocrit-of-blood.html"/><title value="CDE Hematocrit Of Blood"/><generation value="generated"/></page><page><extension url="http://hl7.org/fhir/tools/StructureDefinition/ig-page-name"><valueUrl value="StructureDefinition-cde-hemoglobin-in-blood.html"/></extension><nameUrl value="StructureDefinition-cde-hemoglobin-in-blood.html"/><title value="CDE Hemoglobin In Blood"/><generation value="generated"/></page><page><extension url="http://hl7.org/fhir/tools/StructureDefinition/ig-page-name"><valueUrl value="StructureDefinition-cde-leukocytes-in-blood.html"/></extension><nameUrl value="StructureDefinition-cde-leukocytes-in-blood.html"/><title value="CDE Leukocytes In Blood"/><generation value="generated"/></page><page><extension url="http://hl7.org/fhir/tools/StructureDefinition/ig-page-name"><valueUrl value="StructureDefinition-cde-magnesium-in-serum-or-plasma.html"/></extension><nameUrl value="StructureDefinition-cde-magnesium-in-serum-or-plasma.html"/><title value="CDE Magnesium In Serum Or Plasma"/><generation value="generated"/></page><page><extension url="http://hl7.org/fhir/tools/StructureDefinition/ig-page-name"><valueUrl value="StructureDefinition-cde-phosphate-in-serum-or-plasma.html"/></extension><nameUrl value="StructureDefinition-cde-phosphate-in-serum-or-plasma.html"/><title value="CDE Phosphate In Serum Or Plasma"/><generation value="generated"/></page><page><extension url="http://hl7.org/fhir/tools/StructureDefinition/ig-page-name"><valueUrl value="StructureDefinition-cde-potassium-in-serum-or-plasma.html"/></extension><nameUrl value="StructureDefinition-cde-potassium-in-serum-or-plasma.html"/><title value="CDE Potassium In Serum Or Plasma"/><generation value="generated"/></page><page><extension url="http://hl7.org/fhir/tools/StructureDefinition/ig-page-name"><valueUrl value="StructureDefinition-cde-sex-assigned-at-birth.html"/></extension><nameUrl value="StructureDefinition-cde-sex-assigned-at-birth.html"/><title value="CDE Sex Assigned At Birth"/><generation value="generated"/></page><page><extension url="http://hl7.org/fhir/tools/StructureDefinition/ig-page-name"><valueUrl value="StructureDefinition-cde-sodium-in-serum-or-plasma.html"/></extension><nameUrl value="StructureDefinition-cde-sodium-in-serum-or-plasma.html"/><title value="CDE Sodium In Serum Or Plasma"/><generation value="generated"/></page><page><extension url="http://hl7.org/fhir/tools/StructureDefinition/ig-page-name"><valueUrl value="StructureDefinition-cde-thrombocytes-in-blood.html"/></extension><nameUrl value="StructureDefinition-cde-thrombocytes-in-blood.html"/><title value="CDE Thrombocytes In Blood"/><generation value="generated"/></page><page><extension url="http://hl7.org/fhir/tools/StructureDefinition/ig-page-name"><valueUrl value="StructureDefinition-cde-tobacco-smoking-status.html"/></extension><nameUrl value="StructureDefinition-cde-tobacco-smoking-status.html"/><title value="CDE Smoking Status"/><generation value="generated"/></page><page><extension url="http://hl7.org/fhir/tools/StructureDefinition/ig-page-name"><valueUrl value="StructureDefinition-cde-birth-date.html"/></extension><nameUrl value="StructureDefinition-cde-birth-date.html"/><title value="CDE birth Date"/><generation value="generated"/></page><page><extension url="http://hl7.org/fhir/tools/StructureDefinition/ig-page-name"><valueUrl value="StructureDefinition-poi-patient.html"/></extension><nameUrl value="StructureDefinition-poi-patient.html"/><title value="POI Patient"/><generation value="generated"/></page><page><extension url="http://hl7.org/fhir/tools/StructureDefinition/ig-page-name"><valueUrl value="StructureDefinition-poi-person.html"/></extension><nameUrl value="StructureDefinition-poi-person.html"/><title value="POI Person"/><generation value="generated"/></page><page><extension url="http://hl7.org/fhir/tools/StructureDefinition/ig-page-name"><valueUrl value="StructureDefinition-poi-research-subject.html"/></extension><nameUrl value="StructureDefinition-poi-research-subject.html"/><title value="POI Research Subject"/><generation value="generated"/></page><page><extension url="http://hl7.org/fhir/tools/StructureDefinition/ig-page-name"><valueUrl value="StructureDefinition-myObservation.html"/></extension><nameUrl value="StructureDefinition-myObservation.html"/><title value="My Observation Profile"/><generation value="generated"/></page><page><extension url="http://hl7.org/fhir/tools/StructureDefinition/ig-page-name"><valueUrl value="StructureDefinition-mypatient.html"/></extension><nameUrl value="StructureDefinition-mypatient.html"/><title value="MyPatientName"/><generation value="generated"/></page><page><extension url="http://hl7.org/fhir/tools/StructureDefinition/ig-page-name"><valueUrl value="StructureDefinition-mypractitioner.html"/></extension><nameUrl value="StructureDefinition-mypractitioner.html"/><title value="MyPractitionerName"/><generation value="generated"/></page><page><extension url="http://hl7.org/fhir/tools/StructureDefinition/ig-page-name"><valueUrl value="StructureDefinition-ext-myExtension.html"/></extension><nameUrl value="StructureDefinition-ext-myExtension.html"/><title value="MyExtension"/><generation value="generated"/></page><page><extension url="http://hl7.org/fhir/tools/StructureDefinition/ig-page-name"><valueUrl value="ValueSet-vs-administrative-gender.html"/></extension><nameUrl value="ValueSet-vs-administrative-gender.html"/><title value="VS AdministrativeGender"/><generation value="generated"/></page><page><extension url="http://hl7.org/fhir/tools/StructureDefinition/ig-page-name"><valueUrl value="ValueSet-vs-binary-decision-yes-or-no-as-snomed.html"/></extension><nameUrl value="ValueSet-vs-binary-decision-yes-or-no-as-snomed.html"/><title value="VS Binary Decision Yes Or No as Snomed"/><generation value="generated"/></page><page><extension url="http://hl7.org/fhir/tools/StructureDefinition/ig-page-name"><valueUrl value="ValueSet-vs-binary-gender-as-snomed.html"/></extension><nameUrl value="ValueSet-vs-binary-gender-as-snomed.html"/><title value="VS Binary Gender as Snomed"/><generation value="generated"/></page><page><extension url="http://hl7.org/fhir/tools/StructureDefinition/ig-page-name"><valueUrl value="ValueSet-vs-glasgow-coma-scale-for-adults.html"/></extension><nameUrl value="ValueSet-vs-glasgow-coma-scale-for-adults.html"/><title value="VS Glasgow Coma Scale For Adults"/><generation value="generated"/></page><page><extension url="http://hl7.org/fhir/tools/StructureDefinition/ig-page-name"><valueUrl value="ValueSet-vs-length-units.html"/></extension><nameUrl value="ValueSet-vs-length-units.html"/><title value="VS Length Units"/><generation value="generated"/></page><page><extension url="http://hl7.org/fhir/tools/StructureDefinition/ig-page-name"><valueUrl value="ValueSet-vs-mass-concentration-units.html"/></extension><nameUrl value="ValueSet-vs-mass-concentration-units.html"/><title value="VS Mass Concentration Units"/><generation value="generated"/></page><page><extension url="http://hl7.org/fhir/tools/StructureDefinition/ig-page-name"><valueUrl value="ValueSet-vs-mass-units.html"/></extension><nameUrl value="ValueSet-vs-mass-units.html"/><title value="VS Mass Units"/><generation value="generated"/></page><page><extension url="http://hl7.org/fhir/tools/StructureDefinition/ig-page-name"><valueUrl value="ValueSet-vs-missing-values-as-snomed.html"/></extension><nameUrl value="ValueSet-vs-missing-values-as-snomed.html"/><title value="VS Missing Values As Snomed"/><generation value="generated"/></page><page><extension url="http://hl7.org/fhir/tools/StructureDefinition/ig-page-name"><valueUrl value="ValueSet-vs-molar-concentration-units.html"/></extension><nameUrl value="ValueSet-vs-molar-concentration-units.html"/><title value="VS Molar Concentration Units"/><generation value="generated"/></page><page><extension url="http://hl7.org/fhir/tools/StructureDefinition/ig-page-name"><valueUrl value="ValueSet-vs-number-concentration-units.html"/></extension><nameUrl value="ValueSet-vs-number-concentration-units.html"/><title value="VS Number Concentration Units"/><generation value="generated"/></page><page><extension url="http://hl7.org/fhir/tools/StructureDefinition/ig-page-name"><valueUrl value="ValueSet-vs-smoking-status-as-snomed.html"/></extension><nameUrl value="ValueSet-vs-smoking-status-as-snomed.html"/><title value="VS Smoking Status as Loinc"/><generation value="generated"/></page><page><extension url="http://hl7.org/fhir/tools/StructureDefinition/ig-page-name"><valueUrl value="ValueSet-vs-specimen-types.html"/></extension><nameUrl value="ValueSet-vs-specimen-types.html"/><title value="VS Specimen Types"/><generation value="generated"/></page><page><extension url="http://hl7.org/fhir/tools/StructureDefinition/ig-page-name"><valueUrl value="ValueSet-vs-time-units.html"/></extension><nameUrl value="ValueSet-vs-time-units.html"/><title value="VS Time Units"/><generation value="generated"/></page><page><extension url="http://hl7.org/fhir/tools/StructureDefinition/ig-page-name"><valueUrl value="ValueSet-vs-unity-units.html"/></extension><nameUrl value="ValueSet-vs-unity-units.html"/><title value="VS Unity Units"/><generation value="generated"/></page><page><extension url="http://hl7.org/fhir/tools/StructureDefinition/ig-page-name"><valueUrl value="ValueSet-valueset-fake.html"/></extension><nameUrl value="ValueSet-valueset-fake.html"/><title value="ValueSet fake"/><generation value="generated"/></page><page><extension url="http://hl7.org/fhir/tools/StructureDefinition/ig-page-name"><valueUrl value="ValueSet-valueset-no-codesystem.html"/></extension><nameUrl value="ValueSet-valueset-no-codesystem.html"/><title value="ValueSet with no code-system"/><generation value="generated"/></page><page><extension url="http://hl7.org/fhir/tools/StructureDefinition/ig-page-name"><valueUrl value="CodeSystem-cs-fake.html"/></extension><nameUrl value="CodeSystem-cs-fake.html"/><title value="CodeSystem fake"/><generation value="generated"/></page><page><extension url="http://hl7.org/fhir/tools/StructureDefinition/ig-page-name"><valueUrl value="Observation-example.html"/></extension><nameUrl value="Observation-example.html"/><title value="example"/><generation value="generated"/></page><page><extension url="http://hl7.org/fhir/tools/StructureDefinition/ig-page-name"><valueUrl value="Patient-example.html"/></extension><nameUrl value="Patient-example.html"/><title value="example"/><generation value="generated"/></page></page></page><parameter><code value="path-resource"/><value value="input/capabilities"/></parameter><parameter><code value="path-resource"/><value value="input/examples"/></parameter><parameter><code value="path-resource"/><value value="input/extensions"/></parameter><parameter><code value="path-resource"/><value value="input/models"/></parameter><parameter><code value="path-resource"/><value value="input/operations"/></parameter><parameter><code value="path-resource"/><value value="input/profiles"/></parameter><parameter><code value="path-resource"/><value value="input/resources"/></parameter><parameter><code value="path-resource"/><value value="input/vocabulary"/></parameter><parameter><code value="path-resource"/><value value="input/maps"/></parameter><parameter><code value="path-resource"/><value value="input/testing"/></parameter><parameter><code value="path-resource"/><value value="input/history"/></parameter><parameter><code value="path-resource"/><value value="fsh-generated/resources"/></parameter><parameter><code value="path-pages"/><value value="template/config"/></parameter><parameter><code value="path-pages"/><value value="input/images"/></parameter><parameter><code value="path-tx-cache"/><value value="input-cache/txcache"/></parameter></definition></ImplementationGuide>