<?xml version="1.0" encoding="UTF-8"?><StructureDefinition xmlns="http://hl7.org/fhir"><id value="mypractitioner"/><text><status value="extensions"/><div xmlns="http://www.w3.org/1999/xhtml"><table border="0" cellpadding="0" cellspacing="0" style="border: 0px #F0F0F0 solid; font-size: 11px; font-family: verdana; vertical-align: top;"><tr style="border: 1px #F0F0F0 solid; font-size: 11px; font-family: verdana; vertical-align: top"><th style="vertical-align: top; text-align : left; background-color: white; border: 0px #F0F0F0 solid; padding:0px 4px 0px 4px" class="hierarchy"><a href="https://build.fhir.org/ig/FHIR/ig-guidance/readingIgs.html#table-views" title="The logical name of the element">Name</a></th><th style="vertical-align: top; text-align : left; background-color: white; border: 0px #F0F0F0 solid; padding:0px 4px 0px 4px" class="hierarchy"><a href="https://build.fhir.org/ig/FHIR/ig-guidance/readingIgs.html#table-views" title="Information about the use of the element">Flags</a></th><th style="vertical-align: top; text-align : left; background-color: white; border: 0px #F0F0F0 solid; padding:0px 4px 0px 4px" class="hierarchy"><a href="https://build.fhir.org/ig/FHIR/ig-guidance/readingIgs.html#table-views" title="Minimum and Maximum # of times the the element can appear in the instance">Card.</a></th><th style="width: 100px" class="hierarchy"><a href="https://build.fhir.org/ig/FHIR/ig-guidance/readingIgs.html#table-views" title="Reference to the type of the element">Type</a></th><th style="vertical-align: top; text-align : left; background-color: white; border: 0px #F0F0F0 solid; padding:0px 4px 0px 4px" class="hierarchy"><a href="https://build.fhir.org/ig/FHIR/ig-guidance/readingIgs.html#table-views" title="Additional information about the element">Description &amp; Constraints</a><span style="float: right"><a href="https://build.fhir.org/ig/FHIR/ig-guidance/readingIgs.html#table-views" title="Legend for this format"><img src="http://hl7.org/fhir/R4/help16.png" alt="doco" style="background-color: inherit"/></a></span></th></tr><tr style="border: 0px #F0F0F0 solid; padding:0px; vertical-align: top; background-color: white"><td style="vertical-align: top; text-align : left; background-color: white; border: 0px #F0F0F0 solid; padding:0px 4px 0px 4px; white-space: nowrap; background-image: url(tbl_bck1.png)" class="hierarchy"><img src="tbl_spacer.png" alt="." style="background-color: inherit" class="hierarchy"/><img src="icon_resource.png" alt="." style="background-color: white; background-color: inherit" title="Resource" class="hierarchy"/> <a href="StructureDefinition-mypractitioner-definitions.html#Practitioner" title="Description for the profile page.">Practitioner</a><a name="Practitioner"> </a></td><td style="vertical-align: top; text-align : left; background-color: white; border: 0px #F0F0F0 solid; padding:0px 4px 0px 4px" class="hierarchy"/><td style="vertical-align: top; text-align : left; background-color: white; border: 0px #F0F0F0 solid; padding:0px 4px 0px 4px" class="hierarchy"><span style="opacity: 0.5">0</span><span style="opacity: 0.5">..</span><span style="opacity: 0.5">*</span></td><td style="vertical-align: top; text-align : left; background-color: white; border: 0px #F0F0F0 solid; padding:0px 4px 0px 4px" class="hierarchy"><a href="http://hl7.org/fhir/R4/practitioner.html">Practitioner</a></td><td style="vertical-align: top; text-align : left; background-color: white; border: 0px #F0F0F0 solid; padding:0px 4px 0px 4px" class="hierarchy">Some Practitioner profile</td></tr>
<tr style="border: 0px #F0F0F0 solid; padding:0px; vertical-align: top; background-color: #F7F7F7"><td style="vertical-align: top; text-align : left; background-color: #F7F7F7; border: 0px #F0F0F0 solid; padding:0px 4px 0px 4px; white-space: nowrap; background-image: url(tbl_bck00.png)" class="hierarchy"><img src="tbl_spacer.png" alt="." style="background-color: inherit" class="hierarchy"/><img src="tbl_vjoin_end.png" alt="." style="background-color: inherit" class="hierarchy"/><img src="icon_element.gif" alt="." style="background-color: #F7F7F7; background-color: inherit" title="Element" class="hierarchy"/> <span style="text-decoration:line-through">name</span><a name="Practitioner.name"> </a></td><td style="vertical-align: top; text-align : left; background-color: #F7F7F7; border: 0px #F0F0F0 solid; padding:0px 4px 0px 4px" class="hierarchy"/><td style="vertical-align: top; text-align : left; background-color: #F7F7F7; border: 0px #F0F0F0 solid; padding:0px 4px 0px 4px" class="hierarchy"><span style="text-decoration:line-through"/><span style="text-decoration:line-through">0</span><span style="text-decoration:line-through">..</span><span style="text-decoration:line-through">0</span></td><td style="vertical-align: top; text-align : left; background-color: #F7F7F7; border: 0px #F0F0F0 solid; padding:0px 4px 0px 4px" class="hierarchy"/><td style="vertical-align: top; text-align : left; background-color: #F7F7F7; border: 0px #F0F0F0 solid; padding:0px 4px 0px 4px" class="hierarchy"/></tr>
<tr><td colspan="5" class="hierarchy"><br/><a href="https://build.fhir.org/ig/FHIR/ig-guidance/readingIgs.html#table-views" title="Legend for this format"><img src="http://hl7.org/fhir/R4/help16.png" alt="doco" style="background-color: inherit"/> Documentation for this format</a></td></tr></table></div></text><extension url="http://hl7.org/fhir/StructureDefinition/structuredefinition-fmm"><valueInteger value="1"><extension url="http://hl7.org/fhir/StructureDefinition/structuredefinition-conformance-derivedFrom"><valueCanonical value="http://somewhere.org/fhir/uv/myig/ImplementationGuide/example.fhir.uv.myig"/></extension></valueInteger></extension><extension url="http://hl7.org/fhir/StructureDefinition/structuredefinition-standards-status"><valueCode value="informative"><extension url="http://hl7.org/fhir/StructureDefinition/structuredefinition-conformance-derivedFrom"><valueCanonical value="http://somewhere.org/fhir/uv/myig/ImplementationGuide/example.fhir.uv.myig"/></extension></valueCode></extension><url value="http://somewhere.org/fhir/uv/myig/StructureDefinition/mypractitioner"/><version value="0.2.0"/><name value="MyPractitionerName"/><title value="Some Practitioner profile"/><status value="draft"/><experimental value="false"/><date value="2019-09-01"/><publisher value="HL7 International - [Some] Work Group"/><contact><telecom><system value="url"/><value value="http://hl7.org/Special/committees/[something]"/></telecom></contact><description value="Description for the profile page"/><jurisdiction><coding><system value="http://unstats.un.org/unsd/methods/m49/m49.htm"/><code value="001"/></coding></jurisdiction><fhirVersion value="4.0.1"/><mapping><identity value="v2"/><uri value="http://hl7.org/v2"/><name value="HL7 v2 Mapping"/></mapping><mapping><identity value="rim"/><uri value="http://hl7.org/v3"/><name value="RIM Mapping"/></mapping><mapping><identity value="servd"/><uri value="http://www.omg.org/spec/ServD/1.0/"/><name value="ServD"/></mapping><mapping><identity value="w5"/><uri value="http://hl7.org/fhir/fivews"/><name value="FiveWs Pattern Mapping"/></mapping><kind value="resource"/><abstract value="false"/><type value="Practitioner"/><baseDefinition value="http://hl7.org/fhir/StructureDefinition/Practitioner"/><derivation value="constraint"/><snapshot><element id="Practitioner"><path value="Practitioner"/><short value="Some Practitioner profile"/><definition value="Description for the profile page."/><alias value="Form Data"/><min value="0"/><max value="*"/><base><path value="Practitioner"/><min value="0"/><max value="*"/></base><mustSupport value="false"/><mapping><identity value="rim"/><map value="Entity. Role, or Act"/></mapping><mapping><identity value="v2"/><map value="PRD (as one example)"/></mapping><mapping><identity value="rim"/><map value="Role"/></mapping><mapping><identity value="servd"/><map value="Provider"/></mapping></element><element id="Practitioner.id"><path value="Practitioner.id"/><short value="Logical id of this artifact"/><definition value="The logical id of the resource, as used in the URL for the resource. Once assigned, this value never changes."/><comment value="The only time that a resource does not have an id is when it is being submitted to the server using a create operation."/><min value="0"/><max value="1"/><base><path value="Resource.id"/><min value="0"/><max value="1"/></base><type><extension url="http://hl7.org/fhir/StructureDefinition/structuredefinition-fhir-type"><valueUrl value="id"/></extension><code value="http://hl7.org/fhirpath/System.String"/></type><isSummary value="true"/></element><element id="Practitioner.meta"><extension url="http://hl7.org/fhir/StructureDefinition/structuredefinition-standards-status"><valueCode value="normative"/></extension><extension url="http://hl7.org/fhir/StructureDefinition/structuredefinition-normative-version"><valueCode value="4.0.0"/></extension><path value="Practitioner.meta"/><short value="Metadata about the resource"/><definition value="The metadata about the resource. This is content that is maintained by the infrastructure. Changes to the content might not always be associated with version changes to the resource."/><min value="0"/><max value="1"/><base><path value="Resource.meta"/><min value="0"/><max value="1"/></base><type><code value="Meta"/></type><condition value="ele-1"/><constraint><key value="ele-1"/><severity value="error"/><human value="All FHIR elements must have a @value or children"/><expression value="hasValue() or (children().count() &gt; id.count())"/><xpath value="@value|f:*|h:div"/><source value="http://hl7.org/fhir/StructureDefinition/Element"/></constraint><isSummary value="true"/><mapping><identity value="rim"/><map value="n/a"/></mapping><mapping><identity value="rim"/><map value="N/A"/></mapping></element><element id="Practitioner.implicitRules"><extension url="http://hl7.org/fhir/StructureDefinition/structuredefinition-standards-status"><valueCode value="normative"/></extension><extension url="http://hl7.org/fhir/StructureDefinition/structuredefinition-normative-version"><valueCode value="4.0.0"/></extension><path value="Practitioner.implicitRules"/><short value="A set of rules under which this content was created"/><definition value="A reference to a set of rules that were followed when the resource was constructed, and which must be understood when processing the content. Often, this is a reference to an implementation guide that defines the special rules along with other profiles etc."/><comment value="Asserting this rule set restricts the content to be only understood by a limited set of trading partners. This inherently limits the usefulness of the data in the long term. However, the existing health eco-system is highly fractured, and not yet ready to define, collect, and exchange data in a generally computable sense. Wherever possible, implementers and/or specification writers should avoid using this element. Often, when used, the URL is a reference to an implementation guide that defines these special rules as part of it's narrative along with other profiles, value sets, etc."/><min value="0"/><max value="1"/><base><path value="Resource.implicitRules"/><min value="0"/><max value="1"/></base><type><code value="uri"/></type><condition value="ele-1"/><constraint><key value="ele-1"/><severity value="error"/><human value="All FHIR elements must have a @value or children"/><expression value="hasValue() or (children().count() &gt; id.count())"/><xpath value="@value|f:*|h:div"/><source value="http://hl7.org/fhir/StructureDefinition/Element"/></constraint><isModifier value="true"/><isModifierReason value="This element is labeled as a modifier because the implicit rules may provide additional knowledge about the resource that modifies it's meaning or interpretation"/><isSummary value="true"/><mapping><identity value="rim"/><map value="n/a"/></mapping></element><element id="Practitioner.language"><extension url="http://hl7.org/fhir/StructureDefinition/structuredefinition-standards-status"><valueCode value="normative"/></extension><extension url="http://hl7.org/fhir/StructureDefinition/structuredefinition-normative-version"><valueCode value="4.0.0"/></extension><path value="Practitioner.language"/><short value="Language of the resource content"/><definition value="The base language in which the resource is written."/><comment value="Language is provided to support indexing and accessibility (typically, services such as text to speech use the language tag). The html language tag in the narrative applies  to the narrative. The language tag on the resource may be used to specify the language of other presentations generated from the data in the resource. Not all the content has to be in the base language. The Resource.language should not be assumed to apply to the narrative automatically. If a language is specified, it should it also be specified on the div element in the html (see rules in HTML5 for information about the relationship between xml:lang and the html lang attribute)."/><min value="0"/><max value="1"/><base><path value="Resource.language"/><min value="0"/><max value="1"/></base><type><code value="code"/></type><condition value="ele-1"/><constraint><key value="ele-1"/><severity value="error"/><human value="All FHIR elements must have a @value or children"/><expression value="hasValue() or (children().count() &gt; id.count())"/><xpath value="@value|f:*|h:div"/><source value="http://hl7.org/fhir/StructureDefinition/Element"/></constraint><binding><extension url="http://hl7.org/fhir/StructureDefinition/elementdefinition-maxValueSet"><valueCanonical value="http://hl7.org/fhir/ValueSet/all-languages"/></extension><extension url="http://hl7.org/fhir/StructureDefinition/elementdefinition-bindingName"><valueString value="Language"/></extension><extension url="http://hl7.org/fhir/StructureDefinition/elementdefinition-isCommonBinding"><valueBoolean value="true"/></extension><strength value="preferred"/><description value="A human language."/><valueSet value="http://hl7.org/fhir/ValueSet/languages"/></binding><mapping><identity value="rim"/><map value="n/a"/></mapping></element><element id="Practitioner.text"><extension url="http://hl7.org/fhir/StructureDefinition/structuredefinition-standards-status"><valueCode value="normative"/></extension><extension url="http://hl7.org/fhir/StructureDefinition/structuredefinition-normative-version"><valueCode value="4.0.0"/></extension><path value="Practitioner.text"/><short value="Text summary of the resource, for human interpretation"/><definition value="A human-readable narrative that contains a summary of the resource and can be used to represent the content of the resource to a human. The narrative need not encode all the structured data, but is required to contain sufficient detail to make it &quot;clinically safe&quot; for a human to just read the narrative. Resource definitions may define what content should be represented in the narrative to ensure clinical safety."/><comment value="Contained resources do not have narrative. Resources that are not contained SHOULD have a narrative. In some cases, a resource may only have text with little or no additional discrete data (as long as all minOccurs=1 elements are satisfied).  This may be necessary for data from legacy systems where information is captured as a &quot;text blob&quot; or where text is additionally entered raw or narrated and encoded information is added later."/><alias value="narrative"/><alias value="html"/><alias value="xhtml"/><alias value="display"/><min value="0"/><max value="1"/><base><path value="DomainResource.text"/><min value="0"/><max value="1"/></base><type><code value="Narrative"/></type><condition value="ele-1"/><constraint><key value="ele-1"/><severity value="error"/><human value="All FHIR elements must have a @value or children"/><expression value="hasValue() or (children().count() &gt; id.count())"/><xpath value="@value|f:*|h:div"/><source value="http://hl7.org/fhir/StructureDefinition/Element"/></constraint><mapping><identity value="rim"/><map value="n/a"/></mapping><mapping><identity value="rim"/><map value="N/A"/></mapping><mapping><identity value="rim"/><map value="Act.text?"/></mapping></element><element id="Practitioner.contained"><path value="Practitioner.contained"/><short value="Contained, inline Resources"/><definition value="These resources do not have an independent existence apart from the resource that contains them - they cannot be identified independently, and nor can they have their own independent transaction scope."/><comment value="This should never be done when the content can be identified properly, as once identification is lost, it is extremely difficult (and context dependent) to restore it again. Contained resources may have profiles and tags In their meta elements, but SHALL NOT have security labels."/><alias value="inline resources"/><alias value="anonymous resources"/><alias value="contained resources"/><min value="0"/><max value="*"/><base><path value="DomainResource.contained"/><min value="0"/><max value="*"/></base><type><code value="Resource"/></type><mapping><identity value="rim"/><map value="Entity. Role, or Act"/></mapping><mapping><identity value="rim"/><map value="N/A"/></mapping></element><element id="Practitioner.extension"><extension url="http://hl7.org/fhir/StructureDefinition/structuredefinition-standards-status"><valueCode value="normative"/></extension><extension url="http://hl7.org/fhir/StructureDefinition/structuredefinition-normative-version"><valueCode value="4.0.0"/></extension><path value="Practitioner.extension"/><slicing><discriminator><type value="value"/><path value="url"/></discriminator><description value="Extensions are always sliced by (at least) url"/><rules value="open"/></slicing><short value="Additional content defined by implementations"/><definition value="May be used to represent additional information that is not part of the basic definition of the resource. To make the use of extensions safe and manageable, there is a strict set of governance  applied to the definition and use of extensions. Though any implementer can define an extension, there is a set of requirements that SHALL be met as part of the definition of the extension."/><comment value="There can be no stigma associated with the use of extensions by any application, project, or standard - regardless of the institution or jurisdiction that uses or defines the extensions.  The use of extensions is what allows the FHIR specification to retain a core level of simplicity for everyone."/><alias value="extensions"/><alias value="user content"/><min value="0"/><max value="*"/><base><path value="DomainResource.extension"/><min value="0"/><max value="*"/></base><type><code value="Extension"/></type><condition value="ele-1"/><constraint><key value="ele-1"/><severity value="error"/><human value="All FHIR elements must have a @value or children"/><expression value="hasValue() or (children().count() &gt; id.count())"/><xpath value="@value|f:*|h:div"/><source value="http://hl7.org/fhir/StructureDefinition/Element"/></constraint><constraint><key value="ext-1"/><severity value="error"/><human value="Must have either extensions or value[x], not both"/><expression value="extension.exists() != value.exists()"/><xpath value="exists(f:extension)!=exists(f:*[starts-with(local-name(.), 'value')])"/><source value="http://hl7.org/fhir/StructureDefinition/Element"/></constraint><mapping><identity value="rim"/><map value="n/a"/></mapping><mapping><identity value="rim"/><map value="N/A"/></mapping></element><element id="Practitioner.modifierExtension"><extension url="http://hl7.org/fhir/StructureDefinition/structuredefinition-standards-status"><valueCode value="normative"/></extension><extension url="http://hl7.org/fhir/StructureDefinition/structuredefinition-normative-version"><valueCode value="4.0.0"/></extension><path value="Practitioner.modifierExtension"/><slicing><discriminator><type value="value"/><path value="url"/></discriminator><description value="Extensions are always sliced by (at least) url"/><rules value="open"/></slicing><short value="Extensions that cannot be ignored"/><definition value="May be used to represent additional information that is not part of the basic definition of the resource and that modifies the understanding of the element that contains it and/or the understanding of the containing element's descendants. Usually modifier elements provide negation or qualification. To make the use of extensions safe and manageable, there is a strict set of governance applied to the definition and use of extensions. Though any implementer is allowed to define an extension, there is a set of requirements that SHALL be met as part of the definition of the extension. Applications processing a resource are required to check for modifier extensions.&#xA;&#xA;Modifier extensions SHALL NOT change the meaning of any elements on Resource or DomainResource (including cannot change the meaning of modifierExtension itself)."/><comment value="There can be no stigma associated with the use of extensions by any application, project, or standard - regardless of the institution or jurisdiction that uses or defines the extensions.  The use of extensions is what allows the FHIR specification to retain a core level of simplicity for everyone."/><requirements value="Modifier extensions allow for extensions that *cannot* be safely ignored to be clearly distinguished from the vast majority of extensions which can be safely ignored.  This promotes interoperability by eliminating the need for implementers to prohibit the presence of extensions. For further information, see the [definition of modifier extensions](http://hl7.org/fhir/R4/extensibility.html#modifierExtension)."/><alias value="extensions"/><alias value="user content"/><min value="0"/><max value="*"/><base><path value="DomainResource.modifierExtension"/><min value="0"/><max value="*"/></base><type><code value="Extension"/></type><condition value="ele-1"/><constraint><key value="ele-1"/><severity value="error"/><human value="All FHIR elements must have a @value or children"/><expression value="hasValue() or (children().count() &gt; id.count())"/><xpath value="@value|f:*|h:div"/><source value="http://hl7.org/fhir/StructureDefinition/Element"/></constraint><constraint><key value="ext-1"/><severity value="error"/><human value="Must have either extensions or value[x], not both"/><expression value="extension.exists() != value.exists()"/><xpath value="exists(f:extension)!=exists(f:*[starts-with(local-name(.), 'value')])"/><source value="http://hl7.org/fhir/StructureDefinition/Element"/></constraint><isModifier value="true"/><isModifierReason value="Modifier extensions are expected to modify the meaning or interpretation of the resource that contains them"/><mapping><identity value="rim"/><map value="n/a"/></mapping><mapping><identity value="rim"/><map value="N/A"/></mapping></element><element id="Practitioner.identifier"><extension url="http://hl7.org/fhir/StructureDefinition/structuredefinition-standards-status"><valueCode value="normative"/></extension><extension url="http://hl7.org/fhir/StructureDefinition/structuredefinition-normative-version"><valueCode value="4.0.0"/></extension><path value="Practitioner.identifier"/><short value="An identifier for the person as this agent"/><definition value="An identifier that applies to this person in this role."/><requirements value="Often, specific identities are assigned for the agent."/><min value="0"/><max value="*"/><base><path value="Practitioner.identifier"/><min value="0"/><max value="*"/></base><type><code value="Identifier"/></type><condition value="ele-1"/><constraint><key value="ele-1"/><severity value="error"/><human value="All FHIR elements must have a @value or children"/><expression value="hasValue() or (children().count() &gt; id.count())"/><xpath value="@value|f:*|h:div"/><source value="http://hl7.org/fhir/StructureDefinition/Element"/></constraint><isSummary value="true"/><mapping><identity value="rim"/><map value="n/a"/></mapping><mapping><identity value="v2"/><map value="CX / EI (occasionally, more often EI maps to a resource id or a URL)"/></mapping><mapping><identity value="rim"/><map value="II - The Identifier class is a little looser than the v3 type II because it allows URIs as well as registered OIDs or GUIDs.  Also maps to Role[classCode=IDENT]"/></mapping><mapping><identity value="servd"/><map value="Identifier"/></mapping><mapping><identity value="w5"/><map value="FiveWs.identifier"/></mapping><mapping><identity value="v2"/><map value="PRD-7 (or XCN.1)"/></mapping><mapping><identity value="rim"/><map value="./id"/></mapping><mapping><identity value="servd"/><map value="./Identifiers"/></mapping></element><element id="Practitioner.active"><extension url="http://hl7.org/fhir/StructureDefinition/structuredefinition-standards-status"><valueCode value="normative"/></extension><extension url="http://hl7.org/fhir/StructureDefinition/structuredefinition-normative-version"><valueCode value="4.0.0"/></extension><path value="Practitioner.active"/><short value="Whether this practitioner's record is in active use"/><definition value="Whether this practitioner's record is in active use."/><comment value="If the practitioner is not in use by one organization, then it should mark the period on the PractitonerRole with an end date (even if they are active) as they may be active in another role."/><requirements value="Need to be able to mark a practitioner record as not to be used because it was created in error."/><min value="0"/><max value="1"/><base><path value="Practitioner.active"/><min value="0"/><max value="1"/></base><type><code value="boolean"/></type><meaningWhenMissing value="This resource is generally assumed to be active if no value is provided for the active element"/><condition value="ele-1"/><constraint><key value="ele-1"/><severity value="error"/><human value="All FHIR elements must have a @value or children"/><expression value="hasValue() or (children().count() &gt; id.count())"/><xpath value="@value|f:*|h:div"/><source value="http://hl7.org/fhir/StructureDefinition/Element"/></constraint><isSummary value="true"/><mapping><identity value="rim"/><map value="n/a"/></mapping><mapping><identity value="w5"/><map value="FiveWs.status"/></mapping><mapping><identity value="rim"/><map value="./statusCode"/></mapping></element><element id="Practitioner.name"><path value="Practitioner.name"/><short value="The name(s) associated with the practitioner"/><definition value="The name(s) associated with the practitioner."/><comment value="The selection of the use property should ensure that there is a single usual name specified, and others use the nickname (alias), old, or other values as appropriate.  &#xD;&#xD;In general, select the value to be used in the ResourceReference.display based on this:&#xD;&#xD;1. There is more than 1 name&#xD;2. Use = usual&#xD;3. Period is current to the date of the usage&#xD;4. Use = official&#xD;5. Other order as decided by internal business rules."/><requirements value="The name(s) that a Practitioner is known by. Where there are multiple, the name that the practitioner is usually known as should be used in the display."/><min value="0"/><max value="0"/><base><path value="Practitioner.name"/><min value="0"/><max value="*"/></base><type><code value="HumanName"/></type><condition value="ele-1"/><constraint><key value="ele-1"/><severity value="error"/><human value="All FHIR elements must have a @value or children"/><expression value="hasValue() or (children().count() &gt; id.count())"/><xpath value="@value|f:*|h:div"/><source value="http://hl7.org/fhir/StructureDefinition/Element"/></constraint><mustSupport value="false"/><isSummary value="true"/><mapping><identity value="rim"/><map value="n/a"/></mapping><mapping><identity value="v2"/><map value="XPN"/></mapping><mapping><identity value="rim"/><map value="EN (actually, PN)"/></mapping><mapping><identity value="servd"/><map value="ProviderName"/></mapping><mapping><identity value="v2"/><map value="XCN Components"/></mapping><mapping><identity value="rim"/><map value="./name"/></mapping><mapping><identity value="servd"/><map value="./PreferredName (GivenNames, FamilyName, TitleCode)"/></mapping></element><element id="Practitioner.telecom"><extension url="http://hl7.org/fhir/StructureDefinition/structuredefinition-standards-status"><valueCode value="normative"/></extension><extension url="http://hl7.org/fhir/StructureDefinition/structuredefinition-normative-version"><valueCode value="4.0.0"/></extension><path value="Practitioner.telecom"/><short value="A contact detail for the practitioner (that apply to all roles)"/><definition value="A contact detail for the practitioner, e.g. a telephone number or an email address."/><comment value="Person may have multiple ways to be contacted with different uses or applicable periods.  May need to have options for contacting the person urgently and to help with identification.  These typically will have home numbers, or mobile numbers that are not role specific."/><requirements value="Need to know how to reach a practitioner independent to any roles the practitioner may have."/><min value="0"/><max value="*"/><base><path value="Practitioner.telecom"/><min value="0"/><max value="*"/></base><type><code value="ContactPoint"/></type><condition value="ele-1"/><constraint><key value="ele-1"/><severity value="error"/><human value="All FHIR elements must have a @value or children"/><expression value="hasValue() or (children().count() &gt; id.count())"/><xpath value="@value|f:*|h:div"/><source value="http://hl7.org/fhir/StructureDefinition/Element"/></constraint><constraint><key value="cpt-2"/><severity value="error"/><human value="A system is required if a value is provided."/><expression value="value.empty() or system.exists()"/><xpath value="not(exists(f:value)) or exists(f:system)"/><source value="http://hl7.org/fhir/StructureDefinition/CareTeam"/></constraint><isSummary value="true"/><mapping><identity value="rim"/><map value="n/a"/></mapping><mapping><identity value="v2"/><map value="XTN"/></mapping><mapping><identity value="rim"/><map value="TEL"/></mapping><mapping><identity value="servd"/><map value="ContactPoint"/></mapping><mapping><identity value="v2"/><map value="PRT-15, STF-10, ROL-12"/></mapping><mapping><identity value="rim"/><map value="./telecom"/></mapping><mapping><identity value="servd"/><map value="./ContactPoints"/></mapping></element><element id="Practitioner.address"><extension url="http://hl7.org/fhir/StructureDefinition/structuredefinition-standards-status"><valueCode value="normative"/></extension><extension url="http://hl7.org/fhir/StructureDefinition/structuredefinition-normative-version"><valueCode value="4.0.0"/></extension><path value="Practitioner.address"/><short value="Address(es) of the practitioner that are not role specific (typically home address)"/><definition value="Address(es) of the practitioner that are not role specific (typically home address). &#xD;Work addresses are not typically entered in this property as they are usually role dependent."/><comment value="The PractitionerRole does not have an address value on it, as it is expected that the location property be used for this purpose (which has an address)."/><requirements value="The home/mailing address of the practitioner is often required for employee administration purposes, and also for some rostering services where the start point (practitioners home) can be used in calculations."/><min value="0"/><max value="*"/><base><path value="Practitioner.address"/><min value="0"/><max value="*"/></base><type><code value="Address"/></type><condition value="ele-1"/><constraint><key value="ele-1"/><severity value="error"/><human value="All FHIR elements must have a @value or children"/><expression value="hasValue() or (children().count() &gt; id.count())"/><xpath value="@value|f:*|h:div"/><source value="http://hl7.org/fhir/StructureDefinition/Element"/></constraint><isSummary value="true"/><mapping><identity value="rim"/><map value="n/a"/></mapping><mapping><identity value="v2"/><map value="XAD"/></mapping><mapping><identity value="rim"/><map value="AD"/></mapping><mapping><identity value="servd"/><map value="Address"/></mapping><mapping><identity value="v2"/><map value="ORC-24, STF-11, ROL-11, PRT-14"/></mapping><mapping><identity value="rim"/><map value="./addr"/></mapping><mapping><identity value="servd"/><map value="./Addresses"/></mapping></element><element id="Practitioner.gender"><extension url="http://hl7.org/fhir/StructureDefinition/structuredefinition-standards-status"><valueCode value="normative"/></extension><extension url="http://hl7.org/fhir/StructureDefinition/structuredefinition-normative-version"><valueCode value="4.0.0"/></extension><path value="Practitioner.gender"/><short value="male | female | other | unknown"/><definition value="Administrative Gender - the gender that the person is considered to have for administration and record keeping purposes."/><comment value="Note that FHIR strings SHALL NOT exceed 1MB in size"/><requirements value="Needed to address the person correctly."/><min value="0"/><max value="1"/><base><path value="Practitioner.gender"/><min value="0"/><max value="1"/></base><type><code value="code"/></type><condition value="ele-1"/><constraint><key value="ele-1"/><severity value="error"/><human value="All FHIR elements must have a @value or children"/><expression value="hasValue() or (children().count() &gt; id.count())"/><xpath value="@value|f:*|h:div"/><source value="http://hl7.org/fhir/StructureDefinition/Element"/></constraint><isSummary value="true"/><binding><extension url="http://hl7.org/fhir/StructureDefinition/elementdefinition-bindingName"><valueString value="AdministrativeGender"/></extension><extension url="http://hl7.org/fhir/StructureDefinition/elementdefinition-isCommonBinding"><valueBoolean value="true"/></extension><strength value="required"/><description value="The gender of a person used for administrative purposes."/><valueSet value="http://hl7.org/fhir/ValueSet/administrative-gender|4.0.1"/></binding><mapping><identity value="rim"/><map value="n/a"/></mapping><mapping><identity value="v2"/><map value="STF-5"/></mapping><mapping><identity value="rim"/><map value="./administrativeGender"/></mapping><mapping><identity value="servd"/><map value="./GenderCode"/></mapping></element><element id="Practitioner.birthDate"><extension url="http://hl7.org/fhir/StructureDefinition/structuredefinition-standards-status"><valueCode value="normative"/></extension><extension url="http://hl7.org/fhir/StructureDefinition/structuredefinition-normative-version"><valueCode value="4.0.0"/></extension><path value="Practitioner.birthDate"/><short value="The date  on which the practitioner was born"/><definition value="The date of birth for the practitioner."/><requirements value="Needed for identification."/><min value="0"/><max value="1"/><base><path value="Practitioner.birthDate"/><min value="0"/><max value="1"/></base><type><code value="date"/></type><condition value="ele-1"/><constraint><key value="ele-1"/><severity value="error"/><human value="All FHIR elements must have a @value or children"/><expression value="hasValue() or (children().count() &gt; id.count())"/><xpath value="@value|f:*|h:div"/><source value="http://hl7.org/fhir/StructureDefinition/Element"/></constraint><isSummary value="true"/><mapping><identity value="rim"/><map value="n/a"/></mapping><mapping><identity value="v2"/><map value="STF-6"/></mapping><mapping><identity value="rim"/><map value="./birthTime"/></mapping><mapping><identity value="servd"/><map value="(not represented in ServD)"/></mapping></element><element id="Practitioner.photo"><extension url="http://hl7.org/fhir/StructureDefinition/structuredefinition-standards-status"><valueCode value="normative"/></extension><extension url="http://hl7.org/fhir/StructureDefinition/structuredefinition-normative-version"><valueCode value="4.0.0"/></extension><path value="Practitioner.photo"/><short value="Image of the person"/><definition value="Image of the person."/><comment value="When providing a summary view (for example with Observation.value[x]) Attachment should be represented with a brief display text such as &quot;Signed Procedure Consent&quot;."/><requirements value="Many EHR systems have the capability to capture an image of patients and personnel. Fits with newer social media usage too."/><min value="0"/><max value="*"/><base><path value="Practitioner.photo"/><min value="0"/><max value="*"/></base><type><code value="Attachment"/></type><condition value="ele-1"/><constraint><key value="ele-1"/><severity value="error"/><human value="All FHIR elements must have a @value or children"/><expression value="hasValue() or (children().count() &gt; id.count())"/><xpath value="@value|f:*|h:div"/><source value="http://hl7.org/fhir/StructureDefinition/Element"/></constraint><constraint><key value="att-1"/><severity value="error"/><human value="If the Attachment has data, it SHALL have a contentType"/><expression value="data.empty() or contentType.exists()"/><xpath value="not(exists(f:data)) or exists(f:contentType)"/><source value="http://hl7.org/fhir/StructureDefinition/BodyStructure"/></constraint><mapping><identity value="rim"/><map value="n/a"/></mapping><mapping><identity value="v2"/><map value="ED/RP"/></mapping><mapping><identity value="rim"/><map value="ED"/></mapping><mapping><identity value="rim"/><map value="./subjectOf/ObservationEvent[code=&quot;photo&quot;]/value"/></mapping><mapping><identity value="servd"/><map value="./ImageURI (only supports the URI reference)"/></mapping></element><element id="Practitioner.qualification"><extension url="http://hl7.org/fhir/StructureDefinition/structuredefinition-standards-status"><valueCode value="normative"/></extension><extension url="http://hl7.org/fhir/StructureDefinition/structuredefinition-normative-version"><valueCode value="4.0.0"/></extension><path value="Practitioner.qualification"/><short value="Certification, licenses, or training pertaining to the provision of care"/><definition value="The official certifications, training, and licenses that authorize or otherwise pertain to the provision of care by the practitioner.  For example, a medical license issued by a medical board authorizing the practitioner to practice medicine within a certian locality."/><min value="0"/><max value="*"/><base><path value="Practitioner.qualification"/><min value="0"/><max value="*"/></base><type><code value="BackboneElement"/></type><condition value="ele-1"/><constraint><key value="ele-1"/><severity value="error"/><human value="All FHIR elements must have a @value or children"/><expression value="hasValue() or (children().count() &gt; id.count())"/><xpath value="@value|f:*|h:div"/><source value="http://hl7.org/fhir/StructureDefinition/Element"/></constraint><mapping><identity value="rim"/><map value="n/a"/></mapping><mapping><identity value="v2"/><map value="CER?"/></mapping><mapping><identity value="rim"/><map value=".playingEntity.playingRole[classCode=QUAL].code"/></mapping><mapping><identity value="servd"/><map value="./Qualifications"/></mapping></element><element id="Practitioner.qualification.id"><path value="Practitioner.qualification.id"/><representation value="xmlAttr"/><short value="Unique id for inter-element referencing"/><definition value="Unique id for the element within a resource (for internal references). This may be any string value that does not contain spaces."/><min value="0"/><max value="1"/><base><path value="Element.id"/><min value="0"/><max value="1"/></base><type><extension url="http://hl7.org/fhir/StructureDefinition/structuredefinition-fhir-type"><valueUrl value="string"/></extension><code value="http://hl7.org/fhirpath/System.String"/></type><mapping><identity value="rim"/><map value="n/a"/></mapping></element><element id="Practitioner.qualification.extension"><extension url="http://hl7.org/fhir/StructureDefinition/structuredefinition-standards-status"><valueCode value="normative"/></extension><extension url="http://hl7.org/fhir/StructureDefinition/structuredefinition-normative-version"><valueCode value="4.0.0"/></extension><path value="Practitioner.qualification.extension"/><slicing><discriminator><type value="value"/><path value="url"/></discriminator><description value="Extensions are always sliced by (at least) url"/><rules value="open"/></slicing><short value="Additional content defined by implementations"/><definition value="May be used to represent additional information that is not part of the basic definition of the element. To make the use of extensions safe and manageable, there is a strict set of governance  applied to the definition and use of extensions. Though any implementer can define an extension, there is a set of requirements that SHALL be met as part of the definition of the extension."/><comment value="There can be no stigma associated with the use of extensions by any application, project, or standard - regardless of the institution or jurisdiction that uses or defines the extensions.  The use of extensions is what allows the FHIR specification to retain a core level of simplicity for everyone."/><alias value="extensions"/><alias value="user content"/><min value="0"/><max value="*"/><base><path value="Element.extension"/><min value="0"/><max value="*"/></base><type><code value="Extension"/></type><condition value="ele-1"/><constraint><key value="ele-1"/><severity value="error"/><human value="All FHIR elements must have a @value or children"/><expression value="hasValue() or (children().count() &gt; id.count())"/><xpath value="@value|f:*|h:div"/><source value="http://hl7.org/fhir/StructureDefinition/Element"/></constraint><constraint><key value="ext-1"/><severity value="error"/><human value="Must have either extensions or value[x], not both"/><expression value="extension.exists() != value.exists()"/><xpath value="exists(f:extension)!=exists(f:*[starts-with(local-name(.), 'value')])"/><source value="http://hl7.org/fhir/StructureDefinition/Element"/></constraint><mapping><identity value="rim"/><map value="n/a"/></mapping><mapping><identity value="rim"/><map value="N/A"/></mapping></element><element id="Practitioner.qualification.modifierExtension"><extension url="http://hl7.org/fhir/StructureDefinition/structuredefinition-standards-status"><valueCode value="normative"/></extension><extension url="http://hl7.org/fhir/StructureDefinition/structuredefinition-normative-version"><valueCode value="4.0.0"/></extension><path value="Practitioner.qualification.modifierExtension"/><short value="Extensions that cannot be ignored even if unrecognized"/><definition value="May be used to represent additional information that is not part of the basic definition of the element and that modifies the understanding of the element in which it is contained and/or the understanding of the containing element's descendants. Usually modifier elements provide negation or qualification. To make the use of extensions safe and manageable, there is a strict set of governance applied to the definition and use of extensions. Though any implementer can define an extension, there is a set of requirements that SHALL be met as part of the definition of the extension. Applications processing a resource are required to check for modifier extensions.&#xA;&#xA;Modifier extensions SHALL NOT change the meaning of any elements on Resource or DomainResource (including cannot change the meaning of modifierExtension itself)."/><comment value="There can be no stigma associated with the use of extensions by any application, project, or standard - regardless of the institution or jurisdiction that uses or defines the extensions.  The use of extensions is what allows the FHIR specification to retain a core level of simplicity for everyone."/><requirements value="Modifier extensions allow for extensions that *cannot* be safely ignored to be clearly distinguished from the vast majority of extensions which can be safely ignored.  This promotes interoperability by eliminating the need for implementers to prohibit the presence of extensions. For further information, see the [definition of modifier extensions](http://hl7.org/fhir/R4/extensibility.html#modifierExtension)."/><alias value="extensions"/><alias value="user content"/><alias value="modifiers"/><min value="0"/><max value="*"/><base><path value="BackboneElement.modifierExtension"/><min value="0"/><max value="*"/></base><type><code value="Extension"/></type><condition value="ele-1"/><constraint><key value="ele-1"/><severity value="error"/><human value="All FHIR elements must have a @value or children"/><expression value="hasValue() or (children().count() &gt; id.count())"/><xpath value="@value|f:*|h:div"/><source value="http://hl7.org/fhir/StructureDefinition/Element"/></constraint><constraint><key value="ext-1"/><severity value="error"/><human value="Must have either extensions or value[x], not both"/><expression value="extension.exists() != value.exists()"/><xpath value="exists(f:extension)!=exists(f:*[starts-with(local-name(.), 'value')])"/><source value="http://hl7.org/fhir/StructureDefinition/Element"/></constraint><isModifier value="true"/><isModifierReason value="Modifier extensions are expected to modify the meaning or interpretation of the element that contains them"/><isSummary value="true"/><mapping><identity value="rim"/><map value="n/a"/></mapping><mapping><identity value="rim"/><map value="N/A"/></mapping></element><element id="Practitioner.qualification.identifier"><extension url="http://hl7.org/fhir/StructureDefinition/structuredefinition-standards-status"><valueCode value="normative"/></extension><extension url="http://hl7.org/fhir/StructureDefinition/structuredefinition-normative-version"><valueCode value="4.0.0"/></extension><path value="Practitioner.qualification.identifier"/><short value="An identifier for this qualification for the practitioner"/><definition value="An identifier that applies to this person's qualification in this role."/><requirements value="Often, specific identities are assigned for the qualification."/><min value="0"/><max value="*"/><base><path value="Practitioner.qualification.identifier"/><min value="0"/><max value="*"/></base><type><code value="Identifier"/></type><condition value="ele-1"/><constraint><key value="ele-1"/><severity value="error"/><human value="All FHIR elements must have a @value or children"/><expression value="hasValue() or (children().count() &gt; id.count())"/><xpath value="@value|f:*|h:div"/><source value="http://hl7.org/fhir/StructureDefinition/Element"/></constraint><mapping><identity value="rim"/><map value="n/a"/></mapping><mapping><identity value="v2"/><map value="CX / EI (occasionally, more often EI maps to a resource id or a URL)"/></mapping><mapping><identity value="rim"/><map value="II - The Identifier class is a little looser than the v3 type II because it allows URIs as well as registered OIDs or GUIDs.  Also maps to Role[classCode=IDENT]"/></mapping><mapping><identity value="servd"/><map value="Identifier"/></mapping><mapping><identity value="rim"/><map value=".playingEntity.playingRole[classCode=QUAL].id"/></mapping></element><element id="Practitioner.qualification.code"><extension url="http://hl7.org/fhir/StructureDefinition/structuredefinition-standards-status"><valueCode value="normative"/></extension><extension url="http://hl7.org/fhir/StructureDefinition/structuredefinition-normative-version"><valueCode value="4.0.0"/></extension><path value="Practitioner.qualification.code"/><short value="Coded representation of the qualification"/><definition value="Coded representation of the qualification."/><comment value="Not all terminology uses fit this general pattern. In some cases, models should not use CodeableConcept and use Coding directly and provide their own structure for managing text, codings, translations and the relationship between elements and pre- and post-coordination."/><min value="1"/><max value="1"/><base><path value="Practitioner.qualification.code"/><min value="1"/><max value="1"/></base><type><code value="CodeableConcept"/></type><condition value="ele-1"/><constraint><key value="ele-1"/><severity value="error"/><human value="All FHIR elements must have a @value or children"/><expression value="hasValue() or (children().count() &gt; id.count())"/><xpath value="@value|f:*|h:div"/><source value="http://hl7.org/fhir/StructureDefinition/Element"/></constraint><binding><extension url="http://hl7.org/fhir/StructureDefinition/elementdefinition-bindingName"><valueString value="Qualification"/></extension><strength value="example"/><description value="Specific qualification the practitioner has to provide a service."/><valueSet value="http://terminology.hl7.org/ValueSet/v2-2.7-0360"/></binding><mapping><identity value="rim"/><map value="n/a"/></mapping><mapping><identity value="v2"/><map value="CE/CNE/CWE"/></mapping><mapping><identity value="rim"/><map value="CD"/></mapping><mapping><identity value="orim"/><map value="fhir:CodeableConcept rdfs:subClassOf dt:CD"/></mapping><mapping><identity value="rim"/><map value=".playingEntity.playingRole[classCode=QUAL].code"/></mapping><mapping><identity value="servd"/><map value="./Qualifications.Value"/></mapping></element><element id="Practitioner.qualification.period"><extension url="http://hl7.org/fhir/StructureDefinition/structuredefinition-standards-status"><valueCode value="normative"/></extension><extension url="http://hl7.org/fhir/StructureDefinition/structuredefinition-normative-version"><valueCode value="4.0.0"/></extension><path value="Practitioner.qualification.period"/><short value="Period during which the qualification is valid"/><definition value="Period during which the qualification is valid."/><comment value="A Period specifies a range of time; the context of use will specify whether the entire range applies (e.g. &quot;the patient was an inpatient of the hospital for this time range&quot;) or one value from the range applies (e.g. &quot;give to the patient between these two times&quot;).&#xA;&#xA;Period is not used for a duration (a measure of elapsed time). See [Duration](http://hl7.org/fhir/R4/datatypes.html#Duration)."/><requirements value="Qualifications are often for a limited period of time, and can be revoked."/><min value="0"/><max value="1"/><base><path value="Practitioner.qualification.period"/><min value="0"/><max value="1"/></base><type><code value="Period"/></type><condition value="ele-1"/><constraint><key value="ele-1"/><severity value="error"/><human value="All FHIR elements must have a @value or children"/><expression value="hasValue() or (children().count() &gt; id.count())"/><xpath value="@value|f:*|h:div"/><source value="http://hl7.org/fhir/StructureDefinition/Element"/></constraint><constraint><key value="per-1"/><severity value="error"/><human value="If present, start SHALL have a lower value than end"/><expression value="start.hasValue().not() or end.hasValue().not() or (start &lt;= end)"/><xpath value="not(exists(f:start/@value)) or not(exists(f:end/@value)) or (xs:dateTime(f:start/@value) &lt;= xs:dateTime(f:end/@value))"/><source value="http://hl7.org/fhir/StructureDefinition/Account"/></constraint><mapping><identity value="rim"/><map value="n/a"/></mapping><mapping><identity value="v2"/><map value="DR"/></mapping><mapping><identity value="rim"/><map value="IVL&lt;TS&gt;[lowClosed=&quot;true&quot; and highClosed=&quot;true&quot;] or URG&lt;TS&gt;[lowClosed=&quot;true&quot; and highClosed=&quot;true&quot;]"/></mapping><mapping><identity value="rim"/><map value=".playingEntity.playingRole[classCode=QUAL].effectiveTime"/></mapping><mapping><identity value="servd"/><map value="./Qualifications.StartDate and ./Qualifications.EndDate"/></mapping></element><element id="Practitioner.qualification.issuer"><extension url="http://hl7.org/fhir/StructureDefinition/structuredefinition-standards-status"><valueCode value="normative"/></extension><extension url="http://hl7.org/fhir/StructureDefinition/structuredefinition-normative-version"><valueCode value="4.0.0"/></extension><path value="Practitioner.qualification.issuer"/><short value="Organization that regulates and issues the qualification"/><definition value="Organization that regulates and issues the qualification."/><comment value="References SHALL be a reference to an actual FHIR resource, and SHALL be resolveable (allowing for access control, temporary unavailability, etc.). Resolution can be either by retrieval from the URL, or, where applicable by resource type, by treating an absolute reference as a canonical URL and looking it up in a local registry/repository."/><min value="0"/><max value="1"/><base><path value="Practitioner.qualification.issuer"/><min value="0"/><max value="1"/></base><type><code value="Reference"/><targetProfile value="http://hl7.org/fhir/StructureDefinition/Organization"/></type><condition value="ele-1"/><constraint><key value="ele-1"/><severity value="error"/><human value="All FHIR elements must have a @value or children"/><expression value="hasValue() or (children().count() &gt; id.count())"/><xpath value="@value|f:*|h:div"/><source value="http://hl7.org/fhir/StructureDefinition/Element"/></constraint><constraint><key value="ref-1"/><severity value="error"/><human value="SHALL have a contained resource if a local reference is provided"/><expression value="reference.startsWith('#').not() or (reference.substring(1).trace('url') in %rootResource.contained.id.trace('ids'))"/><xpath value="not(starts-with(f:reference/@value, '#')) or exists(ancestor::*[self::f:entry or self::f:parameter]/f:resource/f:*/f:contained/f:*[f:id/@value=substring-after(current()/f:reference/@value, '#')]|/*/f:contained/f:*[f:id/@value=substring-after(current()/f:reference/@value, '#')])"/><source value="http://hl7.org/fhir/StructureDefinition/Account"/></constraint><mapping><identity value="rim"/><map value="n/a"/></mapping><mapping><identity value="rim"/><map value="The target of a resource reference is a RIM entry point (Act, Role, or Entity)"/></mapping><mapping><identity value="rim"/><map value=".playingEntity.playingRole[classCode=QUAL].scoper"/></mapping></element><element id="Practitioner.communication"><extension url="http://hl7.org/fhir/StructureDefinition/structuredefinition-standards-status"><valueCode value="normative"/></extension><extension url="http://hl7.org/fhir/StructureDefinition/structuredefinition-normative-version"><valueCode value="4.0.0"/></extension><path value="Practitioner.communication"/><short value="A language the practitioner can use in patient communication"/><definition value="A language the practitioner can use in patient communication."/><comment value="The structure aa-BB with this exact casing is one the most widely used notations for locale. However not all systems code this but instead have it as free text. Hence CodeableConcept instead of code as the data type."/><requirements value="Knowing which language a practitioner speaks can help in facilitating communication with patients."/><min value="0"/><max value="*"/><base><path value="Practitioner.communication"/><min value="0"/><max value="*"/></base><type><code value="CodeableConcept"/></type><condition value="ele-1"/><constraint><key value="ele-1"/><severity value="error"/><human value="All FHIR elements must have a @value or children"/><expression value="hasValue() or (children().count() &gt; id.count())"/><xpath value="@value|f:*|h:div"/><source value="http://hl7.org/fhir/StructureDefinition/Element"/></constraint><binding><extension url="http://hl7.org/fhir/StructureDefinition/elementdefinition-maxValueSet"><valueCanonical value="http://hl7.org/fhir/ValueSet/all-languages"/></extension><extension url="http://hl7.org/fhir/StructureDefinition/elementdefinition-bindingName"><valueString value="Language"/></extension><extension url="http://hl7.org/fhir/StructureDefinition/elementdefinition-isCommonBinding"><valueBoolean value="true"/></extension><strength value="preferred"/><description value="A human language."/><valueSet value="http://hl7.org/fhir/ValueSet/languages"/></binding><mapping><identity value="rim"/><map value="n/a"/></mapping><mapping><identity value="v2"/><map value="CE/CNE/CWE"/></mapping><mapping><identity value="rim"/><map value="CD"/></mapping><mapping><identity value="orim"/><map value="fhir:CodeableConcept rdfs:subClassOf dt:CD"/></mapping><mapping><identity value="v2"/><map value="PID-15, NK1-20, LAN-2"/></mapping><mapping><identity value="rim"/><map value="./languageCommunication"/></mapping><mapping><identity value="servd"/><map value="./Languages.LanguageSpokenCode"/></mapping></element></snapshot><differential><element id="Practitioner"><path value="Practitioner"/><short value="Some Practitioner profile"/><definition value="Description for the profile page."/><alias value="Form Data"/><mustSupport value="false"/></element><element id="Practitioner.name"><path value="Practitioner.name"/><min value="0"/><max value="0"/><mustSupport value="false"/></element></differential></StructureDefinition>