<?xml version="1.0" encoding="UTF-8"?><ValueSet xmlns="http://hl7.org/fhir"><id value="vs-glasgow-coma-scale-for-adults"/><text><status value="generated"/><div xmlns="http://www.w3.org/1999/xhtml"><p>This value set includes codes based on the following rules:</p><ul/></div></text><extension url="http://hl7.org/fhir/StructureDefinition/structuredefinition-fmm"><valueInteger value="1"><extension url="http://hl7.org/fhir/StructureDefinition/structuredefinition-conformance-derivedFrom"><valueCanonical value="http://somewhere.org/fhir/uv/myig/ImplementationGuide/fhir.cde-catalog"/></extension></valueInteger></extension><extension url="http://hl7.org/fhir/StructureDefinition/structuredefinition-standards-status"><valueCode value="informative"><extension url="http://hl7.org/fhir/StructureDefinition/structuredefinition-conformance-derivedFrom"><valueCanonical value="http://somewhere.org/fhir/uv/myig/ImplementationGuide/fhir.cde-catalog"/></extension></valueCode></extension><url value="http://somewhere.org/fhir/uv/myig/ValueSet/vs-glasgow-coma-scale-for-adults"/><version value="0.2.0"/><name value="VS_GlasgowComaScaleForAdults"/><title value="VS Glasgow Coma Scale For Adults"/><status value="active"/><date value="2023-03-06T21:43:48+01:00"/><publisher value="HL7 International - [Some] Work Group"/><contact><telecom><system value="url"/><value value="http://hl7.org/Special/committees/[something]"/></telecom></contact><description value="Dieses ValueSet enthält LOINC-Codes für den Glasgow Coma Scale (GCS) für Erwachsene"/><jurisdiction><coding><system value="http://unstats.un.org/unsd/methods/m49/m49.htm"/><code value="001"/></coding></jurisdiction></ValueSet>