<?xml version="1.0" encoding="UTF-8"?><ValueSet xmlns="http://hl7.org/fhir"><id value="vs-binary-gender-as-snomed"/><text><status value="generated"/><div xmlns="http://www.w3.org/1999/xhtml"><ul><li>Include these codes as defined in <a href="http://www.snomed.org/"><code>http://snomed.info/sct</code></a><table class="none"><tr><td style="white-space:nowrap"><b>Code</b></td><td><b>Display</b></td></tr><tr><td><a href="http://snomed.info/id/248153007">248153007</a></td><td>Männlich</td></tr><tr><td><a href="http://snomed.info/id/248152002">248152002</a></td><td>Weiblich</td></tr></table></li></ul></div></text><url value="http://somewhere.org/fhir/uv/myig/ValueSet/vs-binary-gender-as-snomed"/><version value="0.1.0"/><name value="VS_BinaryGenderAsSnomed"/><title value="VS Binary Gender as Snomed"/><status value="active"/><date value="2023-03-02T21:55:41+01:00"/><publisher value="Nils Haendly"/><contact><name value="Nils Haendly"/><telecom><system value="url"/><value value="http://noctiz89.github.io/CDE-Katalog/index.html"/></telecom></contact><description value="Dieses ValueSet enthält Snomed-Codes für Männlich und Weiblich."/><compose><include><system value="http://snomed.info/sct"/><concept><code value="248153007"/><display value="Männlich"/></concept><concept><code value="248152002"/><display value="Weiblich"/></concept></include></compose></ValueSet>