<?xml version="1.0" encoding="UTF-8"?><ValueSet xmlns="http://hl7.org/fhir"><id value="vs-length-units"/><text><status value="generated"/><div xmlns="http://www.w3.org/1999/xhtml"><ul><li>Include these codes as defined in <a href="http://unitsofmeasure.org"><code>http://unitsofmeasure.org</code></a><table class="none"><tr><td style="white-space:nowrap"><b>Code</b></td><td><b>Display</b></td></tr><tr><td>fm</td><td>fm</td></tr><tr><td>pm</td><td>pm</td></tr><tr><td>nm</td><td>nm</td></tr><tr><td>um</td><td>um</td></tr><tr><td>mm</td><td>mm</td></tr><tr><td>cm</td><td>cm</td></tr><tr><td>dm</td><td>dm</td></tr><tr><td>m</td><td>m</td></tr><tr><td>km</td><td>km</td></tr></table></li></ul></div></text><url value="http://somewhere.org/fhir/uv/myig/ValueSet/vs-length-units"/><version value="0.1.0"/><name value="VS_LengthUnits"/><title value="VS Length Units"/><status value="active"/><date value="2023-03-02T21:55:41+01:00"/><publisher value="Nils Haendly"/><contact><name value="Nils Haendly"/><telecom><system value="url"/><value value="http://noctiz89.github.io/CDE-Katalog/index.html"/></telecom></contact><description value="UCUM Codes für 'Länge'"/><compose><include><system value="http://unitsofmeasure.org"/><concept><code value="fm"/></concept><concept><code value="pm"/></concept><concept><code value="nm"/></concept><concept><code value="um"/></concept><concept><code value="mm"/></concept><concept><code value="cm"/></concept><concept><code value="dm"/></concept><concept><code value="m"/></concept><concept><code value="km"/></concept></include></compose></ValueSet>