<?xml version="1.0" encoding="UTF-8"?><ValueSet xmlns="http://hl7.org/fhir"><id value="vs-ethnic-groups"/><text><status value="generated"/><div xmlns="http://www.w3.org/1999/xhtml"><ul><li>Include codes from <a href="http://www.snomed.org/"><code>http://snomed.info/sct</code></a> where concept  is-a  372148003 (Ethnic group (ethnic group))</li></ul></div></text><extension url="http://hl7.org/fhir/StructureDefinition/structuredefinition-fmm"><valueInteger value="1"><extension url="http://hl7.org/fhir/StructureDefinition/structuredefinition-conformance-derivedFrom"><valueCanonical value="http://hl7.org/de/ImplementationGuide/fhir.cde-katalog"/></extension></valueInteger></extension><extension url="http://hl7.org/fhir/StructureDefinition/structuredefinition-standards-status"><valueCode value="informative"><extension url="http://hl7.org/fhir/StructureDefinition/structuredefinition-conformance-derivedFrom"><valueCanonical value="http://hl7.org/de/ImplementationGuide/fhir.cde-katalog"/></extension></valueCode></extension><url value="http://hl7.org/de/ValueSet/vs-ethnic-groups"/><version value="0.2.0"/><name value="VS_EthnicGroups"/><title value="Ethnic groups"/><status value="active"/><experimental value="false"/><date value="2023-03-17T18:03:12+01:00"/><publisher value="HL7 International - CDE Katalog Arbeitsgruppe"/><contact><telecom><system value="url"/><value value="http://hl7.org/Special/committees/[something]"/></telecom></contact><description value="Diese ValueSet enhält SNOMED-Codes für 'ethnische Gruppen'."/><jurisdiction><coding><system value="http://unstats.un.org/unsd/methods/m49/m49.htm"/><code value="001"/></coding></jurisdiction><compose><include><system value="http://snomed.info/sct"/><filter><property value="concept"/><op value="is-a"/><value value="372148003"/></filter></include></compose></ValueSet>