<?xml version="1.0" encoding="UTF-8"?><ValueSet xmlns="http://hl7.org/fhir"><id value="vs-leucocytes-diptest-finding"/><text><status value="generated"/><div xmlns="http://www.w3.org/1999/xhtml"><ul><li>Include these codes as defined in <a href="http://www.snomed.org/"><code>http://snomed.info/sct</code></a><table class="none"><tr><td style="white-space:nowrap"><b>Code</b></td><td><b>Display</b></td></tr><tr><td><a href="http://snomed.info/id/260385009">260385009</a></td><td>Negative</td></tr><tr><td><a href="http://snomed.info/id/394712000">394712000</a></td><td>+</td></tr><tr><td><a href="http://snomed.info/id/394713005">394713005</a></td><td>++</td></tr><tr><td><a href="http://snomed.info/id/394714004">394714004</a></td><td>+++</td></tr></table></li></ul></div></text><extension url="http://hl7.org/fhir/StructureDefinition/structuredefinition-fmm"><valueInteger value="1"><extension url="http://hl7.org/fhir/StructureDefinition/structuredefinition-conformance-derivedFrom"><valueCanonical value="http://somewhere.org/fhir/uv/myig/ImplementationGuide/fhir.cde-catalog"/></extension></valueInteger></extension><extension url="http://hl7.org/fhir/StructureDefinition/structuredefinition-standards-status"><valueCode value="informative"><extension url="http://hl7.org/fhir/StructureDefinition/structuredefinition-conformance-derivedFrom"><valueCanonical value="http://somewhere.org/fhir/uv/myig/ImplementationGuide/fhir.cde-catalog"/></extension></valueCode></extension><url value="http://somewhere.org/fhir/uv/myig/ValueSet/vs-leucocytes-diptest-finding"/><version value="0.2.0"/><name value="VS_LeucocytesDiptestFinding"/><title value="VS Leucocytes Diptest Finding"/><status value="active"/><date value="2023-03-13T12:04:54+01:00"/><publisher value="HL7 International - [Some] Work Group"/><contact><telecom><system value="url"/><value value="http://hl7.org/Special/committees/[something]"/></telecom></contact><description value="Dieses ValueSet enthält Snomed-Codes für "/><jurisdiction><coding><system value="http://unstats.un.org/unsd/methods/m49/m49.htm"/><code value="001"/></coding></jurisdiction><compose><include><system value="http://snomed.info/sct"/><concept><code value="260385009"/><display value="Negative"/></concept><concept><code value="394712000"/><display value="+"/></concept><concept><code value="394713005"/><display value="++"/></concept><concept><code value="394714004"/><display value="+++"/></concept></include></compose></ValueSet>