<?xml version="1.0" encoding="UTF-8"?><ValueSet xmlns="http://hl7.org/fhir"><id value="vs-specimen-types"/><text><status value="generated"/><div xmlns="http://www.w3.org/1999/xhtml"><ul><li>Include these codes as defined in <a href="http://loinc.org"><code>http://loinc.org</code></a><table class="none"><tr><td style="white-space:nowrap"><b>Code</b></td><td><b>Display</b></td></tr><tr><td><a href="https://loinc.org/LP7057-5/">LP7057-5</a></td><td/></tr><tr><td><a href="https://loinc.org/LP7067-4/">LP7067-4</a></td><td/></tr><tr><td><a href="https://loinc.org/LP7567-3/">LP7567-3</a></td><td/></tr><tr><td><a href="https://loinc.org/LP7479-1/">LP7479-1</a></td><td/></tr><tr><td><a href="https://loinc.org/LP7536-8/">LP7536-8</a></td><td/></tr><tr><td><a href="https://loinc.org/LP7494-0/">LP7494-0</a></td><td/></tr><tr><td><a href="https://loinc.org/LP7690-3/">LP7690-3</a></td><td/></tr><tr><td><a href="https://loinc.org/LP7156-5/">LP7156-5</a></td><td/></tr><tr><td><a href="https://loinc.org/LP7238-1/">LP7238-1</a></td><td/></tr></table></li></ul></div></text><extension url="http://hl7.org/fhir/StructureDefinition/structuredefinition-fmm"><valueInteger value="1"><extension url="http://hl7.org/fhir/StructureDefinition/structuredefinition-conformance-derivedFrom"><valueCanonical value="http://somewhere.org/fhir/uv/myig/ImplementationGuide/fhir.cde-catalog"/></extension></valueInteger></extension><extension url="http://hl7.org/fhir/StructureDefinition/structuredefinition-standards-status"><valueCode value="informative"><extension url="http://hl7.org/fhir/StructureDefinition/structuredefinition-conformance-derivedFrom"><valueCanonical value="http://somewhere.org/fhir/uv/myig/ImplementationGuide/fhir.cde-catalog"/></extension></valueCode></extension><url value="http://somewhere.org/fhir/uv/myig/ValueSet/vs-specimen-types"/><version value="0.2.0"/><name value="VS_SpecimenTypes"/><title value="VS Specimen Types"/><status value="active"/><date value="2023-03-02T23:17:06+01:00"/><publisher value="HL7 International - [Some] Work Group"/><contact><telecom><system value="url"/><value value="http://hl7.org/Special/committees/[something]"/></telecom></contact><description value="LOINC Codes für 'Probenmaterial'"/><jurisdiction><coding><system value="http://unstats.un.org/unsd/methods/m49/m49.htm"/><code value="001"/></coding></jurisdiction><compose><include><system value="http://loinc.org"/><concept><code value="LP7057-5"/></concept><concept><code value="LP7067-4"/></concept><concept><code value="LP7567-3"/></concept><concept><code value="LP7479-1"/></concept><concept><code value="LP7536-8"/></concept><concept><code value="LP7494-0"/></concept><concept><code value="LP7690-3"/></concept><concept><code value="LP7156-5"/></concept><concept><code value="LP7238-1"/></concept></include></compose></ValueSet>