<?xml version="1.0" encoding="UTF-8"?><ValueSet xmlns="http://hl7.org/fhir"><id value="vs-molar-concentration-units"/><text><status value="generated"/><div xmlns="http://www.w3.org/1999/xhtml"><ul><li>Include these codes as defined in <a href="http://unitsofmeasure.org"><code>http://unitsofmeasure.org</code></a><table class="none"><tr><td style="white-space:nowrap"><b>Code</b></td><td><b>Display</b></td></tr><tr><td>umol/L</td><td>umol/L</td></tr><tr><td>mmol/L</td><td>mmol/L</td></tr><tr><td>fmol/mL</td><td>fmol/mL</td></tr><tr><td>pmol/mL</td><td>pmol/mL</td></tr><tr><td>nmol/mL</td><td>nmol/mL</td></tr><tr><td>umol/mL</td><td>umol/mL</td></tr><tr><td>mol/mL</td><td>mol/mL</td></tr><tr><td>pmol/dL</td><td>pmol/dL</td></tr><tr><td>nmol/dL</td><td>nmol/dL</td></tr><tr><td>umol/dL</td><td>umol/dL</td></tr><tr><td>mmol/dL</td><td>mmol/dL</td></tr><tr><td>pmol/L</td><td>pmol/L</td></tr><tr><td>nmol/L</td><td>nmol/L</td></tr><tr><td>mol/L</td><td>mol/L</td></tr><tr><td>mol/m3</td><td>mol/m3</td></tr></table></li></ul></div></text><extension url="http://hl7.org/fhir/StructureDefinition/structuredefinition-fmm"><valueInteger value="1"><extension url="http://hl7.org/fhir/StructureDefinition/structuredefinition-conformance-derivedFrom"><valueCanonical value="http://somewhere.org/fhir/uv/myig/ImplementationGuide/fhir.cde-catalog"/></extension></valueInteger></extension><extension url="http://hl7.org/fhir/StructureDefinition/structuredefinition-standards-status"><valueCode value="informative"><extension url="http://hl7.org/fhir/StructureDefinition/structuredefinition-conformance-derivedFrom"><valueCanonical value="http://somewhere.org/fhir/uv/myig/ImplementationGuide/fhir.cde-catalog"/></extension></valueCode></extension><url value="http://somewhere.org/fhir/uv/myig/ValueSet/vs-molar-concentration-units"/><version value="0.2.0"/><name value="VS_MolarConcentrationUnits"/><title value="VS Molar Concentration Units"/><status value="active"/><date value="2023-03-06T16:38:28+01:00"/><publisher value="HL7 International - [Some] Work Group"/><contact><telecom><system value="url"/><value value="http://hl7.org/Special/committees/[something]"/></telecom></contact><description value="UCUM Codes für Stoffmengenkonzentration"/><jurisdiction><coding><system value="http://unstats.un.org/unsd/methods/m49/m49.htm"/><code value="001"/></coding></jurisdiction><compose><include><system value="http://unitsofmeasure.org"/><concept><code value="umol/L"/></concept><concept><code value="mmol/L"/></concept><concept><code value="fmol/mL"/></concept><concept><code value="pmol/mL"/></concept><concept><code value="nmol/mL"/></concept><concept><code value="umol/mL"/></concept><concept><code value="mol/mL"/></concept><concept><code value="pmol/dL"/></concept><concept><code value="nmol/dL"/></concept><concept><code value="umol/dL"/></concept><concept><code value="mmol/dL"/></concept><concept><code value="pmol/L"/></concept><concept><code value="nmol/L"/></concept><concept><code value="mol/L"/></concept><concept><code value="mol/m3"/></concept></include></compose></ValueSet>