<?xml version="1.0" encoding="UTF-8"?><ValueSet xmlns="http://hl7.org/fhir"><id value="vs-sentinel-conceptual-domain"/><text><status value="generated"/><div xmlns="http://www.w3.org/1999/xhtml"><ul><li>Include these codes as defined in <a href="http://www.snomed.org/"><code>http://snomed.info/sct</code></a><table class="none"><tr><td style="white-space:nowrap"><b>Code</b></td><td><b>Display</b></td></tr><tr><td><a href="http://snomed.info/id/385660001">385660001</a></td><td>Not done</td></tr><tr><td><a href="http://snomed.info/id/1220561009">1220561009</a></td><td>Not recorded</td></tr><tr><td><a href="http://snomed.info/id/443390004">443390004</a></td><td>Refused</td></tr><tr><td><a href="http://snomed.info/id/261665006">261665006</a></td><td>Unknown</td></tr></table></li></ul></div></text><extension url="http://hl7.org/fhir/StructureDefinition/structuredefinition-fmm"><valueInteger value="1"><extension url="http://hl7.org/fhir/StructureDefinition/structuredefinition-conformance-derivedFrom"><valueCanonical value="http://hl7.org/de/ImplementationGuide/fhir.cde-katalog"/></extension></valueInteger></extension><extension url="http://hl7.org/fhir/StructureDefinition/structuredefinition-standards-status"><valueCode value="informative"><extension url="http://hl7.org/fhir/StructureDefinition/structuredefinition-conformance-derivedFrom"><valueCanonical value="http://hl7.org/de/ImplementationGuide/fhir.cde-katalog"/></extension></valueCode></extension><url value="http://hl7.org/de/ValueSet/vs-sentinel-conceptual-domain"/><version value="0.2.0"/><name value="VS_SentinelConceptualDomain"/><title value="Reasons for missing data (sentinel)"/><status value="active"/><experimental value="false"/><date value="2023-03-17T18:03:12+01:00"/><publisher value="HL7 International - CDE Katalog Arbeitsgruppe"/><contact><telecom><system value="url"/><value value="http://hl7.org/Special/committees/[something]"/></telecom></contact><description value="Dieses ValueSet enthält SNOMED-Codes für Sentinel-Kategorien."/><jurisdiction><coding><system value="http://unstats.un.org/unsd/methods/m49/m49.htm"/><code value="001"/></coding></jurisdiction><compose><include><system value="http://snomed.info/sct"/><concept><code value="385660001"/><display value="Not done"/></concept><concept><code value="1220561009"/><display value="Not recorded"/></concept><concept><code value="443390004"/><display value="Refused"/></concept><concept><code value="261665006"/><display value="Unknown"/></concept></include></compose></ValueSet>