<?xml version="1.0" encoding="UTF-8"?><ValueSet xmlns="http://hl7.org/fhir"><id value="valueset-fake"/><text><status value="generated"/><div xmlns="http://www.w3.org/1999/xhtml"><ul><li>Include these codes as defined in <a href="CodeSystem-cs-fake.html"><code>http://somewhere.org/fhir/uv/myig/CodeSystem/cs-fake</code></a><table class="none"><tr><td style="white-space:nowrap"><b>Code</b></td><td><b>Display</b></td></tr><tr><td><a href="CodeSystem-cs-fake.html#cs-fake-01">01</a></td><td>VS1</td></tr></table></li></ul></div></text><extension url="http://hl7.org/fhir/StructureDefinition/structuredefinition-standards-status"><valueCode value="informative"><extension url="http://hl7.org/fhir/StructureDefinition/structuredefinition-conformance-derivedFrom"><valueCanonical value="http://somewhere.org/fhir/uv/myig/ImplementationGuide/fhir.cde-catalog"/></extension></valueCode></extension><url value="http://somewhere.org/fhir/uv/myig/ValueSet/valueset-fake"/><version value="0.2.0"/><name value="ValueSetFake"/><title value="ValueSet fake"/><status value="draft"/><experimental value="true"/><date value="2015-06-22"/><publisher value="HL7 International - [Some] Work Group"/><contact><telecom><system value="url"/><value value="http://hl7.org/Special/committees/[something]"/></telecom></contact><description value="A fake value"/><jurisdiction><coding><system value="http://unstats.un.org/unsd/methods/m49/m49.htm"/><code value="001"/></coding></jurisdiction><compose><include><system value="http://somewhere.org/fhir/uv/myig/CodeSystem/cs-fake"/><concept><code value="01"/><display value="VS1"/><designation><value value="VS2"/></designation></concept></include></compose></ValueSet>