<?xml version="1.0" encoding="UTF-8"?><ValueSet xmlns="http://hl7.org/fhir"><id value="vs-qualifier-for-presence"/><text><status value="generated"/><div xmlns="http://www.w3.org/1999/xhtml"><ul><li>Include these codes as defined in <a href="http://www.snomed.org/"><code>http://snomed.info/sct</code></a><table class="none"><tr><td style="white-space:nowrap"><b>Code</b></td><td><b>Display</b></td></tr><tr><td><a href="http://snomed.info/id/260385009">260385009</a></td><td>Negativ</td></tr><tr><td><a href="http://snomed.info/id/441614007">441614007</a></td><td>Present one plus out of three plus</td></tr><tr><td><a href="http://snomed.info/id/441517005">441517005</a></td><td>Present two plus out of three plus</td></tr><tr><td><a href="http://snomed.info/id/441521003">441521003</a></td><td>Present three plus out of three plus</td></tr></table></li></ul></div></text><extension url="http://hl7.org/fhir/StructureDefinition/structuredefinition-fmm"><valueInteger value="1"><extension url="http://hl7.org/fhir/StructureDefinition/structuredefinition-conformance-derivedFrom"><valueCanonical value="http://hl7.org/de/ImplementationGuide/fhir.cde-katalog"/></extension></valueInteger></extension><extension url="http://hl7.org/fhir/StructureDefinition/structuredefinition-standards-status"><valueCode value="informative"><extension url="http://hl7.org/fhir/StructureDefinition/structuredefinition-conformance-derivedFrom"><valueCanonical value="http://hl7.org/de/ImplementationGuide/fhir.cde-katalog"/></extension></valueCode></extension><url value="http://hl7.org/de/ValueSet/vs-qualifier-for-presence"/><version value="0.2.0"/><name value="VS_QualifierForPresence"/><title value="Present Qualifers (negativ until three plus)"/><status value="active"/><experimental value="false"/><date value="2023-03-17T18:03:12+01:00"/><publisher value="HL7 International - CDE Katalog Arbeitsgruppe"/><contact><telecom><system value="url"/><value value="http://hl7.org/Special/committees/[something]"/></telecom></contact><description value="Dieses ValueSet enthält SNOMED-Codes der das Vorhandensein des Zustands oder der zu testenden Substanz anzeigt."/><jurisdiction><coding><system value="http://unstats.un.org/unsd/methods/m49/m49.htm"/><code value="001"/></coding></jurisdiction><compose><include><system value="http://snomed.info/sct"/><concept><code value="260385009"/><display value="Negativ"/></concept><concept><code value="441614007"/><display value="Present one plus out of three plus"/></concept><concept><code value="441517005"/><display value="Present two plus out of three plus"/></concept><concept><code value="441521003"/><display value="Present three plus out of three plus"/></concept></include></compose></ValueSet>