<?xml version="1.0" encoding="UTF-8"?>

  <!--  

test comment for display

 -->
<Patient xmlns="http://hl7.org/fhir">
  <id value="example"/>
  <meta>
    <profile value="http://somewhere.org/fhir/uv/myig/StructureDefinition/mypatient"/>
  </meta>
  <text>
    <status value="generated"/><div xmlns="http://www.w3.org/1999/xhtml"><p style="border: 1px #661aff solid; background-color: #e6e6ff; padding: 10px;"><b>Jack Smith </b> (no stated gender), DoB Unknown</p><hr/><table class="grid"><tr><td style="background-color: #f3f5da" title="Alternate names (see the one above)">Alt Names:</td><td colspan="3"><ul><li>John Jacob Jingleheimer Smith (OFFICIAL)</li><li>John Jacob Jingleheimer Smith (OFFICIAL)</li></ul></td></tr><tr><td style="background-color: #f3f5da" title="What this extension means."><a href="StructureDefinition-ext-myExtension.html">My awesome extension:</a></td><td colspan="3"><ul><li>false</li></ul></td></tr></table></div>
  </text>
  <extension url="http://somewhere.org/fhir/uv/myig/StructureDefinition/ext-myExtension">
    <valueBoolean value="false"/>
  </extension>
  <name>
    <use value="usual"/>
    <family value="Smith"/>
    <given value="Jack"/>
  </name>
  <name>
    <use value="official"/>
    <family value="Smith"/>
    <given value="John"/>
    <given value="Jacob"/>
    <given value="Jingleheimer"/>
    <period>
      <end value="2001-01-01"/>
    </period>
  </name>
  <name>
    <use value="official"/>
    <family value="Smith"/>
    <given value="John"/>
    <given value="Jacob"/>
    <given value="Jingleheimer"/>
    <period>
      <start value="2001-01-01"/>
    </period>
  </name>
</Patient>