<?xml version="1.0" encoding="UTF-8"?>

<ValueSet xmlns="http://hl7.org/fhir">
  <id value="vs-mass-units"/>
  <text>
    <status value="generated"/><div xmlns="http://www.w3.org/1999/xhtml"><ul><li>Include these codes as defined in <a href="http://unitsofmeasure.org"><code>http://unitsofmeasure.org</code></a><table class="none"><tr><td style="white-space:nowrap"><b>Code</b></td><td><b>Display</b></td></tr><tr><td>fg</td><td>fg</td></tr><tr><td>pg</td><td>pg</td></tr><tr><td>ng</td><td>ng</td></tr><tr><td>ug</td><td>ug</td></tr><tr><td>mg</td><td>mg</td></tr><tr><td>g</td><td>g</td></tr><tr><td>dg</td><td>dg</td></tr><tr><td>cg</td><td>cg</td></tr><tr><td>kg</td><td>kg</td></tr><tr><td>t</td><td>t</td></tr></table></li></ul></div>
  </text>
  <extension url="http://hl7.org/fhir/StructureDefinition/structuredefinition-fmm">
    <valueInteger value="1">
      <extension url="http://hl7.org/fhir/StructureDefinition/structuredefinition-conformance-derivedFrom">
        <valueCanonical value="http://somewhere.org/fhir/uv/myig/ImplementationGuide/fhir.cde-catalog"/>
      </extension>
    </valueInteger>
  </extension>
  <extension url="http://hl7.org/fhir/StructureDefinition/structuredefinition-standards-status">
    <valueCode value="informative">
      <extension url="http://hl7.org/fhir/StructureDefinition/structuredefinition-conformance-derivedFrom">
        <valueCanonical value="http://somewhere.org/fhir/uv/myig/ImplementationGuide/fhir.cde-catalog"/>
      </extension>
    </valueCode>
  </extension>
  <url value="http://somewhere.org/fhir/uv/myig/ValueSet/vs-mass-units"/>
  <version value="0.2.0"/>
  <name value="VS_MassUnits"/>
  <title value="VS Mass Units"/>
  <status value="active"/>
  <date value="2023-03-05T18:57:32+01:00"/>
  <publisher value="HL7 International - [Some] Work Group"/>
  <contact>
    <telecom>
      <system value="url"/>
      <value value="http://hl7.org/Special/committees/[something]"/>
    </telecom>
  </contact>
  <description value="UCUM Codes für 'Masse'"/>
  <jurisdiction>
    <coding>
      <system value="http://unstats.un.org/unsd/methods/m49/m49.htm"/>
      <code value="001"/>
    </coding>
  </jurisdiction>
  <compose>
    <include>
      <system value="http://unitsofmeasure.org"/>
      <concept>
        <code value="fg"/>
      </concept>
      <concept>
        <code value="pg"/>
      </concept>
      <concept>
        <code value="ng"/>
      </concept>
      <concept>
        <code value="ug"/>
      </concept>
      <concept>
        <code value="mg"/>
      </concept>
      <concept>
        <code value="g"/>
      </concept>
      <concept>
        <code value="dg"/>
      </concept>
      <concept>
        <code value="cg"/>
      </concept>
      <concept>
        <code value="kg"/>
      </concept>
      <concept>
        <code value="t"/>
      </concept>
    </include>
  </compose>
</ValueSet>