<?xml version="1.0" encoding="UTF-8"?>

<ValueSet xmlns="http://hl7.org/fhir">
  <id value="vs-binary-decision-yes-or-no-as-snomed"/>
  <text>
    <status value="generated"/><div xmlns="http://www.w3.org/1999/xhtml"><ul><li>Include these codes as defined in <a href="http://www.snomed.org/"><code>http://snomed.info/sct</code></a><table class="none"><tr><td style="white-space:nowrap"><b>Code</b></td><td><b>Display</b></td></tr><tr><td><a href="http://snomed.info/id/260385009">260385009</a></td><td>Nein</td></tr><tr><td><a href="http://snomed.info/id/10828004">10828004</a></td><td>Ja</td></tr></table></li></ul></div>
  </text>
  <url value="http://somewhere.org/fhir/uv/myig/ValueSet/vs-binary-decision-yes-or-no-as-snomed"/>
  <version value="0.1.0"/>
  <name value="VS_BinaryDecisionYesOrNoAsSnomed"/>
  <title value="VS Binary Decision Yes Or No as Snomed"/>
  <status value="active"/>
  <date value="2023-03-02T21:18:11+01:00"/>
  <publisher value="Nils Haendly"/>
  <contact>
    <name value="Nils Haendly"/>
    <telecom>
      <system value="url"/>
      <value value="http://noctiz89.github.io/CDE-Katalog/index.html"/>
    </telecom>
  </contact>
  <description value="Dieses ValueSet enthält Snomed-Codes für Ja oder Nein."/>
  <compose>
    <include>
      <system value="http://snomed.info/sct"/>
      <concept>
        <code value="260385009"/>
        <display value="Nein"/>
      </concept>
      <concept>
        <code value="10828004"/>
        <display value="Ja"/>
      </concept>
    </include>
  </compose>
</ValueSet>