<?xml version="1.0" encoding="UTF-8"?>

<ValueSet xmlns="http://hl7.org/fhir">
  <id value="vs-smoking-status"/>
  <text>
    <status value="generated"/><div xmlns="http://www.w3.org/1999/xhtml"><ul><li>Include these codes as defined in <a href="http://www.snomed.org/"><code>http://snomed.info/sct</code></a><table class="none"><tr><td style="white-space:nowrap"><b>Code</b></td><td><b>Display</b></td></tr><tr><td><a href="http://snomed.info/id/449868002">449868002</a></td><td>Smokes tobacco daily</td></tr><tr><td><a href="http://snomed.info/id/428041000124106">428041000124106</a></td><td>Occasional tobacco smoker</td></tr><tr><td><a href="http://snomed.info/id/8517006">8517006</a></td><td>Ex-smoker</td></tr><tr><td><a href="http://snomed.info/id/8392000">8392000</a></td><td>Non-smoker</td></tr></table></li></ul></div>
  </text>
  <extension url="http://hl7.org/fhir/StructureDefinition/structuredefinition-fmm">
    <valueInteger value="1">
      <extension url="http://hl7.org/fhir/StructureDefinition/structuredefinition-conformance-derivedFrom">
        <valueCanonical value="http://somewhere.org/fhir/uv/myig/ImplementationGuide/fhir.cde-catalog"/>
      </extension>
    </valueInteger>
  </extension>
  <extension url="http://hl7.org/fhir/StructureDefinition/structuredefinition-standards-status">
    <valueCode value="informative">
      <extension url="http://hl7.org/fhir/StructureDefinition/structuredefinition-conformance-derivedFrom">
        <valueCanonical value="http://somewhere.org/fhir/uv/myig/ImplementationGuide/fhir.cde-catalog"/>
      </extension>
    </valueCode>
  </extension>
  <url value="http://somewhere.org/fhir/uv/myig/ValueSet/vs-smoking-status"/>
  <version value="0.2.0"/>
  <name value="VS_SmokingStatus"/>
  <title value="VS Smoking Status"/>
  <status value="active"/>
  <date value="2023-03-06T16:00:54+01:00"/>
  <publisher value="HL7 International - [Some] Work Group"/>
  <contact>
    <telecom>
      <system value="url"/>
      <value value="http://hl7.org/Special/committees/[something]"/>
    </telecom>
  </contact>
  <description value="Dieses ValueSet enthält Snomed-Codes für den Raucherstatus."/>
  <jurisdiction>
    <coding>
      <system value="http://unstats.un.org/unsd/methods/m49/m49.htm"/>
      <code value="001"/>
    </coding>
  </jurisdiction>
  <compose>
    <include>
      <system value="http://snomed.info/sct"/>
      <concept>
        <code value="449868002"/>
        <display value="Smokes tobacco daily"/>
      </concept>
      <concept>
        <code value="428041000124106"/>
        <display value="Occasional tobacco smoker"/>
      </concept>
      <concept>
        <code value="8517006"/>
        <display value="Ex-smoker"/>
      </concept>
      <concept>
        <code value="8392000"/>
        <display value="Non-smoker"/>
      </concept>
    </include>
  </compose>
</ValueSet>