<?xml version="1.0" encoding="UTF-8"?>

<ValueSet xmlns="http://hl7.org/fhir">
  <id value="vs-administrative-gender"/>
  <text>
    <status value="generated"/><div xmlns="http://www.w3.org/1999/xhtml"><ul><li>Import all the codes that are contained in <a href="http://hl7.org/fhir/R4/valueset-administrative-gender.html">AdministrativeGender</a></li></ul></div>
  </text>
  <url value="http://somewhere.org/fhir/uv/myig/ValueSet/vs-administrative-gender"/>
  <version value="0.1.0"/>
  <name value="VS_AdministrativeGender"/>
  <title value="VS AdministrativeGender"/>
  <status value="active"/>
  <date value="2023-03-02T21:55:41+01:00"/>
  <publisher value="Nils Haendly"/>
  <contact>
    <name value="Nils Haendly"/>
    <telecom>
      <system value="url"/>
      <value value="http://noctiz89.github.io/CDE-Katalog/index.html"/>
    </telecom>
  </contact>
  <description value="Dieses ValueSet enthält Codes für das administrative Geschlecht."/>
  <compose>
    <include>
      <valueSet value="http://hl7.org/fhir/ValueSet/administrative-gender"/>
    </include>
  </compose>
</ValueSet>