<?xml version="1.0" encoding="UTF-8"?>

<ValueSet xmlns="http://hl7.org/fhir">
  <id value="vs-glasgow-coma-scale-for-adults"/>
  <text>
    <status value="generated"/><div xmlns="http://www.w3.org/1999/xhtml"><p>This value set includes codes based on the following rules:</p><ul/></div>
  </text>
  <url value="http://somewhere.org/fhir/uv/myig/ValueSet/vs-glasgow-coma-scale-for-adults"/>
  <version value="0.1.0"/>
  <name value="VS_GlasgowComaScaleForAdults"/>
  <title value="VS Glasgow Coma Scale For Adults"/>
  <status value="active"/>
  <date value="2023-03-02T21:55:41+01:00"/>
  <publisher value="Nils Haendly"/>
  <contact>
    <name value="Nils Haendly"/>
    <telecom>
      <system value="url"/>
      <value value="http://noctiz89.github.io/CDE-Katalog/index.html"/>
    </telecom>
  </contact>
  <description value="Dieses ValueSet enthält LOINC-Codes für den Glasgow Coma Scale (GCS) für Erwachsene"/>
</ValueSet>