<?xml version="1.0" encoding="UTF-8"?>

<ValueSet xmlns="http://hl7.org/fhir">
  <id value="vs-number-concentration-units"/>
  <text>
    <status value="generated"/><div xmlns="http://www.w3.org/1999/xhtml"><ul><li>Include these codes as defined in <a href="http://unitsofmeasure.org"><code>http://unitsofmeasure.org</code></a><table class="none"><tr><td style="white-space:nowrap"><b>Code</b></td><td><b>Display</b></td></tr><tr><td>uL</td><td>uL</td></tr><tr><td>{Cells}/uL</td><td>{Cells}/uL</td></tr><tr><td>{rbc}/uL</td><td>{rbc}/uL</td></tr><tr><td>10*3/uL</td><td>10*3/uL</td></tr><tr><td>10*6/uL</td><td>10*6/uL</td></tr><tr><td>10*9/uL</td><td>10*9/uL</td></tr><tr><td>/mL</td><td>/mL</td></tr><tr><td>{Spermatozoa}/mL</td><td>{Spermatozoa}/mL</td></tr><tr><td>{Copies}/mL</td><td>{Copies}/mL</td></tr><tr><td>10*3/mL</td><td>10*3/mL</td></tr><tr><td>10*3{Copies}/mL</td><td>10*3{Copies}/mL</td></tr><tr><td>10*6/mL</td><td>10*6/mL</td></tr><tr><td>10*9/mL</td><td>10*9/mL</td></tr><tr><td>{cfu}/mL</td><td>{cfu}/mL</td></tr><tr><td>/dL</td><td>/dL</td></tr><tr><td>/L</td><td>/L</td></tr><tr><td>10*3/L</td><td>10*3/L</td></tr><tr><td>10*6/L</td><td>10*6/L</td></tr><tr><td>10*12/L</td><td>10*12/L</td></tr><tr><td>10*9/L</td><td>10*9/L</td></tr></table></li></ul></div>
  </text>
  <url value="http://somewhere.org/fhir/uv/myig/ValueSet/vs-number-concentration-units"/>
  <version value="0.1.0"/>
  <name value="VS_NumberConcentrationUnits"/>
  <title value="VS Number Concentration Units"/>
  <status value="active"/>
  <date value="2023-03-02T21:18:11+01:00"/>
  <publisher value="Nils Haendly"/>
  <contact>
    <name value="Nils Haendly"/>
    <telecom>
      <system value="url"/>
      <value value="http://noctiz89.github.io/CDE-Katalog/index.html"/>
    </telecom>
  </contact>
  <description value="UCUM Codes für 'Anzahl pro Volumen'."/>
  <compose>
    <include>
      <system value="http://unitsofmeasure.org"/>
      <concept>
        <code value="uL"/>
      </concept>
      <concept>
        <code value="{Cells}/uL"/>
      </concept>
      <concept>
        <code value="{rbc}/uL"/>
      </concept>
      <concept>
        <code value="10*3/uL"/>
      </concept>
      <concept>
        <code value="10*6/uL"/>
      </concept>
      <concept>
        <code value="10*9/uL"/>
      </concept>
      <concept>
        <code value="/mL"/>
      </concept>
      <concept>
        <code value="{Spermatozoa}/mL"/>
      </concept>
      <concept>
        <code value="{Copies}/mL"/>
      </concept>
      <concept>
        <code value="10*3/mL"/>
      </concept>
      <concept>
        <code value="10*3{Copies}/mL"/>
      </concept>
      <concept>
        <code value="10*6/mL"/>
      </concept>
      <concept>
        <code value="10*9/mL"/>
      </concept>
      <concept>
        <code value="{cfu}/mL"/>
      </concept>
      <concept>
        <code value="/dL"/>
      </concept>
      <concept>
        <code value="/L"/>
      </concept>
      <concept>
        <code value="10*3/L"/>
      </concept>
      <concept>
        <code value="10*6/L"/>
      </concept>
      <concept>
        <code value="10*12/L"/>
      </concept>
      <concept>
        <code value="10*9/L"/>
      </concept>
    </include>
  </compose>
</ValueSet>