<?xml version="1.0" encoding="UTF-8"?>

<ValueSet xmlns="http://hl7.org/fhir">
  <id value="2.16.840.1.113883.3.1937.99.61.76.11.2--20221103133509"/>
  <meta>
    <profile value="http://hl7.org/fhir/StructureDefinition/shareablevalueset"/>
  </meta>
  <text>
    <status value="generated"/><div xmlns="http://www.w3.org/1999/xhtml"><ul><li>Include these codes as defined in <a href="http://www.snomed.org/"><code>http://snomed.info/sct</code></a><table class="none"><tr><td style="white-space:nowrap"><b>Code</b></td><td><b>Display</b></td></tr><tr><td><a href="http://snomed.info/id/373066001">373066001</a></td><td>Yes (qualifier value)</td></tr><tr><td><a href="http://snomed.info/id/373067005">373067005</a></td><td>No (qualifier value)</td></tr></table></li></ul></div>
  </text>
  <extension url="http://hl7.org/fhir/StructureDefinition/resource-effectivePeriod">
    <valuePeriod>
      <start value="2022-11-03T13:35:09+01:00"/>
    </valuePeriod>
  </extension>
  <extension url="http://hl7.org/fhir/StructureDefinition/structuredefinition-fmm">
    <valueInteger value="1">
      <extension url="http://hl7.org/fhir/StructureDefinition/structuredefinition-conformance-derivedFrom">
        <valueCanonical value="http://somewhere.org/fhir/uv/myig/ImplementationGuide/fhir.cde-catalog"/>
      </extension>
    </valueInteger>
  </extension>
  <extension url="http://hl7.org/fhir/StructureDefinition/structuredefinition-standards-status">
    <valueCode value="informative">
      <extension url="http://hl7.org/fhir/StructureDefinition/structuredefinition-conformance-derivedFrom">
        <valueCanonical value="http://somewhere.org/fhir/uv/myig/ImplementationGuide/fhir.cde-catalog"/>
      </extension>
    </valueCode>
  </extension>
  <url value="https://develop.art-decor.org/fhir/ValueSet/2.16.840.1.113883.3.1937.99.61.76.11.2--20221103133509"/>
  <identifier>
    <use value="official"/>
    <system value="urn:ietf:rfc:3986"/>
    <value value="urn:oid:2.16.840.1.113883.3.1937.99.61.76.11.2"/>
  </identifier>
  <version value="0.2.0"/>
  <name value="ValueSet_YesNoQualfier"/>
  <title value="valueSet_YesNoQualifier"/>
  <status value="draft"/>
  <experimental value="false"/>
  <date value="2023-03-14T13:58:26+01:00"/>
  <publisher value="HL7 International - [Some] Work Group"/>
  <contact>
    <telecom>
      <system value="url"/>
      <value value="http://hl7.org/Special/committees/[something]"/>
    </telecom>
  </contact>
  <description value="valueSet_YesNoQualifier"/>
  <jurisdiction>
    <coding>
      <system value="http://unstats.un.org/unsd/methods/m49/m49.htm"/>
      <code value="001"/>
    </coding>
  </jurisdiction>
  <immutable value="false"/>
  <copyright value="This artefact includes content from SNOMED Clinical Terms® (SNOMED CT®) which is copyright of the International Health Terminology Standards Development Organisation (IHTSDO). Implementers of these artefacts must have the appropriate SNOMED CT Affiliate license - for more information contact http://www.snomed.org/snomed-ct/getsnomed-ct or info@snomed.org."/>
  <compose>
    <include>
      <system value="http://snomed.info/sct"/>
      <concept>
        <code value="373066001"/>
        <display value="Yes (qualifier value)"/>
      </concept>
      <concept>
        <code value="373067005"/>
        <display value="No (qualifier value)"/>
      </concept>
    </include>
  </compose>
</ValueSet>