<?xml version="1.0" encoding="UTF-8"?>

<ValueSet xmlns="http://hl7.org/fhir">
  <id value="vs-mass-concentration-units"/>
  <text>
    <status value="generated"/><div xmlns="http://www.w3.org/1999/xhtml"><ul><li>Include these codes as defined in <a href="http://unitsofmeasure.org"><code>http://unitsofmeasure.org</code></a><table class="none"><tr><td style="white-space:nowrap"><b>Code</b></td><td><b>Display</b></td></tr><tr><td>pg/mL</td><td>pg/mL</td></tr><tr><td>ng/mL</td><td>ng/mL</td></tr><tr><td>ng/mL{rbc}</td><td>ng/mL{rbc}</td></tr><tr><td>ug/mL</td><td>ug/mL</td></tr><tr><td>mg/mL</td><td>mg/mL</td></tr><tr><td>g/mL</td><td>g/mL</td></tr><tr><td>pg/dL</td><td>pg/dL</td></tr><tr><td>ng/dL</td><td>ng/dL</td></tr><tr><td>ug/dL</td><td>ug/dL</td></tr><tr><td>ug/dL{rbc}</td><td>ug/dL{rbc}</td></tr><tr><td>mg/dL</td><td>mg/dL</td></tr><tr><td>mg{Phenylketones}/dL</td><td>mg{Phenylketones}/dL</td></tr><tr><td>g/dL</td><td>g/dL</td></tr><tr><td>ng/L</td><td>ng/L</td></tr><tr><td>pg/L</td><td>pg/L</td></tr><tr><td>ug/L</td><td>ug/L</td></tr><tr><td>mg/L</td><td>mg/L</td></tr><tr><td>g/L</td><td>g/L</td></tr><tr><td>kg/L</td><td>kg/L</td></tr><tr><td>mg/m3</td><td>mg/m3</td></tr><tr><td>kg/m3</td><td>kg/m3</td></tr></table></li></ul></div>
  </text>
  <extension url="http://hl7.org/fhir/StructureDefinition/structuredefinition-fmm">
    <valueInteger value="1">
      <extension url="http://hl7.org/fhir/StructureDefinition/structuredefinition-conformance-derivedFrom">
        <valueCanonical value="http://somewhere.org/fhir/uv/myig/ImplementationGuide/example.fhir.uv.myig"/>
      </extension>
    </valueInteger>
  </extension>
  <extension url="http://hl7.org/fhir/StructureDefinition/structuredefinition-standards-status">
    <valueCode value="informative">
      <extension url="http://hl7.org/fhir/StructureDefinition/structuredefinition-conformance-derivedFrom">
        <valueCanonical value="http://somewhere.org/fhir/uv/myig/ImplementationGuide/example.fhir.uv.myig"/>
      </extension>
    </valueCode>
  </extension>
  <url value="http://somewhere.org/fhir/uv/myig/ValueSet/vs-mass-concentration-units"/>
  <version value="0.2.0"/>
  <name value="VS_MassConcentrationUnits"/>
  <title value="VS Mass Concentration Units"/>
  <status value="active"/>
  <date value="2023-03-02T19:45:00+01:00"/>
  <publisher value="HL7 International - [Some] Work Group"/>
  <contact>
    <telecom>
      <system value="url"/>
      <value value="http://hl7.org/Special/committees/[something]"/>
    </telecom>
  </contact>
  <description value="UCUM Codes für Massenkonzentration"/>
  <jurisdiction>
    <coding>
      <system value="http://unstats.un.org/unsd/methods/m49/m49.htm"/>
      <code value="001"/>
    </coding>
  </jurisdiction>
  <compose>
    <include>
      <system value="http://unitsofmeasure.org"/>
      <concept>
        <code value="pg/mL"/>
      </concept>
      <concept>
        <code value="ng/mL"/>
      </concept>
      <concept>
        <code value="ng/mL{rbc}"/>
      </concept>
      <concept>
        <code value="ug/mL"/>
      </concept>
      <concept>
        <code value="mg/mL"/>
      </concept>
      <concept>
        <code value="g/mL"/>
      </concept>
      <concept>
        <code value="pg/dL"/>
      </concept>
      <concept>
        <code value="ng/dL"/>
      </concept>
      <concept>
        <code value="ug/dL"/>
      </concept>
      <concept>
        <code value="ug/dL{rbc}"/>
      </concept>
      <concept>
        <code value="mg/dL"/>
      </concept>
      <concept>
        <code value="mg{Phenylketones}/dL"/>
      </concept>
      <concept>
        <code value="g/dL"/>
      </concept>
      <concept>
        <code value="ng/L"/>
      </concept>
      <concept>
        <code value="pg/L"/>
      </concept>
      <concept>
        <code value="ug/L"/>
      </concept>
      <concept>
        <code value="mg/L"/>
      </concept>
      <concept>
        <code value="g/L"/>
      </concept>
      <concept>
        <code value="kg/L"/>
      </concept>
      <concept>
        <code value="mg/m3"/>
      </concept>
      <concept>
        <code value="kg/m3"/>
      </concept>
    </include>
  </compose>
</ValueSet>