<?xml version="1.0" encoding="UTF-8"?>

<ValueSet xmlns="http://hl7.org/fhir">
  <id value="vs-missing-values-as-snomed"/>
  <text>
    <status value="generated"/><div xmlns="http://www.w3.org/1999/xhtml"><ul><li>Include these codes as defined in <a href="http://www.snomed.org/"><code>http://snomed.info/sct</code></a><table class="none"><tr><td style="white-space:nowrap"><b>Code</b></td><td><b>Display</b></td></tr><tr><td><a href="http://snomed.info/id/1631000175102">1631000175102</a></td><td>Der Patient wurde nicht gefragt.</td></tr><tr><td><a href="http://snomed.info/id/261665006">261665006</a></td><td>Unbekannt</td></tr><tr><td><a href="http://snomed.info/id/1220561009">1220561009</a></td><td>Wird nicht aufgezeichnet/erfasst.</td></tr></table></li></ul></div>
  </text>
  <extension url="http://hl7.org/fhir/StructureDefinition/structuredefinition-fmm">
    <valueInteger value="1">
      <extension url="http://hl7.org/fhir/StructureDefinition/structuredefinition-conformance-derivedFrom">
        <valueCanonical value="http://somewhere.org/fhir/uv/myig/ImplementationGuide/fhir.cde-catalog"/>
      </extension>
    </valueInteger>
  </extension>
  <extension url="http://hl7.org/fhir/StructureDefinition/structuredefinition-standards-status">
    <valueCode value="informative">
      <extension url="http://hl7.org/fhir/StructureDefinition/structuredefinition-conformance-derivedFrom">
        <valueCanonical value="http://somewhere.org/fhir/uv/myig/ImplementationGuide/fhir.cde-catalog"/>
      </extension>
    </valueCode>
  </extension>
  <url value="http://somewhere.org/fhir/uv/myig/ValueSet/vs-missing-values-as-snomed"/>
  <version value="0.2.0"/>
  <name value="VS_MissingValuesAsSnomed"/>
  <title value="VS Missing Values As Snomed"/>
  <status value="active"/>
  <date value="2023-03-05T01:48:17+01:00"/>
  <publisher value="HL7 International - [Some] Work Group"/>
  <contact>
    <telecom>
      <system value="url"/>
      <value value="http://hl7.org/Special/committees/[something]"/>
    </telecom>
  </contact>
  <description value="Dieses ValueSet enthält Snomed-Codes für fehlende Werte."/>
  <jurisdiction>
    <coding>
      <system value="http://unstats.un.org/unsd/methods/m49/m49.htm"/>
      <code value="001"/>
    </coding>
  </jurisdiction>
  <compose>
    <include>
      <system value="http://snomed.info/sct"/>
      <concept>
        <code value="1631000175102"/>
        <display value="Der Patient wurde nicht gefragt."/>
      </concept>
      <concept>
        <code value="261665006"/>
        <display value="Unbekannt"/>
      </concept>
      <concept>
        <code value="1220561009"/>
        <display value="Wird nicht aufgezeichnet/erfasst."/>
      </concept>
    </include>
  </compose>
</ValueSet>