<?xml version="1.0" encoding="UTF-8"?>

<ValueSet xmlns="http://hl7.org/fhir">
  <id value="vs-biological-gender"/>
  <text>
    <status value="generated"/><div xmlns="http://www.w3.org/1999/xhtml"><ul><li>Include these codes as defined in <a href="http://www.snomed.org/"><code>http://snomed.info/sct</code></a><table class="none"><tr><td style="white-space:nowrap"><b>Code</b></td><td><b>Display</b></td></tr><tr><td><a href="http://snomed.info/id/248153007">248153007</a></td><td>Male</td></tr><tr><td><a href="http://snomed.info/id/248152002">248152002</a></td><td>Female</td></tr><tr><td><a href="http://snomed.info/id/32570691000036108">32570691000036108</a></td><td>Intersex</td></tr></table></li></ul></div>
  </text>
  <extension url="http://hl7.org/fhir/StructureDefinition/structuredefinition-fmm">
    <valueInteger value="1">
      <extension url="http://hl7.org/fhir/StructureDefinition/structuredefinition-conformance-derivedFrom">
        <valueCanonical value="http://fhir.org/de/ImplementationGuide/cde-catalog"/>
      </extension>
    </valueInteger>
  </extension>
  <extension url="http://hl7.org/fhir/StructureDefinition/structuredefinition-standards-status">
    <valueCode value="informative">
      <extension url="http://hl7.org/fhir/StructureDefinition/structuredefinition-conformance-derivedFrom">
        <valueCanonical value="http://fhir.org/de/ImplementationGuide/cde-catalog"/>
      </extension>
    </valueCode>
  </extension>
  <url value="http://fhir.org/de/ValueSet/vs-biological-gender"/>
  <version value="0.2.0"/>
  <name value="VS_BiologicalGender"/>
  <title value="Biological sex types"/>
  <status value="active"/>
  <experimental value="false"/>
  <date value="2023-03-16T15:14:40+01:00"/>
  <publisher value="HL7 International - CDE Katalog Arbeitsgruppe"/>
  <contact>
    <telecom>
      <system value="url"/>
      <value value="http://hl7.org/Special/committees/[something]"/>
    </telecom>
  </contact>
  <description value="Dieses ValueSet enthält Snomed-Codes für das 'biologische Geschlecht'."/>
  <jurisdiction>
    <coding>
      <system value="http://unstats.un.org/unsd/methods/m49/m49.htm"/>
      <code value="001"/>
    </coding>
  </jurisdiction>
  <compose>
    <include>
      <system value="http://snomed.info/sct"/>
      <concept>
        <code value="248153007"/>
        <display value="Male"/>
      </concept>
      <concept>
        <code value="248152002"/>
        <display value="Female"/>
      </concept>
      <concept>
        <code value="32570691000036108"/>
        <display value="Intersex"/>
      </concept>
    </include>
  </compose>
</ValueSet>