<?xml version="1.0" encoding="UTF-8"?>

<ValueSet xmlns="http://hl7.org/fhir">
  <id value="vs-length-units"/>
  <text>
    <status value="generated"/><div xmlns="http://www.w3.org/1999/xhtml"><ul><li>Include these codes as defined in <a href="http://unitsofmeasure.org"><code>http://unitsofmeasure.org</code></a><table class="none"><tr><td style="white-space:nowrap"><b>Code</b></td><td><b>Display</b></td></tr><tr><td>fm</td><td>fm</td></tr><tr><td>pm</td><td>pm</td></tr><tr><td>nm</td><td>nm</td></tr><tr><td>um</td><td>um</td></tr><tr><td>mm</td><td>mm</td></tr><tr><td>cm</td><td>cm</td></tr><tr><td>dm</td><td>dm</td></tr><tr><td>m</td><td>m</td></tr><tr><td>km</td><td>km</td></tr></table></li></ul></div>
  </text>
  <extension url="http://hl7.org/fhir/StructureDefinition/structuredefinition-fmm">
    <valueInteger value="1">
      <extension url="http://hl7.org/fhir/StructureDefinition/structuredefinition-conformance-derivedFrom">
        <valueCanonical value="http://somewhere.org/fhir/uv/myig/ImplementationGuide/fhir.cde-catalog"/>
      </extension>
    </valueInteger>
  </extension>
  <extension url="http://hl7.org/fhir/StructureDefinition/structuredefinition-standards-status">
    <valueCode value="informative">
      <extension url="http://hl7.org/fhir/StructureDefinition/structuredefinition-conformance-derivedFrom">
        <valueCanonical value="http://somewhere.org/fhir/uv/myig/ImplementationGuide/fhir.cde-catalog"/>
      </extension>
    </valueCode>
  </extension>
  <url value="http://somewhere.org/fhir/uv/myig/ValueSet/vs-length-units"/>
  <version value="0.2.0"/>
  <name value="VS_LengthUnits"/>
  <title value="VS Length Units"/>
  <status value="active"/>
  <date value="2023-03-03T00:29:20+01:00"/>
  <publisher value="HL7 International - [Some] Work Group"/>
  <contact>
    <telecom>
      <system value="url"/>
      <value value="http://hl7.org/Special/committees/[something]"/>
    </telecom>
  </contact>
  <description value="UCUM Codes für 'Länge'"/>
  <jurisdiction>
    <coding>
      <system value="http://unstats.un.org/unsd/methods/m49/m49.htm"/>
      <code value="001"/>
    </coding>
  </jurisdiction>
  <compose>
    <include>
      <system value="http://unitsofmeasure.org"/>
      <concept>
        <code value="fm"/>
      </concept>
      <concept>
        <code value="pm"/>
      </concept>
      <concept>
        <code value="nm"/>
      </concept>
      <concept>
        <code value="um"/>
      </concept>
      <concept>
        <code value="mm"/>
      </concept>
      <concept>
        <code value="cm"/>
      </concept>
      <concept>
        <code value="dm"/>
      </concept>
      <concept>
        <code value="m"/>
      </concept>
      <concept>
        <code value="km"/>
      </concept>
    </include>
  </compose>
</ValueSet>