[
  {
    "id" : "fhir.cde-katalog",
    "type" : "ImplementationGuide",
    "url" : "http://hl7.org/de/ImplementationGuide/fhir.cde-katalog",
    "version" : "0.2.0",
    "name" : "cde-katalog"
  },
  {
    "id" : "Top300Loinc",
    "type" : "Questionnaire",
    "url" : "http://hl7.org/de/Questionnaire/Top300Loinc",
    "version" : "0.2.0"
  },
  {
    "id" : "c-age",
    "type" : "StructureDefinition",
    "url" : "http://hl7.org/de/StructureDefinition/c-age",
    "version" : "0.2.0",
    "name" : "C_Age"
  },
  {
    "id" : "c-creatinine",
    "type" : "StructureDefinition",
    "url" : "http://hl7.org/de/StructureDefinition/c-creatinine",
    "version" : "0.2.0",
    "name" : "C_Creatinine"
  },
  {
    "id" : "c-current-chronological-age",
    "type" : "StructureDefinition",
    "url" : "http://hl7.org/de/StructureDefinition/c-current-chronological-age",
    "version" : "0.2.0",
    "name" : "C_CurrentChronologicalAge"
  },
  {
    "id" : "c-date-of-birth",
    "type" : "StructureDefinition",
    "url" : "http://hl7.org/de/StructureDefinition/c-date-of-birth",
    "version" : "0.2.0",
    "name" : "C_DateOfBirth"
  },
  {
    "id" : "c-diagnosis",
    "type" : "StructureDefinition",
    "url" : "http://hl7.org/de/StructureDefinition/c-diagnosis",
    "version" : "0.2.0",
    "name" : "C_Diagnosis"
  },
  {
    "id" : "c-ethnicity",
    "type" : "StructureDefinition",
    "url" : "http://hl7.org/de/StructureDefinition/c-ethnicity",
    "version" : "0.2.0",
    "name" : "C_Ehnicity"
  },
  {
    "id" : "c-finding-of-substance-level",
    "type" : "StructureDefinition",
    "url" : "http://hl7.org/de/StructureDefinition/c-finding-of-substance-level",
    "version" : "0.2.0",
    "name" : "C_FindingOfSubstanceLevel"
  },
  {
    "id" : "c-height",
    "type" : "StructureDefinition",
    "url" : "http://hl7.org/de/StructureDefinition/c-height",
    "version" : "0.2.0",
    "name" : "C_Height"
  },
  {
    "id" : "c-number",
    "type" : "StructureDefinition",
    "url" : "http://hl7.org/de/StructureDefinition/c-number",
    "version" : "0.2.0",
    "name" : "C_Number"
  },
  {
    "id" : "c-person",
    "type" : "StructureDefinition",
    "url" : "http://hl7.org/de/StructureDefinition/c-person",
    "version" : "0.2.0",
    "name" : "C_Person"
  },
  {
    "id" : "c-quantity",
    "type" : "StructureDefinition",
    "url" : "http://hl7.org/de/StructureDefinition/c-quantity",
    "version" : "0.2.0",
    "name" : "C_Quantity"
  },
  {
    "id" : "c-sex",
    "type" : "StructureDefinition",
    "url" : "http://hl7.org/de/StructureDefinition/c-sex",
    "version" : "0.2.0",
    "name" : "C_Sex"
  },
  {
    "id" : "c-specimen",
    "type" : "StructureDefinition",
    "url" : "http://hl7.org/de/StructureDefinition/c-specimen",
    "version" : "0.2.0",
    "name" : "C_Specimen"
  },
  {
    "id" : "c-weight",
    "type" : "StructureDefinition",
    "url" : "http://hl7.org/de/StructureDefinition/c-weight",
    "version" : "0.2.0",
    "name" : "C_Weight"
  },
  {
    "id" : "cd-age",
    "type" : "StructureDefinition",
    "url" : "http://hl7.org/de/StructureDefinition/cd-age",
    "version" : "0.2.0",
    "name" : "CD_Age"
  },
  {
    "id" : "cd-body-weight",
    "type" : "StructureDefinition",
    "url" : "http://hl7.org/de/StructureDefinition/cd-body-weight",
    "version" : "0.2.0",
    "name" : "CD_BodyWeight"
  },
  {
    "id" : "cd-creatinine-mole-concentration",
    "type" : "StructureDefinition",
    "url" : "http://hl7.org/de/StructureDefinition/cd-creatinine-mole-concentration",
    "version" : "0.2.0",
    "name" : "CD_CreatinineMoleConcentration"
  },
  {
    "id" : "cd-date-of-birth",
    "type" : "StructureDefinition",
    "url" : "http://hl7.org/de/StructureDefinition/cd-date-of-birth",
    "version" : "0.2.0",
    "name" : "CD_DateOfBirth"
  },
  {
    "id" : "cde-age",
    "type" : "StructureDefinition",
    "url" : "http://hl7.org/de/StructureDefinition/cde-age",
    "version" : "0.2.0",
    "name" : "CDE_Age"
  },
  {
    "id" : "cde-age-at-diagnosis-of-essential-hypertension",
    "type" : "StructureDefinition",
    "url" : "http://hl7.org/de/StructureDefinition/cde-age-at-diagnosis-of-essential-hypertension",
    "version" : "0.2.0",
    "name" : "CDE_AgeAtDiagnosisOfEssentialHypertension"
  },
  {
    "id" : "cde-birth-date",
    "type" : "StructureDefinition",
    "url" : "http://hl7.org/de/StructureDefinition/cde-birth-date",
    "version" : "0.2.0",
    "name" : "CDE_BirthDate"
  },
  {
    "id" : "cde-blood-pressure-diastolic",
    "type" : "StructureDefinition",
    "url" : "http://hl7.org/de/StructureDefinition/cde-blood-pressure-diastolic",
    "version" : "0.2.0",
    "name" : "CDE_BloodPressureDiastolic"
  },
  {
    "id" : "cde-blood-pressure-systolic",
    "type" : "StructureDefinition",
    "url" : "http://hl7.org/de/StructureDefinition/cde-blood-pressure-systolic",
    "version" : "0.2.0",
    "name" : "CDE_BloodPressureSystolic"
  },
  {
    "id" : "cde-body-height",
    "type" : "StructureDefinition",
    "url" : "http://hl7.org/de/StructureDefinition/cde-body-height",
    "version" : "0.2.0",
    "name" : "CDE_BodyHeight"
  },
  {
    "id" : "cde-body-mass-index",
    "type" : "StructureDefinition",
    "url" : "http://hl7.org/de/StructureDefinition/cde-body-mass-index",
    "version" : "0.2.0",
    "name" : "CDE_BodyMassIndex"
  },
  {
    "id" : "cde-body-weight",
    "type" : "StructureDefinition",
    "url" : "http://hl7.org/de/StructureDefinition/cde-body-weight",
    "version" : "0.2.0",
    "name" : "CDE_BodyWeight"
  },
  {
    "id" : "cde-calcium-in-serum-or-plasma-mass-concentration",
    "type" : "StructureDefinition",
    "url" : "http://hl7.org/de/StructureDefinition/cde-calcium-in-serum-or-plasma-mass-concentration",
    "version" : "0.2.0",
    "name" : "CDE_CalciumInSerumOrPlasmaMassConcentration"
  },
  {
    "id" : "cde-calcium-in-serum-or-plasma-mole-concentration",
    "type" : "StructureDefinition",
    "url" : "http://hl7.org/de/StructureDefinition/cde-calcium-in-serum-or-plasma-mole-concentration",
    "version" : "0.2.0",
    "name" : "CDE_CalciumInSerumOrPlasmaMoleConcentration"
  },
  {
    "id" : "cde-chloride-in-serum-or-plasma-mole-concentration",
    "type" : "StructureDefinition",
    "url" : "http://hl7.org/de/StructureDefinition/cde-chloride-in-serum-or-plasma-mole-concentration",
    "version" : "0.2.0",
    "name" : "CDE_ChlorideInSerumOrPlasmaMoleConcentration"
  },
  {
    "id" : "cde-cholesterol-inserum-or-plasma-mole-conentration",
    "type" : "StructureDefinition",
    "url" : "http://hl7.org/de/StructureDefinition/cde-cholesterol-inserum-or-plasma-mole-conentration",
    "version" : "0.2.0",
    "name" : "CDE_cholesterolInserumOrPlasmaMoleConentration"
  },
  {
    "id" : "cde-creatinine-in-serum-or-plasma-mole-concentration",
    "type" : "StructureDefinition",
    "url" : "http://hl7.org/de/StructureDefinition/cde-creatinine-in-serum-or-plasma-mole-concentration",
    "version" : "0.2.0",
    "name" : "CDE_CreatinineInSerumOrPlasmaMoleConcentration"
  },
  {
    "id" : "cde-current-age-calculated",
    "type" : "StructureDefinition",
    "url" : "http://hl7.org/de/StructureDefinition/cde-current-age-calculated",
    "version" : "0.2.0",
    "name" : "CDE_CurrentAgeCalculated"
  },
  {
    "id" : "cde-current-age-reported",
    "type" : "StructureDefinition",
    "url" : "http://hl7.org/de/StructureDefinition/cde-current-age-reported",
    "version" : "0.2.0",
    "name" : "CDE_CurrentAgeReported"
  },
  {
    "id" : "cde-date-of-diagnosis",
    "type" : "StructureDefinition",
    "url" : "http://hl7.org/de/StructureDefinition/cde-date-of-diagnosis",
    "version" : "0.2.0",
    "name" : "CDE_DateOfDiagnosis"
  },
  {
    "id" : "cde-diabetes-mellitus-status-yes-or-no",
    "type" : "StructureDefinition",
    "url" : "http://hl7.org/de/StructureDefinition/cde-diabetes-mellitus-status-yes-or-no",
    "version" : "0.2.0",
    "name" : "CDE_diabetesMellitusStatusYesOrNo"
  },
  {
    "id" : "cde-diagnosis",
    "type" : "StructureDefinition",
    "url" : "http://hl7.org/de/StructureDefinition/cde-diagnosis",
    "version" : "0.2.0",
    "name" : "CDE_Diagnosis"
  },
  {
    "id" : "cde-erythrocytes-in-blood-count-per-volume",
    "type" : "StructureDefinition",
    "url" : "http://hl7.org/de/StructureDefinition/cde-erythrocytes-in-blood-count-per-volume",
    "version" : "0.2.0",
    "name" : "CDE_ErythrocytesInBloodCountPerVolume"
  },
  {
    "id" : "cde-ethnicity",
    "type" : "StructureDefinition",
    "url" : "http://hl7.org/de/StructureDefinition/cde-ethnicity",
    "version" : "0.2.0",
    "name" : "CDE_Ethnicity"
  },
  {
    "id" : "cde-glasgow-coma-score",
    "type" : "StructureDefinition",
    "url" : "http://hl7.org/de/StructureDefinition/cde-glasgow-coma-score",
    "version" : "0.2.0",
    "name" : "CDE_GlasgowComaScore"
  },
  {
    "id" : "cde-glucose-in-serum-or-plasma-mole-concentration",
    "type" : "StructureDefinition",
    "url" : "http://hl7.org/de/StructureDefinition/cde-glucose-in-serum-or-plasma-mole-concentration",
    "version" : "0.2.0",
    "name" : "CDE_GlucoseInSerumOrPlasmaMoleConcentration"
  },
  {
    "id" : "cde-heart-rate-beats-per-minute",
    "type" : "StructureDefinition",
    "url" : "http://hl7.org/de/StructureDefinition/cde-heart-rate-beats-per-minute",
    "version" : "0.2.0",
    "name" : "CDE_heartRateBeatsPerMinute"
  },
  {
    "id" : "cde-hematocrit-of-blood",
    "type" : "StructureDefinition",
    "url" : "http://hl7.org/de/StructureDefinition/cde-hematocrit-of-blood",
    "version" : "0.2.0",
    "name" : "CDE_HematocritOfBlood"
  },
  {
    "id" : "cde-hemoglobin-in-blood-mole-concentration",
    "type" : "StructureDefinition",
    "url" : "http://hl7.org/de/StructureDefinition/cde-hemoglobin-in-blood-mole-concentration",
    "version" : "0.2.0",
    "name" : "CDE_HemoglobinInBloodMoleConcentration"
  },
  {
    "id" : "cde-hip-circumference",
    "type" : "StructureDefinition",
    "url" : "http://hl7.org/de/StructureDefinition/cde-hip-circumference",
    "version" : "0.2.0",
    "name" : "CDE_HipCircumference"
  },
  {
    "id" : "cde-leucocyctes-in-urine-dipstick-test",
    "type" : "StructureDefinition",
    "url" : "http://hl7.org/de/StructureDefinition/cde-leucocyctes-in-urine-dipstick-test",
    "version" : "0.2.0",
    "name" : "CDE_LeucocyctesInUrineDipstickTest"
  },
  {
    "id" : "cde-leukocytes-in-blood-count-per-volume",
    "type" : "StructureDefinition",
    "url" : "http://hl7.org/de/StructureDefinition/cde-leukocytes-in-blood-count-per-volume",
    "version" : "0.2.0",
    "name" : "CDE_LeukocytesInBloodCountPerVolume"
  },
  {
    "id" : "cde-magnesium-in-serum-or-plasma-mole-concentration",
    "type" : "StructureDefinition",
    "url" : "http://hl7.org/de/StructureDefinition/cde-magnesium-in-serum-or-plasma-mole-concentration",
    "version" : "0.2.0",
    "name" : "CDE_MagnesiumInSerumOrPlasmaMoleConcentration"
  },
  {
    "id" : "cde-mean-corpuscular-hemoglobin-level-entitic-mass",
    "type" : "StructureDefinition",
    "url" : "http://hl7.org/de/StructureDefinition/cde-mean-corpuscular-hemoglobin-level-entitic-mass",
    "version" : "0.2.0",
    "name" : "CDE_MeanCorpuscularHemoglobinLevelEntiticMass"
  },
  {
    "id" : "cde-mean-corpuscular-volume-entitic-volume",
    "type" : "StructureDefinition",
    "url" : "http://hl7.org/de/StructureDefinition/cde-mean-corpuscular-volume-entitic-volume",
    "version" : "0.2.0",
    "name" : "CDE_MeanCorpuscularVolumeEntiticVolume"
  },
  {
    "id" : "cde-phosphate-in-serum-or-plasma-mole-concentration",
    "type" : "StructureDefinition",
    "url" : "http://hl7.org/de/StructureDefinition/cde-phosphate-in-serum-or-plasma-mole-concentration",
    "version" : "0.2.0",
    "name" : "CDE_PhosphateInSerumOrPlasmaMoleConcentration"
  },
  {
    "id" : "cde-potassium-in-serum-or-plasma-mole-concentration",
    "type" : "StructureDefinition",
    "url" : "http://hl7.org/de/StructureDefinition/cde-potassium-in-serum-or-plasma-mole-concentration",
    "version" : "0.2.0",
    "name" : "CDE_PotassiumInSerumOrPlasmaMoleConcentration"
  },
  {
    "id" : "cde-sex-assigned-at-birth",
    "type" : "StructureDefinition",
    "url" : "http://hl7.org/de/StructureDefinition/cde-sex-assigned-at-birth",
    "version" : "0.2.0",
    "name" : "CDE_SexAssignedAtBirth"
  },
  {
    "id" : "cde-sodium-in-serum-or-plasma-mole-concentration",
    "type" : "StructureDefinition",
    "url" : "http://hl7.org/de/StructureDefinition/cde-sodium-in-serum-or-plasma-mole-concentration",
    "version" : "0.2.0",
    "name" : "CDE_SodiumInSerumOrPlasmaMoleConcentration"
  },
  {
    "id" : "cde-thrombocytes-in-blood-count-per-volume",
    "type" : "StructureDefinition",
    "url" : "http://hl7.org/de/StructureDefinition/cde-thrombocytes-in-blood-count-per-volume",
    "version" : "0.2.0",
    "name" : "CDE_ThrombocytesInBloodCountPerVolume"
  },
  {
    "id" : "cde-tobacco-smoking-cessation-age",
    "type" : "StructureDefinition",
    "url" : "http://hl7.org/de/StructureDefinition/cde-tobacco-smoking-cessation-age",
    "version" : "0.2.0",
    "name" : "CDE_tobaccoSmokingCessationAge"
  },
  {
    "id" : "cde-tobacco-smoking-cessation-year",
    "type" : "StructureDefinition",
    "url" : "http://hl7.org/de/StructureDefinition/cde-tobacco-smoking-cessation-year",
    "version" : "0.2.0",
    "name" : "CDE_TobaccoSmokingCessationYear"
  },
  {
    "id" : "cde-tobacco-smoking-pack-year",
    "type" : "StructureDefinition",
    "url" : "http://hl7.org/de/StructureDefinition/cde-tobacco-smoking-pack-year",
    "version" : "0.2.0",
    "name" : "CDE_TobaccoSmokingPackYear"
  },
  {
    "id" : "cde-tobacco-smoking-status",
    "type" : "StructureDefinition",
    "url" : "http://hl7.org/de/StructureDefinition/cde-tobacco-smoking-status",
    "version" : "0.2.0",
    "name" : "CDE_TobaccoSmokingStatus"
  },
  {
    "id" : "cde-tobacco-smoking-status-yes-or-no",
    "type" : "StructureDefinition",
    "url" : "http://hl7.org/de/StructureDefinition/cde-tobacco-smoking-status-yes-or-no",
    "version" : "0.2.0",
    "name" : "CDE_tobaccoSmokingStatusYesOrNo"
  },
  {
    "id" : "cde-triglyceride-in-serum-or-plasma-mole-concentration",
    "type" : "StructureDefinition",
    "url" : "http://hl7.org/de/StructureDefinition/cde-triglyceride-in-serum-or-plasma-mole-concentration",
    "version" : "0.2.0",
    "name" : "CDE_TriglycerideInSerumOrPlasmaMoleConcentration"
  },
  {
    "id" : "cde-visit-date",
    "type" : "StructureDefinition",
    "url" : "http://hl7.org/de/StructureDefinition/cde-visit-date",
    "version" : "0.2.0",
    "name" : "CDE_VisitDate"
  },
  {
    "id" : "cde-waist-circumference",
    "type" : "StructureDefinition",
    "url" : "http://hl7.org/de/StructureDefinition/cde-waist-circumference",
    "version" : "0.2.0",
    "name" : "CDE_WaistCircumference"
  },
  {
    "id" : "cls-obo-ncit-age",
    "type" : "StructureDefinition",
    "url" : "http://hl7.org/de/StructureDefinition/cls-obo-ncit-age",
    "version" : "0.2.0",
    "name" : "CLS_OBO_NCIT_Age"
  },
  {
    "id" : "cls-obo-ncit-age-at-diagnosis",
    "type" : "StructureDefinition",
    "url" : "http://hl7.org/de/StructureDefinition/cls-obo-ncit-age-at-diagnosis",
    "version" : "0.2.0",
    "name" : "CLS_OBO_NCIT_AgeAtDiagnosis"
  },
  {
    "id" : "cls-obo-ncit-birth-date",
    "type" : "StructureDefinition",
    "url" : "http://hl7.org/de/StructureDefinition/cls-obo-ncit-birth-date",
    "version" : "0.2.0",
    "name" : "CLS_OBO_NCIT_BirthDate"
  },
  {
    "id" : "cls-obo-ncit-year-date",
    "type" : "StructureDefinition",
    "url" : "http://hl7.org/de/StructureDefinition/cls-obo-ncit-year-date",
    "version" : "0.2.0",
    "name" : "CLS_OBO_NCIT_YearDate"
  },
  {
    "id" : "cls-obo-snomed-blood-creatinine-level",
    "type" : "StructureDefinition",
    "url" : "http://hl7.org/de/StructureDefinition/cls-obo-snomed-blood-creatinine-level",
    "version" : "0.2.0",
    "name" : "CLS_OBO_SNOMED_CreatinineLevel"
  },
  {
    "id" : "cls-snomed-age-at-smoking-cessation",
    "type" : "StructureDefinition",
    "url" : "http://hl7.org/de/StructureDefinition/cls-snomed-age-at-smoking-cessation",
    "version" : "0.2.0",
    "name" : "CLS_SNOMED_AgeAtSmokingCessation"
  },
  {
    "id" : "cls-snomed-demographic-history-detail",
    "type" : "StructureDefinition",
    "url" : "http://hl7.org/de/StructureDefinition/cls-snomed-demographic-history-detail",
    "version" : "0.2.0",
    "name" : "CLS_SNOMED_DemographicHistoryDetail"
  },
  {
    "id" : "cls-snomed-diagnosis",
    "type" : "StructureDefinition",
    "url" : "http://hl7.org/de/StructureDefinition/cls-snomed-diagnosis",
    "version" : "0.2.0",
    "name" : "CLS_SNOMED_Diagnosis"
  },
  {
    "id" : "cls-snomed-finding-of-tobacco-use-and-exposure",
    "type" : "StructureDefinition",
    "url" : "http://hl7.org/de/StructureDefinition/cls-snomed-finding-of-tobacco-use-and-exposure",
    "version" : "0.2.0",
    "name" : "CLS_SNOMED_FindingOfTobaccoUseAndExposure"
  },
  {
    "id" : "cls-snomed-pack-years",
    "type" : "StructureDefinition",
    "url" : "http://hl7.org/de/StructureDefinition/cls-snomed-pack-years",
    "version" : "0.2.0",
    "name" : "CLS_SNOMED_PackYears"
  },
  {
    "id" : "cls-snomed-patient-sex",
    "type" : "StructureDefinition",
    "url" : "http://hl7.org/de/StructureDefinition/cls-snomed-patient-sex",
    "version" : "0.2.0",
    "name" : "CLS_SNOMED_PatientSex"
  },
  {
    "id" : "cls-umls-anthropoemetry",
    "type" : "StructureDefinition",
    "url" : "http://hl7.org/de/StructureDefinition/cls-umls-anthropoemetry",
    "version" : "0.2.0",
    "name" : "CLS_UMLS_Anthropoemetry"
  },
  {
    "id" : "cls-umls-blood-pressure-measurement",
    "type" : "StructureDefinition",
    "url" : "http://hl7.org/de/StructureDefinition/cls-umls-blood-pressure-measurement",
    "version" : "0.2.0",
    "name" : "CLS_UMLS_BloodPressureMeasurement"
  },
  {
    "id" : "cls-umls-body-height",
    "type" : "StructureDefinition",
    "url" : "http://hl7.org/de/StructureDefinition/cls-umls-body-height",
    "version" : "0.2.0",
    "name" : "CLS_UMLS_BodyHeight"
  },
  {
    "id" : "cls-umls-body-mass-index",
    "type" : "StructureDefinition",
    "url" : "http://hl7.org/de/StructureDefinition/cls-umls-body-mass-index",
    "version" : "0.2.0",
    "name" : "CLS_UMLS_BodyMassIndex"
  },
  {
    "id" : "cls-umls-body-weight",
    "type" : "StructureDefinition",
    "url" : "http://hl7.org/de/StructureDefinition/cls-umls-body-weight",
    "version" : "0.2.0",
    "name" : "CLS_UMLS_BodyWeight"
  },
  {
    "id" : "cls-umls-calcium-level",
    "type" : "StructureDefinition",
    "url" : "http://hl7.org/de/StructureDefinition/cls-umls-calcium-level",
    "version" : "0.2.0",
    "name" : "CLS_UMLS_CalciumLevel"
  },
  {
    "id" : "cls-umls-chloride-level",
    "type" : "StructureDefinition",
    "url" : "http://hl7.org/de/StructureDefinition/cls-umls-chloride-level",
    "version" : "0.2.0",
    "name" : "CLS_UMLS_ChlorideLevel"
  },
  {
    "id" : "cls-umls-cholesterol-level",
    "type" : "StructureDefinition",
    "url" : "http://hl7.org/de/StructureDefinition/cls-umls-cholesterol-level",
    "version" : "0.2.0",
    "name" : "CLS_UMLS_CholesterolLevel"
  },
  {
    "id" : "cls-umls-date-of-diagnosis",
    "type" : "StructureDefinition",
    "url" : "http://hl7.org/de/StructureDefinition/cls-umls-date-of-diagnosis",
    "version" : "0.2.0",
    "name" : "CLS_UMLS_DateOfDiagnosis"
  },
  {
    "id" : "cls-umls-dateof-event",
    "type" : "StructureDefinition",
    "url" : "http://hl7.org/de/StructureDefinition/cls-umls-dateof-event",
    "version" : "0.2.0",
    "name" : "CLS_UMLS_DateOfEvent"
  },
  {
    "id" : "cls-umls-diastolic-blood-pressure",
    "type" : "StructureDefinition",
    "url" : "http://hl7.org/de/StructureDefinition/cls-umls-diastolic-blood-pressure",
    "version" : "0.2.0",
    "name" : "CLS_UMLS_DiastolicBloodPressure"
  },
  {
    "id" : "cls-umls-electrolyte-measurement",
    "type" : "StructureDefinition",
    "url" : "http://hl7.org/de/StructureDefinition/cls-umls-electrolyte-measurement",
    "version" : "0.2.0",
    "name" : "CLS_UMLS_ElectrolyteMeasurement"
  },
  {
    "id" : "cls-umls-glucose-level",
    "type" : "StructureDefinition",
    "url" : "http://hl7.org/de/StructureDefinition/cls-umls-glucose-level",
    "version" : "0.2.0",
    "name" : "CLS_UMLS_GlucoseLevel"
  },
  {
    "id" : "cls-umls-heart-rate",
    "type" : "StructureDefinition",
    "url" : "http://hl7.org/de/StructureDefinition/cls-umls-heart-rate",
    "version" : "0.2.0",
    "name" : "CLS_UMLS_HeartRate"
  },
  {
    "id" : "cls-umls-hematocrit-measurement",
    "type" : "StructureDefinition",
    "url" : "http://hl7.org/de/StructureDefinition/cls-umls-hematocrit-measurement",
    "version" : "0.2.0",
    "name" : "CLS_UMLS_HematocritMeasurement"
  },
  {
    "id" : "cls-umls-hemoglobin-measurement",
    "type" : "StructureDefinition",
    "url" : "http://hl7.org/de/StructureDefinition/cls-umls-hemoglobin-measurement",
    "version" : "0.2.0",
    "name" : "CLS_UMLS_HemoglobinMeasurement"
  },
  {
    "id" : "cls-umls-hip-circumference",
    "type" : "StructureDefinition",
    "url" : "http://hl7.org/de/StructureDefinition/cls-umls-hip-circumference",
    "version" : "0.2.0",
    "name" : "CLS_UMLS_HipCircumference"
  },
  {
    "id" : "cls-umls-laboratory",
    "type" : "StructureDefinition",
    "url" : "http://hl7.org/de/StructureDefinition/cls-umls-laboratory",
    "version" : "0.2.0",
    "name" : "CLS_UMLS_Laboratory"
  },
  {
    "id" : "cls-umls-magnesium-level",
    "type" : "StructureDefinition",
    "url" : "http://hl7.org/de/StructureDefinition/cls-umls-magnesium-level",
    "version" : "0.2.0",
    "name" : "CLS_UMLS_MagnesiumLevel"
  },
  {
    "id" : "cls-umls-mean-corpuscular-hemoglobin-concentration",
    "type" : "StructureDefinition",
    "url" : "http://hl7.org/de/StructureDefinition/cls-umls-mean-corpuscular-hemoglobin-concentration",
    "version" : "0.2.0",
    "name" : "CLS_UMLS_MeanCorpuscularHemoglobinConcentration"
  },
  {
    "id" : "cls-umls-mean-corpuscular-hemoglobin-level",
    "type" : "StructureDefinition",
    "url" : "http://hl7.org/de/StructureDefinition/cls-umls-mean-corpuscular-hemoglobin-level",
    "version" : "0.2.0",
    "name" : "CLS_UMLS_MeanCorpuscularHemoglobinLevel"
  },
  {
    "id" : "cls-umls-mean-corpuscular-volume",
    "type" : "StructureDefinition",
    "url" : "http://hl7.org/de/StructureDefinition/cls-umls-mean-corpuscular-volume",
    "version" : "0.2.0",
    "name" : "CLS_UMLS_MeanCorpuscularVolume"
  },
  {
    "id" : "cls-umls-phosphate-level",
    "type" : "StructureDefinition",
    "url" : "http://hl7.org/de/StructureDefinition/cls-umls-phosphate-level",
    "version" : "0.2.0",
    "name" : "CLS_UMLS_PhosphateLevel"
  },
  {
    "id" : "cls-umls-platelet-measurement",
    "type" : "StructureDefinition",
    "url" : "http://hl7.org/de/StructureDefinition/cls-umls-platelet-measurement",
    "version" : "0.2.0",
    "name" : "CLS_UMLS_PlateletMeasurement"
  },
  {
    "id" : "cls-umls-potassium-level",
    "type" : "StructureDefinition",
    "url" : "http://hl7.org/de/StructureDefinition/cls-umls-potassium-level",
    "version" : "0.2.0",
    "name" : "CLS_UMLS_PotassiumLevel"
  },
  {
    "id" : "cls-umls-red-blood-cell-measurement",
    "type" : "StructureDefinition",
    "url" : "http://hl7.org/de/StructureDefinition/cls-umls-red-blood-cell-measurement",
    "version" : "0.2.0",
    "name" : "CLS_UMLS_RedBloodCellMeasurement"
  },
  {
    "id" : "cls-umls-sodium-level",
    "type" : "StructureDefinition",
    "url" : "http://hl7.org/de/StructureDefinition/cls-umls-sodium-level",
    "version" : "0.2.0",
    "name" : "CLS_UMLS_SodiumLevel"
  },
  {
    "id" : "cls-umls-systolic-blood-pressure",
    "type" : "StructureDefinition",
    "url" : "http://hl7.org/de/StructureDefinition/cls-umls-systolic-blood-pressure",
    "version" : "0.2.0",
    "name" : "CLS_UMLS_SystolicBloodPressure"
  },
  {
    "id" : "cls-umls-triglyceride-level",
    "type" : "StructureDefinition",
    "url" : "http://hl7.org/de/StructureDefinition/cls-umls-triglyceride-level",
    "version" : "0.2.0",
    "name" : "CLS_UMLS_TriglycerideLevel"
  },
  {
    "id" : "cls-umls-urine-measurement",
    "type" : "StructureDefinition",
    "url" : "http://hl7.org/de/StructureDefinition/cls-umls-urine-measurement",
    "version" : "0.2.0",
    "name" : "CLS_UMLS_UrineMeasurement"
  },
  {
    "id" : "cls-umls-visit-date",
    "type" : "StructureDefinition",
    "url" : "http://hl7.org/de/StructureDefinition/cls-umls-visit-date",
    "version" : "0.2.0",
    "name" : "CLS_UMLS_VisitDate"
  },
  {
    "id" : "cls-umls-waist-circumference",
    "type" : "StructureDefinition",
    "url" : "http://hl7.org/de/StructureDefinition/cls-umls-waist-circumference",
    "version" : "0.2.0",
    "name" : "CLS_UMLS_WaistCircumference"
  },
  {
    "id" : "cls-umls-white-blood-cell-measurement",
    "type" : "StructureDefinition",
    "url" : "http://hl7.org/de/StructureDefinition/cls-umls-white-blood-cell-measurement",
    "version" : "0.2.0",
    "name" : "CLS_UMLS_WhiteBloodCellMeasurement"
  },
  {
    "id" : "poi-patient",
    "type" : "StructureDefinition",
    "url" : "http://hl7.org/de/StructureDefinition/poi-patient",
    "version" : "0.2.0",
    "name" : "POI_Patient"
  },
  {
    "id" : "poi-person",
    "type" : "StructureDefinition",
    "url" : "http://hl7.org/de/StructureDefinition/poi-person",
    "version" : "0.2.0",
    "name" : "POI_Person"
  },
  {
    "id" : "poi-research-subject",
    "type" : "StructureDefinition",
    "url" : "http://hl7.org/de/StructureDefinition/poi-research-subject",
    "version" : "0.2.0",
    "name" : "POI_ResearchSubject"
  },
  {
    "id" : "rv-age-in-years",
    "type" : "StructureDefinition",
    "url" : "http://hl7.org/de/StructureDefinition/rv-age-in-years",
    "version" : "0.2.0",
    "name" : "RV_AgeInYears"
  },
  {
    "id" : "rv-body-weight",
    "type" : "StructureDefinition",
    "url" : "http://hl7.org/de/StructureDefinition/rv-body-weight",
    "version" : "0.2.0",
    "name" : "RV_BodyWeight"
  },
  {
    "id" : "rv-creatinine",
    "type" : "StructureDefinition",
    "url" : "http://hl7.org/de/StructureDefinition/rv-creatinine",
    "version" : "0.2.0",
    "name" : "RV_Creatinine"
  },
  {
    "id" : "rv-date-of-birth",
    "type" : "StructureDefinition",
    "url" : "http://hl7.org/de/StructureDefinition/rv-date-of-birth",
    "version" : "0.2.0",
    "name" : "RV_DateOfBirth"
  },
  {
    "id" : "rv-month-of-birth",
    "type" : "StructureDefinition",
    "url" : "http://hl7.org/de/StructureDefinition/rv-month-of-birth",
    "version" : "0.2.0",
    "name" : "RV_MonthOfBirth"
  },
  {
    "id" : "rv-year-of-birth",
    "type" : "StructureDefinition",
    "url" : "http://hl7.org/de/StructureDefinition/rv-year-of-birth",
    "version" : "0.2.0",
    "name" : "RV_YearOfBirth"
  },
  {
    "id" : "vs-administrative-gender",
    "type" : "ValueSet",
    "url" : "http://hl7.org/de/ValueSet/vs-administrative-gender",
    "version" : "0.2.0",
    "name" : "VS_AdministrativeGender"
  },
  {
    "id" : "vs-binary-decision-yes-or-no",
    "type" : "ValueSet",
    "url" : "http://hl7.org/de/ValueSet/vs-binary-decision-yes-or-no",
    "version" : "0.2.0",
    "name" : "VS_BinaryDecisionYesOrNo"
  },
  {
    "id" : "vs-biological-gender",
    "type" : "ValueSet",
    "url" : "http://hl7.org/de/ValueSet/vs-biological-gender",
    "version" : "0.2.0",
    "name" : "VS_BiologicalGender"
  },
  {
    "id" : "vs-ethnic-groups",
    "type" : "ValueSet",
    "url" : "http://hl7.org/de/ValueSet/vs-ethnic-groups",
    "version" : "0.2.0",
    "name" : "VS_EthnicGroups"
  },
  {
    "id" : "vs-glasgow-coma-scale-for-adults",
    "type" : "ValueSet",
    "url" : "http://hl7.org/de/ValueSet/vs-glasgow-coma-scale-for-adults",
    "version" : "0.2.0",
    "name" : "VS_GlasgowComaScaleForAdults"
  },
  {
    "id" : "vs-length-units",
    "type" : "ValueSet",
    "url" : "http://hl7.org/de/ValueSet/vs-length-units",
    "version" : "0.2.0",
    "name" : "VS_LengthUnits"
  },
  {
    "id" : "vs-mass-concentration-units",
    "type" : "ValueSet",
    "url" : "http://hl7.org/de/ValueSet/vs-mass-concentration-units",
    "version" : "0.2.0",
    "name" : "VS_MassConcentrationUnits"
  },
  {
    "id" : "vs-mass-units",
    "type" : "ValueSet",
    "url" : "http://hl7.org/de/ValueSet/vs-mass-units",
    "version" : "0.2.0",
    "name" : "VS_MassUnits"
  },
  {
    "id" : "vs-molar-concentration-units",
    "type" : "ValueSet",
    "url" : "http://hl7.org/de/ValueSet/vs-molar-concentration-units",
    "version" : "0.2.0",
    "name" : "VS_MolarConcentrationUnits"
  },
  {
    "id" : "vs-number-concentration-units",
    "type" : "ValueSet",
    "url" : "http://hl7.org/de/ValueSet/vs-number-concentration-units",
    "version" : "0.2.0",
    "name" : "VS_NumberConcentrationUnits"
  },
  {
    "id" : "vs-qualifier-for-presence",
    "type" : "ValueSet",
    "url" : "http://hl7.org/de/ValueSet/vs-qualifier-for-presence",
    "version" : "0.2.0",
    "name" : "VS_QualifierForPresence"
  },
  {
    "id" : "vs-sentinel-conceptual-domain",
    "type" : "ValueSet",
    "url" : "http://hl7.org/de/ValueSet/vs-sentinel-conceptual-domain",
    "version" : "0.2.0",
    "name" : "VS_SentinelConceptualDomain"
  },
  {
    "id" : "vs-smoking-status",
    "type" : "ValueSet",
    "url" : "http://hl7.org/de/ValueSet/vs-smoking-status",
    "version" : "0.2.0",
    "name" : "VS_SmokingStatus"
  },
  {
    "id" : "vs-specimen-types",
    "type" : "ValueSet",
    "url" : "http://hl7.org/de/ValueSet/vs-specimen-types",
    "version" : "0.2.0",
    "name" : "VS_SpecimenTypes"
  },
  {
    "id" : "vs-time-units",
    "type" : "ValueSet",
    "url" : "http://hl7.org/de/ValueSet/vs-time-units",
    "version" : "0.2.0",
    "name" : "VS_TimeUnits"
  },
  {
    "id" : "vs-unity-units",
    "type" : "ValueSet",
    "url" : "http://hl7.org/de/ValueSet/vs-unity-units",
    "version" : "0.2.0",
    "name" : "VS_UnityUnits"
  }
]
