[
  {
    "id" : "cs-fake",
    "type" : "CodeSystem",
    "url" : "http://somewhere.org/fhir/uv/myig/CodeSystem/cs-fake",
    "version" : "0.2.0",
    "name" : "CodeSystemFake"
  },
  {
    "id" : "fhir.cde-catalog",
    "type" : "ImplementationGuide",
    "url" : "http://somewhere.org/fhir/uv/myig/ImplementationGuide/fhir.cde-catalog",
    "version" : "0.2.0",
    "name" : "CDEKatalog"
  },
  {
    "id" : "example",
    "type" : "Library",
    "url" : "http://somewhere.org/fhir/uv/myig/Library/example",
    "version" : "0.2.0",
    "name" : "Example"
  },
  {
    "id" : "example-image",
    "type" : "Library",
    "url" : "http://somewhere.org/fhir/uv/myig/Library/example-image",
    "version" : "0.2.0",
    "name" : "ExampleLibraryImage"
  },
  {
    "id" : "example-sql",
    "type" : "Library",
    "url" : "http://somewhere.org/fhir/uv/myig/Library/example-sql",
    "version" : "0.2.0",
    "name" : "ExampleLibrary"
  },
  {
    "id" : "MyLogical",
    "type" : "StructureDefinition",
    "url" : "http://somewhere.org/fhir/uv/myig/StructureDefinition/MyLogical",
    "version" : "0.2.0",
    "name" : "MyLogical"
  },
  {
    "id" : "cde-age",
    "type" : "StructureDefinition",
    "url" : "http://somewhere.org/fhir/uv/myig/StructureDefinition/cde-age",
    "version" : "0.2.0",
    "name" : "CDE_Age"
  },
  {
    "id" : "cde-age-at-stopped-smoking",
    "type" : "StructureDefinition",
    "url" : "http://somewhere.org/fhir/uv/myig/StructureDefinition/cde-age-at-stopped-smoking",
    "version" : "0.2.0",
    "name" : "CDE_AgeAtStoppedSmoking"
  },
  {
    "id" : "cde-birth-date",
    "type" : "StructureDefinition",
    "url" : "http://somewhere.org/fhir/uv/myig/StructureDefinition/cde-birth-date",
    "version" : "0.2.0",
    "name" : "CDE_BirthDate"
  },
  {
    "id" : "cde-blood-pressure-diastolic",
    "type" : "StructureDefinition",
    "url" : "http://somewhere.org/fhir/uv/myig/StructureDefinition/cde-blood-pressure-diastolic",
    "version" : "0.2.0",
    "name" : "CDE_BloodPressureDiastolic"
  },
  {
    "id" : "cde-blood-pressure-systolic",
    "type" : "StructureDefinition",
    "url" : "http://somewhere.org/fhir/uv/myig/StructureDefinition/cde-blood-pressure-systolic",
    "version" : "0.2.0",
    "name" : "CDE_BloodPressureSystolic"
  },
  {
    "id" : "cde-body-height",
    "type" : "StructureDefinition",
    "url" : "http://somewhere.org/fhir/uv/myig/StructureDefinition/cde-body-height",
    "version" : "0.2.0",
    "name" : "CDE_BodyHeight"
  },
  {
    "id" : "cde-body-mass-index",
    "type" : "StructureDefinition",
    "url" : "http://somewhere.org/fhir/uv/myig/StructureDefinition/cde-body-mass-index",
    "version" : "0.2.0",
    "name" : "CDE_BodyMassIndex"
  },
  {
    "id" : "cde-body-weight",
    "type" : "StructureDefinition",
    "url" : "http://somewhere.org/fhir/uv/myig/StructureDefinition/cde-body-weight",
    "version" : "0.2.0",
    "name" : "CDE_BodyWeight"
  },
  {
    "id" : "cde-calcium-in-serum-or-plasma-mass-concentration",
    "type" : "StructureDefinition",
    "url" : "http://somewhere.org/fhir/uv/myig/StructureDefinition/cde-calcium-in-serum-or-plasma-mass-concentration",
    "version" : "0.2.0",
    "name" : "CDE_CalciumInSerumOrPlasmaMassConcentration"
  },
  {
    "id" : "cde-calcium-in-serum-or-plasma-mole-concentration",
    "type" : "StructureDefinition",
    "url" : "http://somewhere.org/fhir/uv/myig/StructureDefinition/cde-calcium-in-serum-or-plasma-mole-concentration",
    "version" : "0.2.0",
    "name" : "CDE_CalciumInSerumOrPlasmaMoleConcentration"
  },
  {
    "id" : "cde-chloride-in-serum-or-plasma-mole-concentration",
    "type" : "StructureDefinition",
    "url" : "http://somewhere.org/fhir/uv/myig/StructureDefinition/cde-chloride-in-serum-or-plasma-mole-concentration",
    "version" : "0.2.0",
    "name" : "CDE_ChlorideInSerumOrPlasmaMoleConcentration"
  },
  {
    "id" : "cde-cholesterol-inserum-or-plasma-mole-conentration",
    "type" : "StructureDefinition",
    "url" : "http://somewhere.org/fhir/uv/myig/StructureDefinition/cde-cholesterol-inserum-or-plasma-mole-conentration",
    "version" : "0.2.0",
    "name" : "CDE_cholesterolInserumOrPlasmaMoleConentration"
  },
  {
    "id" : "cde-creatinine-in-serum-or-plasma-mole-concentration",
    "type" : "StructureDefinition",
    "url" : "http://somewhere.org/fhir/uv/myig/StructureDefinition/cde-creatinine-in-serum-or-plasma-mole-concentration",
    "version" : "0.2.0",
    "name" : "CDE_CreatinineInSerumOrPlasmaMoleConcentration"
  },
  {
    "id" : "cde-current-age-calculated",
    "type" : "StructureDefinition",
    "url" : "http://somewhere.org/fhir/uv/myig/StructureDefinition/cde-current-age-calculated",
    "version" : "0.2.0",
    "name" : "CDE_CurrentAgeCalculated"
  },
  {
    "id" : "cde-current-age-reported",
    "type" : "StructureDefinition",
    "url" : "http://somewhere.org/fhir/uv/myig/StructureDefinition/cde-current-age-reported",
    "version" : "0.2.0",
    "name" : "CDE_CurrentAgeReported"
  },
  {
    "id" : "cde-date-of-diagnosis",
    "type" : "StructureDefinition",
    "url" : "http://somewhere.org/fhir/uv/myig/StructureDefinition/cde-date-of-diagnosis",
    "version" : "0.2.0",
    "name" : "CDE_DateOfDiagnosis"
  },
  {
    "id" : "cde-erythrocytes-in-blood-count-per-volume",
    "type" : "StructureDefinition",
    "url" : "http://somewhere.org/fhir/uv/myig/StructureDefinition/cde-erythrocytes-in-blood-count-per-volume",
    "version" : "0.2.0",
    "name" : "CDE_ErythrocytesInBloodCountPerVolume"
  },
  {
    "id" : "cde-ethnicity",
    "type" : "StructureDefinition",
    "url" : "http://somewhere.org/fhir/uv/myig/StructureDefinition/cde-ethnicity",
    "version" : "0.2.0",
    "name" : "CDE_Ethnicity"
  },
  {
    "id" : "cde-glasgow-coma-score",
    "type" : "StructureDefinition",
    "url" : "http://somewhere.org/fhir/uv/myig/StructureDefinition/cde-glasgow-coma-score",
    "version" : "0.2.0",
    "name" : "CDE_GlasgowComaScore"
  },
  {
    "id" : "cde-glucose-in-serum-or-plasma-mole-concentration",
    "type" : "StructureDefinition",
    "url" : "http://somewhere.org/fhir/uv/myig/StructureDefinition/cde-glucose-in-serum-or-plasma-mole-concentration",
    "version" : "0.2.0",
    "name" : "CDE_GlucoseInSerumOrPlasmaMoleConcentration"
  },
  {
    "id" : "cde-heart-rate-beats-per-minute",
    "type" : "StructureDefinition",
    "url" : "http://somewhere.org/fhir/uv/myig/StructureDefinition/cde-heart-rate-beats-per-minute",
    "version" : "0.2.0",
    "name" : "CDE_heartRateBeatsPerMinute"
  },
  {
    "id" : "cde-hematocrit-of-blood",
    "type" : "StructureDefinition",
    "url" : "http://somewhere.org/fhir/uv/myig/StructureDefinition/cde-hematocrit-of-blood",
    "version" : "0.2.0",
    "name" : "CDE_HematocritOfBlood"
  },
  {
    "id" : "cde-hemoglobin-in-blood-mole-concentration",
    "type" : "StructureDefinition",
    "url" : "http://somewhere.org/fhir/uv/myig/StructureDefinition/cde-hemoglobin-in-blood-mole-concentration",
    "version" : "0.2.0",
    "name" : "CDE_HemoglobinInBloodMoleConcentration"
  },
  {
    "id" : "cde-hip-circumference",
    "type" : "StructureDefinition",
    "url" : "http://somewhere.org/fhir/uv/myig/StructureDefinition/cde-hip-circumference",
    "version" : "0.2.0",
    "name" : "CDE_HipCircumference"
  },
  {
    "id" : "cde-leukocytes-in-blood-count-per-volume",
    "type" : "StructureDefinition",
    "url" : "http://somewhere.org/fhir/uv/myig/StructureDefinition/cde-leukocytes-in-blood-count-per-volume",
    "version" : "0.2.0",
    "name" : "CDE_LeukocytesInBloodCountPerVolume"
  },
  {
    "id" : "cde-magnesium-in-serum-or-plasma-mole-concentration",
    "type" : "StructureDefinition",
    "url" : "http://somewhere.org/fhir/uv/myig/StructureDefinition/cde-magnesium-in-serum-or-plasma-mole-concentration",
    "version" : "0.2.0",
    "name" : "CDE_MagnesiumInSerumOrPlasmaMoleConcentration"
  },
  {
    "id" : "cde-mean-corpuscular-hemoglobin-level-entitic-mass",
    "type" : "StructureDefinition",
    "url" : "http://somewhere.org/fhir/uv/myig/StructureDefinition/cde-mean-corpuscular-hemoglobin-level-entitic-mass",
    "version" : "0.2.0",
    "name" : "CDE_MeanCorpuscularHemoglobinLevelEntiticMass"
  },
  {
    "id" : "cde-mean-corpuscular-volume-entitic-volume",
    "type" : "StructureDefinition",
    "url" : "http://somewhere.org/fhir/uv/myig/StructureDefinition/cde-mean-corpuscular-volume-entitic-volume",
    "version" : "0.2.0",
    "name" : "CDE_MeanCorpuscularVolumeEntiticVolume"
  },
  {
    "id" : "cde-phosphate-in-serum-or-plasma-mole-concentration",
    "type" : "StructureDefinition",
    "url" : "http://somewhere.org/fhir/uv/myig/StructureDefinition/cde-phosphate-in-serum-or-plasma-mole-concentration",
    "version" : "0.2.0",
    "name" : "CDE_PhosphateInSerumOrPlasmaMoleConcentration"
  },
  {
    "id" : "cde-potassium-in-serum-or-plasma-mole-concentration",
    "type" : "StructureDefinition",
    "url" : "http://somewhere.org/fhir/uv/myig/StructureDefinition/cde-potassium-in-serum-or-plasma-mole-concentration",
    "version" : "0.2.0",
    "name" : "CDE_PotassiumInSerumOrPlasmaMoleConcentration"
  },
  {
    "id" : "cde-sex-assigned-at-birth",
    "type" : "StructureDefinition",
    "url" : "http://somewhere.org/fhir/uv/myig/StructureDefinition/cde-sex-assigned-at-birth",
    "version" : "0.2.0",
    "name" : "CDE_SexAssignedAtBirth"
  },
  {
    "id" : "cde-sodium-in-serum-or-plasma-mole-concentration",
    "type" : "StructureDefinition",
    "url" : "http://somewhere.org/fhir/uv/myig/StructureDefinition/cde-sodium-in-serum-or-plasma-mole-concentration",
    "version" : "0.2.0",
    "name" : "CDE_SodiumInSerumOrPlasmaMoleConcentration"
  },
  {
    "id" : "cde-thrombocytes-in-blood-count-per-volume",
    "type" : "StructureDefinition",
    "url" : "http://somewhere.org/fhir/uv/myig/StructureDefinition/cde-thrombocytes-in-blood-count-per-volume",
    "version" : "0.2.0",
    "name" : "CDE_ThrombocytesInBloodCountPerVolume"
  },
  {
    "id" : "cde-tobacco-smoking-cessation-year",
    "type" : "StructureDefinition",
    "url" : "http://somewhere.org/fhir/uv/myig/StructureDefinition/cde-tobacco-smoking-cessation-year",
    "version" : "0.2.0",
    "name" : "CDE_TobaccoSmokingCessationYear"
  },
  {
    "id" : "cde-tobacco-smoking-pack-year",
    "type" : "StructureDefinition",
    "url" : "http://somewhere.org/fhir/uv/myig/StructureDefinition/cde-tobacco-smoking-pack-year",
    "version" : "0.2.0",
    "name" : "CDE_TobaccoSmokingPackYear"
  },
  {
    "id" : "cde-tobacco-smoking-status",
    "type" : "StructureDefinition",
    "url" : "http://somewhere.org/fhir/uv/myig/StructureDefinition/cde-tobacco-smoking-status",
    "version" : "0.2.0",
    "name" : "CDE_TobaccoSmokingStatus"
  },
  {
    "id" : "cde-tobacco-smoking-status-yes-or-no",
    "type" : "StructureDefinition",
    "url" : "http://somewhere.org/fhir/uv/myig/StructureDefinition/cde-tobacco-smoking-status-yes-or-no",
    "version" : "0.2.0",
    "name" : "CDE_tobaccoSmokingStatusYesOrNo"
  },
  {
    "id" : "cde-triglyceride-in-serum-or-plasma-mole-concentration",
    "type" : "StructureDefinition",
    "url" : "http://somewhere.org/fhir/uv/myig/StructureDefinition/cde-triglyceride-in-serum-or-plasma-mole-concentration",
    "version" : "0.2.0",
    "name" : "CDE_TriglycerideInSerumOrPlasmaMoleConcentration"
  },
  {
    "id" : "cde-visit-date",
    "type" : "StructureDefinition",
    "url" : "http://somewhere.org/fhir/uv/myig/StructureDefinition/cde-visit-date",
    "version" : "0.2.0",
    "name" : "CDE_VisitDate"
  },
  {
    "id" : "cde-waist-circumference",
    "type" : "StructureDefinition",
    "url" : "http://somewhere.org/fhir/uv/myig/StructureDefinition/cde-waist-circumference",
    "version" : "0.2.0",
    "name" : "CDE_WaistCircumference"
  },
  {
    "id" : "cls-obo-cmo-blood-calcium-level",
    "type" : "StructureDefinition",
    "url" : "http://somewhere.org/fhir/uv/myig/StructureDefinition/cls-obo-cmo-blood-calcium-level",
    "version" : "0.2.0",
    "name" : "CLS_OBO_CMO_BloodCalciumLevel"
  },
  {
    "id" : "cls-obo-cmo-blood-chloride-level",
    "type" : "StructureDefinition",
    "url" : "http://somewhere.org/fhir/uv/myig/StructureDefinition/cls-obo-cmo-blood-chloride-level",
    "version" : "0.2.0",
    "name" : "CLS_OBO_CMO_BloodChlorideLevel"
  },
  {
    "id" : "cls-obo-cmo-blood-cholesterol-level",
    "type" : "StructureDefinition",
    "url" : "http://somewhere.org/fhir/uv/myig/StructureDefinition/cls-obo-cmo-blood-cholesterol-level",
    "version" : "0.2.0",
    "name" : "CLS_OBO_CMO_BloodCholesterolLevel"
  },
  {
    "id" : "cls-obo-cmo-blood-electrolyte-measurement",
    "type" : "StructureDefinition",
    "url" : "http://somewhere.org/fhir/uv/myig/StructureDefinition/cls-obo-cmo-blood-electrolyte-measurement",
    "version" : "0.2.0",
    "name" : "CLS_OBO_CMO_BloodElectrolyteMeasurement"
  },
  {
    "id" : "cls-obo-cmo-blood-glucose-level",
    "type" : "StructureDefinition",
    "url" : "http://somewhere.org/fhir/uv/myig/StructureDefinition/cls-obo-cmo-blood-glucose-level",
    "version" : "0.2.0",
    "name" : "CLS_OBO_CMO_BloodGlucoseLevel"
  },
  {
    "id" : "cls-obo-cmo-blood-magnesium-level",
    "type" : "StructureDefinition",
    "url" : "http://somewhere.org/fhir/uv/myig/StructureDefinition/cls-obo-cmo-blood-magnesium-level",
    "version" : "0.2.0",
    "name" : "CLS_OBO_CMO_BloodMagnesiumLevel"
  },
  {
    "id" : "cls-obo-cmo-blood-phosphate-level",
    "type" : "StructureDefinition",
    "url" : "http://somewhere.org/fhir/uv/myig/StructureDefinition/cls-obo-cmo-blood-phosphate-level",
    "version" : "0.2.0",
    "name" : "CLS_OBO_CMO_BloodPhosphateLevel"
  },
  {
    "id" : "cls-obo-cmo-blood-potassium-level",
    "type" : "StructureDefinition",
    "url" : "http://somewhere.org/fhir/uv/myig/StructureDefinition/cls-obo-cmo-blood-potassium-level",
    "version" : "0.2.0",
    "name" : "CLS_OBO_CMO_BloodPotassiumLevel"
  },
  {
    "id" : "cls-obo-cmo-blood-pressure-measurement",
    "type" : "StructureDefinition",
    "url" : "http://somewhere.org/fhir/uv/myig/StructureDefinition/cls-obo-cmo-blood-pressure-measurement",
    "version" : "0.2.0",
    "name" : "CLS_OBO_CMO_BloodPressureMeasurement"
  },
  {
    "id" : "cls-obo-cmo-blood-sodium-level",
    "type" : "StructureDefinition",
    "url" : "http://somewhere.org/fhir/uv/myig/StructureDefinition/cls-obo-cmo-blood-sodium-level",
    "version" : "0.2.0",
    "name" : "CLS_OBO_CMO_BloodSodiumLevel"
  },
  {
    "id" : "cls-obo-cmo-blood-triglyceride-level",
    "type" : "StructureDefinition",
    "url" : "http://somewhere.org/fhir/uv/myig/StructureDefinition/cls-obo-cmo-blood-triglyceride-level",
    "version" : "0.2.0",
    "name" : "CLS_OBO_CMO_BloodTriglycerideLevel"
  },
  {
    "id" : "cls-obo-cmo-body-height",
    "type" : "StructureDefinition",
    "url" : "http://somewhere.org/fhir/uv/myig/StructureDefinition/cls-obo-cmo-body-height",
    "version" : "0.2.0",
    "name" : "CLS_OBO_CMO_BodyHeight"
  },
  {
    "id" : "cls-obo-cmo-body-weight",
    "type" : "StructureDefinition",
    "url" : "http://somewhere.org/fhir/uv/myig/StructureDefinition/cls-obo-cmo-body-weight",
    "version" : "0.2.0",
    "name" : "CLS_OBO_CMO_BodyWeight"
  },
  {
    "id" : "cls-obo-cmo-diastolic-blood-pressure",
    "type" : "StructureDefinition",
    "url" : "http://somewhere.org/fhir/uv/myig/StructureDefinition/cls-obo-cmo-diastolic-blood-pressure",
    "version" : "0.2.0",
    "name" : "CLS_OBO_CMO_DiastolicBloodPressure"
  },
  {
    "id" : "cls-obo-cmo-heart-rate",
    "type" : "StructureDefinition",
    "url" : "http://somewhere.org/fhir/uv/myig/StructureDefinition/cls-obo-cmo-heart-rate",
    "version" : "0.2.0",
    "name" : "CLS_OBO_CMO_HeartRate"
  },
  {
    "id" : "cls-obo-cmo-hematocrit-measurement",
    "type" : "StructureDefinition",
    "url" : "http://somewhere.org/fhir/uv/myig/StructureDefinition/cls-obo-cmo-hematocrit-measurement",
    "version" : "0.2.0",
    "name" : "CLS_OBO_CMO_HematocritMeasurement"
  },
  {
    "id" : "cls-obo-cmo-hemoglobin-measurement",
    "type" : "StructureDefinition",
    "url" : "http://somewhere.org/fhir/uv/myig/StructureDefinition/cls-obo-cmo-hemoglobin-measurement",
    "version" : "0.2.0",
    "name" : "CLS_OBO_CMO_HemoglobinMeasurement"
  },
  {
    "id" : "cls-obo-cmo-hip-circumference",
    "type" : "StructureDefinition",
    "url" : "http://somewhere.org/fhir/uv/myig/StructureDefinition/cls-obo-cmo-hip-circumference",
    "version" : "0.2.0",
    "name" : "CLS_OBO_CMO_HipCircumference"
  },
  {
    "id" : "cls-obo-cmo-mean-corpuscular-hemoglobin-concentration",
    "type" : "StructureDefinition",
    "url" : "http://somewhere.org/fhir/uv/myig/StructureDefinition/cls-obo-cmo-mean-corpuscular-hemoglobin-concentration",
    "version" : "0.2.0",
    "name" : "CLS_OBO_CMO_MeanCorpuscularHemoglobinConcentration"
  },
  {
    "id" : "cls-obo-cmo-mean-corpuscular-hemoglobin-level",
    "type" : "StructureDefinition",
    "url" : "http://somewhere.org/fhir/uv/myig/StructureDefinition/cls-obo-cmo-mean-corpuscular-hemoglobin-level",
    "version" : "0.2.0",
    "name" : "CLS_OBO_CMO_MeanCorpuscularHemoglobinLevel"
  },
  {
    "id" : "cls-obo-cmo-mean-corpuscular-volume",
    "type" : "StructureDefinition",
    "url" : "http://somewhere.org/fhir/uv/myig/StructureDefinition/cls-obo-cmo-mean-corpuscular-volume",
    "version" : "0.2.0",
    "name" : "CLS_OBO_CMO_MeanCorpuscularVolume"
  },
  {
    "id" : "cls-obo-cmo-platelet-measurement",
    "type" : "StructureDefinition",
    "url" : "http://somewhere.org/fhir/uv/myig/StructureDefinition/cls-obo-cmo-platelet-measurement",
    "version" : "0.2.0",
    "name" : "CLS_OBO_CMO_PlateletMeasurement"
  },
  {
    "id" : "cls-obo-cmo-red-blood-cell-measurement",
    "type" : "StructureDefinition",
    "url" : "http://somewhere.org/fhir/uv/myig/StructureDefinition/cls-obo-cmo-red-blood-cell-measurement",
    "version" : "0.2.0",
    "name" : "CLS_OBO_CMO_RedBloodCellMeasurement"
  },
  {
    "id" : "cls-obo-cmo-systolic-blood-pressure",
    "type" : "StructureDefinition",
    "url" : "http://somewhere.org/fhir/uv/myig/StructureDefinition/cls-obo-cmo-systolic-blood-pressure",
    "version" : "0.2.0",
    "name" : "CLS_OBO_CMO_SystolicBloodPressure"
  },
  {
    "id" : "cls-obo-cmo-waist-circumference",
    "type" : "StructureDefinition",
    "url" : "http://somewhere.org/fhir/uv/myig/StructureDefinition/cls-obo-cmo-waist-circumference",
    "version" : "0.2.0",
    "name" : "CLS_OBO_CMO_WaistCircumference"
  },
  {
    "id" : "cls-obo-cmo-white-blood-cell-measurement",
    "type" : "StructureDefinition",
    "url" : "http://somewhere.org/fhir/uv/myig/StructureDefinition/cls-obo-cmo-white-blood-cell-measurement",
    "version" : "0.2.0",
    "name" : "CLS_OBO_CMO_WhiteBloodCellMeasurement"
  },
  {
    "id" : "cls-obo-cmobody-mass-index",
    "type" : "StructureDefinition",
    "url" : "http://somewhere.org/fhir/uv/myig/StructureDefinition/cls-obo-cmobody-mass-index",
    "version" : "0.2.0",
    "name" : "CLS_OBO_CMOBodyMassIndex"
  },
  {
    "id" : "cls-obo-ncit-age",
    "type" : "StructureDefinition",
    "url" : "http://somewhere.org/fhir/uv/myig/StructureDefinition/cls-obo-ncit-age",
    "version" : "0.2.0",
    "name" : "CLS_OBO_NCIT_Age"
  },
  {
    "id" : "cls-obo-ncit-birth-date",
    "type" : "StructureDefinition",
    "url" : "http://somewhere.org/fhir/uv/myig/StructureDefinition/cls-obo-ncit-birth-date",
    "version" : "0.2.0",
    "name" : "CLS_OBO_NCIT_BirthDate"
  },
  {
    "id" : "cls-obo-ncit-date",
    "type" : "StructureDefinition",
    "url" : "http://somewhere.org/fhir/uv/myig/StructureDefinition/cls-obo-ncit-date",
    "version" : "0.2.0",
    "name" : "CLS_OBO_NCIT_Date"
  },
  {
    "id" : "cls-obo-ncit-date-of-diagnosis",
    "type" : "StructureDefinition",
    "url" : "http://somewhere.org/fhir/uv/myig/StructureDefinition/cls-obo-ncit-date-of-diagnosis",
    "version" : "0.2.0",
    "name" : "CLS_OBO_NCIT_DateOfDiagnosis"
  },
  {
    "id" : "cls-obo-ncit-visit-date",
    "type" : "StructureDefinition",
    "url" : "http://somewhere.org/fhir/uv/myig/StructureDefinition/cls-obo-ncit-visit-date",
    "version" : "0.2.0",
    "name" : "CLS_OBO_NCIT_VisitDate"
  },
  {
    "id" : "cls-obo-ncit-year-date",
    "type" : "StructureDefinition",
    "url" : "http://somewhere.org/fhir/uv/myig/StructureDefinition/cls-obo-ncit-year-date",
    "version" : "0.2.0",
    "name" : "CLS_OBO_NCIT_YearDate"
  },
  {
    "id" : "cls-obo-snomed-blood-creatinine-level",
    "type" : "StructureDefinition",
    "url" : "http://somewhere.org/fhir/uv/myig/StructureDefinition/cls-obo-snomed-blood-creatinine-level",
    "version" : "0.2.0",
    "name" : "CLS_OBO_SNOMED_BloodCreatinineLevel"
  },
  {
    "id" : "cls-snomed-demographic-history-detail",
    "type" : "StructureDefinition",
    "url" : "http://somewhere.org/fhir/uv/myig/StructureDefinition/cls-snomed-demographic-history-detail",
    "version" : "0.2.0",
    "name" : "CLS_SNOMED_DemographicHistoryDetail"
  },
  {
    "id" : "cls-snomed-finding-of-tobacco-use-and-exposure",
    "type" : "StructureDefinition",
    "url" : "http://somewhere.org/fhir/uv/myig/StructureDefinition/cls-snomed-finding-of-tobacco-use-and-exposure",
    "version" : "0.2.0",
    "name" : "CLS_SNOMED_FindingOfTobaccoUseAndExposure"
  },
  {
    "id" : "cls-snomed-pack-years",
    "type" : "StructureDefinition",
    "url" : "http://somewhere.org/fhir/uv/myig/StructureDefinition/cls-snomed-pack-years",
    "version" : "0.2.0",
    "name" : "CLS_SNOMED_PackYears"
  },
  {
    "id" : "cls-snomed-patient-sex",
    "type" : "StructureDefinition",
    "url" : "http://somewhere.org/fhir/uv/myig/StructureDefinition/cls-snomed-patient-sex",
    "version" : "0.2.0",
    "name" : "CLS_SNOMED_PatientSex"
  },
  {
    "id" : "ext-myExtension",
    "type" : "StructureDefinition",
    "url" : "http://somewhere.org/fhir/uv/myig/StructureDefinition/ext-myExtension",
    "version" : "0.2.0",
    "name" : "MyExtension"
  },
  {
    "id" : "myObservation",
    "type" : "StructureDefinition",
    "url" : "http://somewhere.org/fhir/uv/myig/StructureDefinition/myObservation",
    "version" : "0.2.0",
    "name" : "MyObservation"
  },
  {
    "id" : "mypatient",
    "type" : "StructureDefinition",
    "url" : "http://somewhere.org/fhir/uv/myig/StructureDefinition/mypatient",
    "version" : "0.2.0",
    "name" : "MyPatientName"
  },
  {
    "id" : "mypractitioner",
    "type" : "StructureDefinition",
    "url" : "http://somewhere.org/fhir/uv/myig/StructureDefinition/mypractitioner",
    "version" : "0.2.0",
    "name" : "MyPractitionerName"
  },
  {
    "id" : "poi-patient",
    "type" : "StructureDefinition",
    "url" : "http://somewhere.org/fhir/uv/myig/StructureDefinition/poi-patient",
    "version" : "0.2.0",
    "name" : "POI_Patient"
  },
  {
    "id" : "poi-person",
    "type" : "StructureDefinition",
    "url" : "http://somewhere.org/fhir/uv/myig/StructureDefinition/poi-person",
    "version" : "0.2.0",
    "name" : "POI_Person"
  },
  {
    "id" : "poi-research-subject",
    "type" : "StructureDefinition",
    "url" : "http://somewhere.org/fhir/uv/myig/StructureDefinition/poi-research-subject",
    "version" : "0.2.0",
    "name" : "POI_ResearchSubject"
  },
  {
    "id" : "valueset-fake",
    "type" : "ValueSet",
    "url" : "http://somewhere.org/fhir/uv/myig/ValueSet/valueset-fake",
    "version" : "0.2.0",
    "name" : "ValueSetFake"
  },
  {
    "id" : "valueset-no-codesystem",
    "type" : "ValueSet",
    "url" : "http://somewhere.org/fhir/uv/myig/ValueSet/valueset-no-codesystem",
    "version" : "0.2.0",
    "name" : "ValueSetWithNoCodeSystem"
  },
  {
    "id" : "vs-administrative-gender",
    "type" : "ValueSet",
    "url" : "http://somewhere.org/fhir/uv/myig/ValueSet/vs-administrative-gender",
    "version" : "0.2.0",
    "name" : "VS_AdministrativeGender"
  },
  {
    "id" : "vs-binary-decision-yes-or-no",
    "type" : "ValueSet",
    "url" : "http://somewhere.org/fhir/uv/myig/ValueSet/vs-binary-decision-yes-or-no",
    "version" : "0.2.0",
    "name" : "VS_BinaryDecisionYesOrNo"
  },
  {
    "id" : "vs-biological-gender",
    "type" : "ValueSet",
    "url" : "http://somewhere.org/fhir/uv/myig/ValueSet/vs-biological-gender",
    "version" : "0.2.0",
    "name" : "VS_BiologicalGender"
  },
  {
    "id" : "vs-ethnic-groups",
    "type" : "ValueSet",
    "url" : "http://somewhere.org/fhir/uv/myig/ValueSet/vs-ethnic-groups",
    "version" : "0.2.0",
    "name" : "VS_EthnicGroups"
  },
  {
    "id" : "vs-glasgow-coma-scale-for-adults",
    "type" : "ValueSet",
    "url" : "http://somewhere.org/fhir/uv/myig/ValueSet/vs-glasgow-coma-scale-for-adults",
    "version" : "0.2.0",
    "name" : "VS_GlasgowComaScaleForAdults"
  },
  {
    "id" : "vs-length-units",
    "type" : "ValueSet",
    "url" : "http://somewhere.org/fhir/uv/myig/ValueSet/vs-length-units",
    "version" : "0.2.0",
    "name" : "VS_LengthUnits"
  },
  {
    "id" : "vs-mass-concentration-units",
    "type" : "ValueSet",
    "url" : "http://somewhere.org/fhir/uv/myig/ValueSet/vs-mass-concentration-units",
    "version" : "0.2.0",
    "name" : "VS_MassConcentrationUnits"
  },
  {
    "id" : "vs-mass-units",
    "type" : "ValueSet",
    "url" : "http://somewhere.org/fhir/uv/myig/ValueSet/vs-mass-units",
    "version" : "0.2.0",
    "name" : "VS_MassUnits"
  },
  {
    "id" : "vs-missing-values-as-snomed",
    "type" : "ValueSet",
    "url" : "http://somewhere.org/fhir/uv/myig/ValueSet/vs-missing-values-as-snomed",
    "version" : "0.2.0",
    "name" : "VS_MissingValuesAsSnomed"
  },
  {
    "id" : "vs-molar-concentration-units",
    "type" : "ValueSet",
    "url" : "http://somewhere.org/fhir/uv/myig/ValueSet/vs-molar-concentration-units",
    "version" : "0.2.0",
    "name" : "VS_MolarConcentrationUnits"
  },
  {
    "id" : "vs-number-concentration-units",
    "type" : "ValueSet",
    "url" : "http://somewhere.org/fhir/uv/myig/ValueSet/vs-number-concentration-units",
    "version" : "0.2.0",
    "name" : "VS_NumberConcentrationUnits"
  },
  {
    "id" : "vs-smoking-status",
    "type" : "ValueSet",
    "url" : "http://somewhere.org/fhir/uv/myig/ValueSet/vs-smoking-status",
    "version" : "0.2.0",
    "name" : "VS_SmokingStatus"
  },
  {
    "id" : "vs-specimen-types",
    "type" : "ValueSet",
    "url" : "http://somewhere.org/fhir/uv/myig/ValueSet/vs-specimen-types",
    "version" : "0.2.0",
    "name" : "VS_SpecimenTypes"
  },
  {
    "id" : "vs-time-units",
    "type" : "ValueSet",
    "url" : "http://somewhere.org/fhir/uv/myig/ValueSet/vs-time-units",
    "version" : "0.2.0",
    "name" : "VS_TimeUnits"
  },
  {
    "id" : "vs-unity-units",
    "type" : "ValueSet",
    "url" : "http://somewhere.org/fhir/uv/myig/ValueSet/vs-unity-units",
    "version" : "0.2.0",
    "name" : "VS_UnityUnits"
  },
  {
    "id" : "2.16.840.1.113883.3.1937.99.61.76.11.2--20221103133509",
    "type" : "ValueSet",
    "url" : "https://develop.art-decor.org/fhir/ValueSet/2.16.840.1.113883.3.1937.99.61.76.11.2--20221103133509",
    "version" : "0.2.0",
    "name" : "ValueSet_YesNoQualfier",
    "oids" : ["2.16.840.1.113883.3.1937.99.61.76.11.2"]
  }
]
