{
  "resourceType" : "CodeSystem",
  "id" : "cs-fake",
  "text" : {
    "status" : "generated",
    "div" : "<div xmlns=\"http://www.w3.org/1999/xhtml\"><p>This code system <code>http://somewhere.org/fhir/uv/myig/CodeSystem/cs-fake</code> defines the following codes:</p><table class=\"codes\"><tr><td style=\"white-space:nowrap\"><b>Code</b></td><td><b>Display</b></td></tr><tr><td style=\"white-space:nowrap\">01<a name=\"cs-fake-01\"> </a></td><td>CS1</td></tr></table></div>"
  },
  "url" : "http://somewhere.org/fhir/uv/myig/CodeSystem/cs-fake",
  "version" : "0.1.0",
  "name" : "CodeSystemFake",
  "title" : "CodeSystem fake",
  "status" : "draft",
  "experimental" : true,
  "date" : "2015-06-22",
  "publisher" : "Nils Haendly",
  "contact" : [{
    "name" : "Nils Haendly",
    "telecom" : [{
      "system" : "url",
      "value" : "http://noctiz89.github.io/CDE-Katalog/index.html"
    }]
  }],
  "description" : "A fake code system",
  "caseSensitive" : true,
  "content" : "complete",
  "concept" : [{
    "code" : "01",
    "display" : "CS1",
    "designation" : [{
      "value" : "CS2"
    }]
  }]
}