{
  "resourceType" : "ImplementationGuide",
  "id" : "fhir.cde-katalog",
  "text" : {
    "status" : "extensions",
    "div" : "<div xmlns=\"http://www.w3.org/1999/xhtml\"><h2>cde-katalog</h2><p>The official URL for this implementation guide is: </p><pre>http://hl7.org/de/ImplementationGuide/fhir.cde-katalog</pre><div><p>A brief description of what MyIG is about (probably the same text as in your readme)</p>\n</div></div>"
  },
  "extension" : [{
    "url" : "http://hl7.org/fhir/StructureDefinition/structuredefinition-standards-status",
    "valueCode" : "informative"
  },
  {
    "url" : "http://hl7.org/fhir/StructureDefinition/structuredefinition-fmm",
    "valueInteger" : 1
  }],
  "url" : "http://hl7.org/de/ImplementationGuide/fhir.cde-katalog",
  "version" : "0.2.0",
  "name" : "cde-katalog",
  "title" : "Common Data Element Katalog",
  "status" : "draft",
  "experimental" : false,
  "date" : "2023-03-17T18:03:12+01:00",
  "publisher" : "HL7 International - CDE Katalog Arbeitsgruppe",
  "contact" : [{
    "telecom" : [{
      "system" : "url",
      "value" : "http://hl7.org/Special/committees/[something]"
    }]
  }],
  "description" : "A brief description of what MyIG is about (probably the same text as in your readme)",
  "jurisdiction" : [{
    "coding" : [{
      "system" : "http://unstats.un.org/unsd/methods/m49/m49.htm",
      "code" : "001"
    }]
  }],
  "packageId" : "cde-katalog",
  "license" : "CC0-1.0",
  "fhirVersion" : ["4.0.1"],
  "dependsOn" : [{
    "id" : "hl7tx",
    "extension" : [{
      "url" : "http://hl7.org/fhir/tools/StructureDefinition/implementationguide-dependency-comment",
      "valueMarkdown" : "Automatically added as a dependency - all IGs depend on HL7 Terminology"
    }],
    "uri" : "http://terminology.hl7.org/ImplementationGuide/hl7.terminology",
    "packageId" : "hl7.terminology.r4",
    "version" : "5.0.0"
  }],
  "definition" : {
    "extension" : [{
      "extension" : [{
        "url" : "code",
        "valueString" : "copyrightyear"
      },
      {
        "url" : "value",
        "valueString" : "2023+"
      }],
      "url" : "http://hl7.org/fhir/tools/StructureDefinition/ig-parameter"
    },
    {
      "extension" : [{
        "url" : "code",
        "valueString" : "releaselabel"
      },
      {
        "url" : "value",
        "valueString" : "CI Build"
      }],
      "url" : "http://hl7.org/fhir/tools/StructureDefinition/ig-parameter"
    },
    {
      "extension" : [{
        "url" : "code",
        "valueString" : "path-liquid"
      },
      {
        "url" : "value",
        "valueString" : "templates\\liquid"
      }],
      "url" : "http://hl7.org/fhir/tools/StructureDefinition/ig-parameter"
    },
    {
      "extension" : [{
        "url" : "code",
        "valueString" : "shownav"
      },
      {
        "url" : "value",
        "valueString" : "true"
      }],
      "url" : "http://hl7.org/fhir/tools/StructureDefinition/ig-parameter"
    },
    {
      "extension" : [{
        "url" : "code",
        "valueString" : "showsource"
      },
      {
        "url" : "value",
        "valueString" : "true"
      }],
      "url" : "http://hl7.org/fhir/tools/StructureDefinition/ig-parameter"
    },
    {
      "extension" : [{
        "url" : "code",
        "valueString" : "autoload-resources"
      },
      {
        "url" : "value",
        "valueString" : "true"
      }],
      "url" : "http://hl7.org/fhir/tools/StructureDefinition/ig-parameter"
    },
    {
      "extension" : [{
        "url" : "code",
        "valueString" : "path-liquid"
      },
      {
        "url" : "value",
        "valueString" : "template/liquid"
      }],
      "url" : "http://hl7.org/fhir/tools/StructureDefinition/ig-parameter"
    },
    {
      "extension" : [{
        "url" : "code",
        "valueString" : "path-liquid"
      },
      {
        "url" : "value",
        "valueString" : "input/liquid"
      }],
      "url" : "http://hl7.org/fhir/tools/StructureDefinition/ig-parameter"
    },
    {
      "extension" : [{
        "url" : "code",
        "valueString" : "path-qa"
      },
      {
        "url" : "value",
        "valueString" : "temp/qa"
      }],
      "url" : "http://hl7.org/fhir/tools/StructureDefinition/ig-parameter"
    },
    {
      "extension" : [{
        "url" : "code",
        "valueString" : "path-temp"
      },
      {
        "url" : "value",
        "valueString" : "temp/pages"
      }],
      "url" : "http://hl7.org/fhir/tools/StructureDefinition/ig-parameter"
    },
    {
      "extension" : [{
        "url" : "code",
        "valueString" : "path-output"
      },
      {
        "url" : "value",
        "valueString" : "output"
      }],
      "url" : "http://hl7.org/fhir/tools/StructureDefinition/ig-parameter"
    },
    {
      "extension" : [{
        "url" : "code",
        "valueString" : "path-suppressed-warnings"
      },
      {
        "url" : "value",
        "valueString" : "input/ignoreWarnings.txt"
      }],
      "url" : "http://hl7.org/fhir/tools/StructureDefinition/ig-parameter"
    },
    {
      "extension" : [{
        "url" : "code",
        "valueString" : "path-history"
      },
      {
        "url" : "value",
        "valueString" : "http://hl7.org/de/history.html"
      }],
      "url" : "http://hl7.org/fhir/tools/StructureDefinition/ig-parameter"
    },
    {
      "extension" : [{
        "url" : "code",
        "valueString" : "template-html"
      },
      {
        "url" : "value",
        "valueString" : "template-page.html"
      }],
      "url" : "http://hl7.org/fhir/tools/StructureDefinition/ig-parameter"
    },
    {
      "extension" : [{
        "url" : "code",
        "valueString" : "template-md"
      },
      {
        "url" : "value",
        "valueString" : "template-page-md.html"
      }],
      "url" : "http://hl7.org/fhir/tools/StructureDefinition/ig-parameter"
    },
    {
      "extension" : [{
        "url" : "code",
        "valueString" : "apply-contact"
      },
      {
        "url" : "value",
        "valueString" : "true"
      }],
      "url" : "http://hl7.org/fhir/tools/StructureDefinition/ig-parameter"
    },
    {
      "extension" : [{
        "url" : "code",
        "valueString" : "apply-context"
      },
      {
        "url" : "value",
        "valueString" : "true"
      }],
      "url" : "http://hl7.org/fhir/tools/StructureDefinition/ig-parameter"
    },
    {
      "extension" : [{
        "url" : "code",
        "valueString" : "apply-copyright"
      },
      {
        "url" : "value",
        "valueString" : "true"
      }],
      "url" : "http://hl7.org/fhir/tools/StructureDefinition/ig-parameter"
    },
    {
      "extension" : [{
        "url" : "code",
        "valueString" : "apply-jurisdiction"
      },
      {
        "url" : "value",
        "valueString" : "true"
      }],
      "url" : "http://hl7.org/fhir/tools/StructureDefinition/ig-parameter"
    },
    {
      "extension" : [{
        "url" : "code",
        "valueString" : "apply-license"
      },
      {
        "url" : "value",
        "valueString" : "true"
      }],
      "url" : "http://hl7.org/fhir/tools/StructureDefinition/ig-parameter"
    },
    {
      "extension" : [{
        "url" : "code",
        "valueString" : "apply-publisher"
      },
      {
        "url" : "value",
        "valueString" : "true"
      }],
      "url" : "http://hl7.org/fhir/tools/StructureDefinition/ig-parameter"
    },
    {
      "extension" : [{
        "url" : "code",
        "valueString" : "apply-version"
      },
      {
        "url" : "value",
        "valueString" : "true"
      }],
      "url" : "http://hl7.org/fhir/tools/StructureDefinition/ig-parameter"
    },
    {
      "extension" : [{
        "url" : "code",
        "valueString" : "active-tables"
      },
      {
        "url" : "value",
        "valueString" : "true"
      }],
      "url" : "http://hl7.org/fhir/tools/StructureDefinition/ig-parameter"
    },
    {
      "extension" : [{
        "url" : "code",
        "valueString" : "fmm-definition"
      },
      {
        "url" : "value",
        "valueString" : "http://hl7.org/fhir/versions.html#maturity"
      }],
      "url" : "http://hl7.org/fhir/tools/StructureDefinition/ig-parameter"
    },
    {
      "extension" : [{
        "url" : "code",
        "valueString" : "propagate-status"
      },
      {
        "url" : "value",
        "valueString" : "true"
      }],
      "url" : "http://hl7.org/fhir/tools/StructureDefinition/ig-parameter"
    },
    {
      "extension" : [{
        "url" : "code",
        "valueString" : "excludelogbinaryformat"
      },
      {
        "url" : "value",
        "valueString" : "true"
      }],
      "url" : "http://hl7.org/fhir/tools/StructureDefinition/ig-parameter"
    },
    {
      "extension" : [{
        "url" : "code",
        "valueString" : "tabbed-snapshots"
      },
      {
        "url" : "value",
        "valueString" : "true"
      }],
      "url" : "http://hl7.org/fhir/tools/StructureDefinition/ig-parameter"
    },
    {
      "extension" : [{
        "url" : "code",
        "valueString" : "copyrightyear"
      },
      {
        "url" : "value",
        "valueString" : "2023+"
      }],
      "url" : "http://hl7.org/fhir/tools/StructureDefinition/ig-parameter"
    },
    {
      "extension" : [{
        "url" : "code",
        "valueString" : "releaselabel"
      },
      {
        "url" : "value",
        "valueString" : "CI Build"
      }],
      "url" : "http://hl7.org/fhir/tools/StructureDefinition/ig-parameter"
    },
    {
      "extension" : [{
        "url" : "code",
        "valueString" : "path-liquid"
      },
      {
        "url" : "value",
        "valueString" : "templates\\liquid"
      }],
      "url" : "http://hl7.org/fhir/tools/StructureDefinition/ig-parameter"
    },
    {
      "extension" : [{
        "url" : "code",
        "valueString" : "shownav"
      },
      {
        "url" : "value",
        "valueString" : "true"
      }],
      "url" : "http://hl7.org/fhir/tools/StructureDefinition/ig-parameter"
    },
    {
      "extension" : [{
        "url" : "code",
        "valueString" : "showsource"
      },
      {
        "url" : "value",
        "valueString" : "true"
      }],
      "url" : "http://hl7.org/fhir/tools/StructureDefinition/ig-parameter"
    },
    {
      "extension" : [{
        "url" : "code",
        "valueString" : "autoload-resources"
      },
      {
        "url" : "value",
        "valueString" : "true"
      }],
      "url" : "http://hl7.org/fhir/tools/StructureDefinition/ig-parameter"
    },
    {
      "extension" : [{
        "url" : "code",
        "valueString" : "path-liquid"
      },
      {
        "url" : "value",
        "valueString" : "template/liquid"
      }],
      "url" : "http://hl7.org/fhir/tools/StructureDefinition/ig-parameter"
    },
    {
      "extension" : [{
        "url" : "code",
        "valueString" : "path-liquid"
      },
      {
        "url" : "value",
        "valueString" : "input/liquid"
      }],
      "url" : "http://hl7.org/fhir/tools/StructureDefinition/ig-parameter"
    },
    {
      "extension" : [{
        "url" : "code",
        "valueString" : "path-qa"
      },
      {
        "url" : "value",
        "valueString" : "temp/qa"
      }],
      "url" : "http://hl7.org/fhir/tools/StructureDefinition/ig-parameter"
    },
    {
      "extension" : [{
        "url" : "code",
        "valueString" : "path-temp"
      },
      {
        "url" : "value",
        "valueString" : "temp/pages"
      }],
      "url" : "http://hl7.org/fhir/tools/StructureDefinition/ig-parameter"
    },
    {
      "extension" : [{
        "url" : "code",
        "valueString" : "path-output"
      },
      {
        "url" : "value",
        "valueString" : "output"
      }],
      "url" : "http://hl7.org/fhir/tools/StructureDefinition/ig-parameter"
    },
    {
      "extension" : [{
        "url" : "code",
        "valueString" : "path-suppressed-warnings"
      },
      {
        "url" : "value",
        "valueString" : "input/ignoreWarnings.txt"
      }],
      "url" : "http://hl7.org/fhir/tools/StructureDefinition/ig-parameter"
    },
    {
      "extension" : [{
        "url" : "code",
        "valueString" : "path-history"
      },
      {
        "url" : "value",
        "valueString" : "http://hl7.org/de/history.html"
      }],
      "url" : "http://hl7.org/fhir/tools/StructureDefinition/ig-parameter"
    },
    {
      "extension" : [{
        "url" : "code",
        "valueString" : "template-html"
      },
      {
        "url" : "value",
        "valueString" : "template-page.html"
      }],
      "url" : "http://hl7.org/fhir/tools/StructureDefinition/ig-parameter"
    },
    {
      "extension" : [{
        "url" : "code",
        "valueString" : "template-md"
      },
      {
        "url" : "value",
        "valueString" : "template-page-md.html"
      }],
      "url" : "http://hl7.org/fhir/tools/StructureDefinition/ig-parameter"
    },
    {
      "extension" : [{
        "url" : "code",
        "valueString" : "apply-contact"
      },
      {
        "url" : "value",
        "valueString" : "true"
      }],
      "url" : "http://hl7.org/fhir/tools/StructureDefinition/ig-parameter"
    },
    {
      "extension" : [{
        "url" : "code",
        "valueString" : "apply-context"
      },
      {
        "url" : "value",
        "valueString" : "true"
      }],
      "url" : "http://hl7.org/fhir/tools/StructureDefinition/ig-parameter"
    },
    {
      "extension" : [{
        "url" : "code",
        "valueString" : "apply-copyright"
      },
      {
        "url" : "value",
        "valueString" : "true"
      }],
      "url" : "http://hl7.org/fhir/tools/StructureDefinition/ig-parameter"
    },
    {
      "extension" : [{
        "url" : "code",
        "valueString" : "apply-jurisdiction"
      },
      {
        "url" : "value",
        "valueString" : "true"
      }],
      "url" : "http://hl7.org/fhir/tools/StructureDefinition/ig-parameter"
    },
    {
      "extension" : [{
        "url" : "code",
        "valueString" : "apply-license"
      },
      {
        "url" : "value",
        "valueString" : "true"
      }],
      "url" : "http://hl7.org/fhir/tools/StructureDefinition/ig-parameter"
    },
    {
      "extension" : [{
        "url" : "code",
        "valueString" : "apply-publisher"
      },
      {
        "url" : "value",
        "valueString" : "true"
      }],
      "url" : "http://hl7.org/fhir/tools/StructureDefinition/ig-parameter"
    },
    {
      "extension" : [{
        "url" : "code",
        "valueString" : "apply-version"
      },
      {
        "url" : "value",
        "valueString" : "true"
      }],
      "url" : "http://hl7.org/fhir/tools/StructureDefinition/ig-parameter"
    },
    {
      "extension" : [{
        "url" : "code",
        "valueString" : "active-tables"
      },
      {
        "url" : "value",
        "valueString" : "true"
      }],
      "url" : "http://hl7.org/fhir/tools/StructureDefinition/ig-parameter"
    },
    {
      "extension" : [{
        "url" : "code",
        "valueString" : "fmm-definition"
      },
      {
        "url" : "value",
        "valueString" : "http://hl7.org/fhir/versions.html#maturity"
      }],
      "url" : "http://hl7.org/fhir/tools/StructureDefinition/ig-parameter"
    },
    {
      "extension" : [{
        "url" : "code",
        "valueString" : "propagate-status"
      },
      {
        "url" : "value",
        "valueString" : "true"
      }],
      "url" : "http://hl7.org/fhir/tools/StructureDefinition/ig-parameter"
    },
    {
      "extension" : [{
        "url" : "code",
        "valueString" : "excludelogbinaryformat"
      },
      {
        "url" : "value",
        "valueString" : "true"
      }],
      "url" : "http://hl7.org/fhir/tools/StructureDefinition/ig-parameter"
    },
    {
      "extension" : [{
        "url" : "code",
        "valueString" : "tabbed-snapshots"
      },
      {
        "url" : "value",
        "valueString" : "true"
      }],
      "url" : "http://hl7.org/fhir/tools/StructureDefinition/ig-parameter"
    }],
    "resource" : [{
      "extension" : [{
        "url" : "http://hl7.org/fhir/tools/StructureDefinition/resource-information",
        "valueString" : "Questionnaire"
      }],
      "reference" : {
        "reference" : "Questionnaire/Top300Loinc"
      },
      "name" : "Top 300 Laboratory Value Dataset of the Medical Informatics Initiative Germany (MII) (Extended Version);",
      "description" : "The Top 300 Dataset (Kerndatensatz Labor) was developed by the Medical Informatics Initiative Germany (MII) and contains frequency-sorted, LOINC-coded analyses of the university clinics in Göttingen, Gießen, Munich, Greifswald and Erlangen. This form shows a detailed description containing primary and secondary LOINC codes of the 300 most common laboratory parameters. For each of the 300 laboratory parameters an itemgroup was created with all accepted variants of the laboratory parameters as items (secondary LOINC codes), the first item being the preferred LOINC variant of the MII (primary LOINC code). The itemgroup title is based on the primary LOINC code. The list is divided into subforms by the associated classes of laboratory parameters. If more than one class, the parameters can be found in the MIXED subform. An overview of the preferred presentation can also be found in the MDM portal (Laboratory Tests (Overview)). https://www.medizininformatik-initiative.de/de/labordaten-in-der-medizininformatik-initiative Explanation of abbreviations for types of specimen and classes/subforms: Type of specimen: Bld &amp;#61; Blood BldA &amp;#61; arterial blood Ser &amp;#61; Serum Plas &amp;#61; Plasma RBC &amp;#61; Red blood cells PPP &amp;#61; Platelet poor plasma Urine sed &amp;#61; Urine sediment CSF &amp;#61; Cerebral spinal fluid Body fld &amp;#61; Body fluid Classes (Subforms): CHEM &amp;#61; Chemistry HEM/BC &amp;#61; Hematology/Blood Cell Count COAG &amp;#61; Coagulation study UA &amp;#61; Urinalysis CELLMARK &amp;#61; Cell markers CLIN &amp;#61; clinical not elsewhere classified DRUG/TOX &amp;#61; drug levels &amp; toxicology SERO &amp;#61; serology MICRO &amp;#61; Microbiology SPEC &amp;#61; Specimen characteristics"
    },
    {
      "extension" : [{
        "url" : "http://hl7.org/fhir/tools/StructureDefinition/resource-information",
        "valueString" : "StructureDefinition:resource:abstract"
      }],
      "reference" : {
        "reference" : "StructureDefinition/c-age"
      },
      "name" : "C Age",
      "description" : "Dieses abstrakte Profil beschreibt das Konzept 'Alter'."
    },
    {
      "extension" : [{
        "url" : "http://hl7.org/fhir/tools/StructureDefinition/resource-information",
        "valueString" : "StructureDefinition:resource:abstract"
      }],
      "reference" : {
        "reference" : "StructureDefinition/c-creatinine"
      },
      "name" : "C Creatinine",
      "description" : "Dieses abstrakte Profil beschreibt das Konzept 'Kreatinin (Substanz)'."
    },
    {
      "extension" : [{
        "url" : "http://hl7.org/fhir/tools/StructureDefinition/resource-information",
        "valueString" : "StructureDefinition:resource:abstract"
      }],
      "reference" : {
        "reference" : "StructureDefinition/c-current-chronological-age"
      },
      "name" : "C Current Chronological Age",
      "description" : "Dieses abstrakte Profil beschreibt das Konzept 'aktuelles chronologisches Alter'."
    },
    {
      "extension" : [{
        "url" : "http://hl7.org/fhir/tools/StructureDefinition/resource-information",
        "valueString" : "StructureDefinition:resource:abstract"
      }],
      "reference" : {
        "reference" : "StructureDefinition/c-date-of-birth"
      },
      "name" : "C Date Of Birth",
      "description" : "Dieses abstrakte Profil beschreibt das Konzept 'Geburtsdatum'."
    },
    {
      "extension" : [{
        "url" : "http://hl7.org/fhir/tools/StructureDefinition/resource-information",
        "valueString" : "StructureDefinition:resource:abstract"
      }],
      "reference" : {
        "reference" : "StructureDefinition/c-diagnosis"
      },
      "name" : "C Diagnosis",
      "description" : "Dieses abstrakte Profil beschreibt das Konzept 'Diagnose'."
    },
    {
      "extension" : [{
        "url" : "http://hl7.org/fhir/tools/StructureDefinition/resource-information",
        "valueString" : "StructureDefinition:resource:abstract"
      }],
      "reference" : {
        "reference" : "StructureDefinition/c-ethnicity"
      },
      "name" : "C Ehnicity",
      "description" : "Dieses abstrakte Profil beschreibt das Konzept 'Ethnizität'."
    },
    {
      "extension" : [{
        "url" : "http://hl7.org/fhir/tools/StructureDefinition/resource-information",
        "valueString" : "StructureDefinition:resource:abstract"
      }],
      "reference" : {
        "reference" : "StructureDefinition/c-finding-of-substance-level"
      },
      "name" : "C Finding Of Substance Level",
      "description" : "Dieses abstrakte Profil beschreibt das Konzept 'Feststellung des Substanzgehalts'."
    },
    {
      "extension" : [{
        "url" : "http://hl7.org/fhir/tools/StructureDefinition/resource-information",
        "valueString" : "StructureDefinition:resource:abstract"
      }],
      "reference" : {
        "reference" : "StructureDefinition/c-height"
      },
      "name" : "C Height",
      "description" : "Dieses abstrakte Profil beschreibt das Konzept 'Größe'."
    },
    {
      "extension" : [{
        "url" : "http://hl7.org/fhir/tools/StructureDefinition/resource-information",
        "valueString" : "StructureDefinition:resource:abstract"
      }],
      "reference" : {
        "reference" : "StructureDefinition/c-number"
      },
      "name" : "C Number",
      "description" : "Dieses abstrakte Profil beschreibt das Konzept 'Anzahl'."
    },
    {
      "extension" : [{
        "url" : "http://hl7.org/fhir/tools/StructureDefinition/resource-information",
        "valueString" : "StructureDefinition:resource:abstract"
      }],
      "reference" : {
        "reference" : "StructureDefinition/c-person"
      },
      "name" : "C Person",
      "description" : "Dieses abstrakte Profil beschreibt das Konzept 'Person'."
    },
    {
      "extension" : [{
        "url" : "http://hl7.org/fhir/tools/StructureDefinition/resource-information",
        "valueString" : "StructureDefinition:resource:abstract"
      }],
      "reference" : {
        "reference" : "StructureDefinition/c-quantity"
      },
      "name" : "C Quantity",
      "description" : "Dieses abstrakte Profil beschreibt das Konzept 'Quantität'."
    },
    {
      "extension" : [{
        "url" : "http://hl7.org/fhir/tools/StructureDefinition/resource-information",
        "valueString" : "StructureDefinition:resource:abstract"
      }],
      "reference" : {
        "reference" : "StructureDefinition/c-sex"
      },
      "name" : "C Sex",
      "description" : "Dieses abstrakte Profil beschreibt das Konzept 'Geschlecht'."
    },
    {
      "extension" : [{
        "url" : "http://hl7.org/fhir/tools/StructureDefinition/resource-information",
        "valueString" : "StructureDefinition:resource:abstract"
      }],
      "reference" : {
        "reference" : "StructureDefinition/c-specimen"
      },
      "name" : "C Specimen",
      "description" : "Dieses abstrakte Profil beschreibt das Konzept 'Probe'."
    },
    {
      "extension" : [{
        "url" : "http://hl7.org/fhir/tools/StructureDefinition/resource-information",
        "valueString" : "StructureDefinition:resource:abstract"
      }],
      "reference" : {
        "reference" : "StructureDefinition/c-weight"
      },
      "name" : "C Weight",
      "description" : "Dieses abstrakte Profil beschreibt das Konzept 'Gewicht'."
    },
    {
      "extension" : [{
        "url" : "http://hl7.org/fhir/tools/StructureDefinition/resource-information",
        "valueString" : "StructureDefinition:resource:abstract"
      }],
      "reference" : {
        "reference" : "StructureDefinition/cd-age"
      },
      "name" : "CD Age",
      "description" : "Das chronologische Alter bezieht sich auf das Alter einer Person in Bezug auf die Anzahl der vergangenen Kalenderjahre seit ihrer Geburt."
    },
    {
      "extension" : [{
        "url" : "http://hl7.org/fhir/tools/StructureDefinition/resource-information",
        "valueString" : "StructureDefinition:resource:abstract"
      }],
      "reference" : {
        "reference" : "StructureDefinition/cd-body-weight"
      },
      "name" : "CD Body Weight",
      "description" : "Das Körpergewicht einer Person."
    },
    {
      "extension" : [{
        "url" : "http://hl7.org/fhir/tools/StructureDefinition/resource-information",
        "valueString" : "StructureDefinition:resource:abstract"
      }],
      "reference" : {
        "reference" : "StructureDefinition/cd-creatinine-mole-concentration"
      },
      "name" : "CD Creatinine Mole Concentration",
      "description" : "Der Laborparameter 'Kreatinin [Mol/Volumen]' einer Person."
    },
    {
      "extension" : [{
        "url" : "http://hl7.org/fhir/tools/StructureDefinition/resource-information",
        "valueString" : "StructureDefinition:resource"
      }],
      "reference" : {
        "reference" : "StructureDefinition/cd-date-of-birth"
      },
      "name" : "CD Date Of Birth",
      "description" : "Das Geburtsdatum bezieht sich auf den Tag, Monat und Jahr an dem eine Person geboren wurde."
    },
    {
      "extension" : [{
        "url" : "http://hl7.org/fhir/tools/StructureDefinition/resource-information",
        "valueString" : "StructureDefinition:resource"
      }],
      "reference" : {
        "reference" : "StructureDefinition/cde-age-at-diagnosis-of-essential-hypertension"
      },
      "name" : "CDE Age At Diagnosis Of Essential Hypertension",
      "description" : "Dieses CDE enthält das 'Alter zum Zeitpunkt der Diagnose Essenzielle (primäre) Hypertonie'."
    },
    {
      "extension" : [{
        "url" : "http://hl7.org/fhir/tools/StructureDefinition/resource-information",
        "valueString" : "StructureDefinition:resource"
      }],
      "reference" : {
        "reference" : "StructureDefinition/cde-age"
      },
      "name" : "CDE Age",
      "description" : "Dieses CDE enthält das 'Alter'."
    },
    {
      "extension" : [{
        "url" : "http://hl7.org/fhir/tools/StructureDefinition/resource-information",
        "valueString" : "StructureDefinition:resource"
      }],
      "reference" : {
        "reference" : "StructureDefinition/cde-birth-date"
      },
      "name" : "CDE Birth Date",
      "description" : "Dieses CDE enthält das 'Geburtsdatum'."
    },
    {
      "extension" : [{
        "url" : "http://hl7.org/fhir/tools/StructureDefinition/resource-information",
        "valueString" : "StructureDefinition:resource"
      }],
      "reference" : {
        "reference" : "StructureDefinition/cde-blood-pressure-diastolic"
      },
      "name" : "CDE Blood Pressure Diastolic",
      "description" : "Dieses CDE enthät den 'diastolischen Blutdruck'."
    },
    {
      "extension" : [{
        "url" : "http://hl7.org/fhir/tools/StructureDefinition/resource-information",
        "valueString" : "StructureDefinition:resource"
      }],
      "reference" : {
        "reference" : "StructureDefinition/cde-blood-pressure-systolic"
      },
      "name" : "CDE Blood Pressure Systolic",
      "description" : "Dieses CDE enthät den 'systolischen Blutdruck'."
    },
    {
      "extension" : [{
        "url" : "http://hl7.org/fhir/tools/StructureDefinition/resource-information",
        "valueString" : "StructureDefinition:resource"
      }],
      "reference" : {
        "reference" : "StructureDefinition/cde-body-height"
      },
      "name" : "CDE Body Height",
      "description" : "Dieses CDE enthält die 'Körpergröße'."
    },
    {
      "extension" : [{
        "url" : "http://hl7.org/fhir/tools/StructureDefinition/resource-information",
        "valueString" : "StructureDefinition:resource"
      }],
      "reference" : {
        "reference" : "StructureDefinition/cde-body-mass-index"
      },
      "name" : "CDE Body Mass Index",
      "description" : "Dieses CDE enthält den 'Body Mass Index (BMI) [Verhältnis]'."
    },
    {
      "extension" : [{
        "url" : "http://hl7.org/fhir/tools/StructureDefinition/resource-information",
        "valueString" : "StructureDefinition:resource"
      }],
      "reference" : {
        "reference" : "StructureDefinition/cde-body-weight"
      },
      "name" : "CDE Body Weight",
      "description" : "Dieses CDE enthält das 'Körpergewicht'."
    },
    {
      "extension" : [{
        "url" : "http://hl7.org/fhir/tools/StructureDefinition/resource-information",
        "valueString" : "StructureDefinition:resource"
      }],
      "reference" : {
        "reference" : "StructureDefinition/cde-calcium-in-serum-or-plasma-mass-concentration"
      },
      "name" : "CDE Calcium In Serum Or Plasma Mass Concentration",
      "description" : "Dieses CDE enthält den Messparameter 'Kalzium [Mass/Volumen] in Serum oder Plasma'."
    },
    {
      "extension" : [{
        "url" : "http://hl7.org/fhir/tools/StructureDefinition/resource-information",
        "valueString" : "StructureDefinition:resource"
      }],
      "reference" : {
        "reference" : "StructureDefinition/cde-calcium-in-serum-or-plasma-mole-concentration"
      },
      "name" : "CDE Calcium In Serum Or Plasma Mole Concentration",
      "description" : "Dieses CDE enthält den Messparameter 'Kalzium [Mol/Volumen] in Serum oder Plasma'."
    },
    {
      "extension" : [{
        "url" : "http://hl7.org/fhir/tools/StructureDefinition/resource-information",
        "valueString" : "StructureDefinition:resource"
      }],
      "reference" : {
        "reference" : "StructureDefinition/cde-chloride-in-serum-or-plasma-mole-concentration"
      },
      "name" : "CDE Chloride In Serum Or Plasma Mole Concentration",
      "description" : "Dieses CDE enthält den Messparameter 'Chlorid [Mol/Volumen] in Serum oder Plasma'."
    },
    {
      "extension" : [{
        "url" : "http://hl7.org/fhir/tools/StructureDefinition/resource-information",
        "valueString" : "StructureDefinition:resource"
      }],
      "reference" : {
        "reference" : "StructureDefinition/cde-cholesterol-inserum-or-plasma-mole-conentration"
      },
      "name" : "CDE cholesterol Inserum Or Plasma Mole Conentration",
      "description" : "Dieses CDE enthält den Messparameter 'Cholsterin [Mol/Volumen] in Serum oder Plasma'."
    },
    {
      "extension" : [{
        "url" : "http://hl7.org/fhir/tools/StructureDefinition/resource-information",
        "valueString" : "StructureDefinition:resource"
      }],
      "reference" : {
        "reference" : "StructureDefinition/cde-creatinine-in-serum-or-plasma-mole-concentration"
      },
      "name" : "CDE Creatinine In Serum Or Plasma Mole Concentration",
      "description" : "Dieses CDE enthält den Messparameter 'Kreatinin [Mol/Volumen] in Serum oder Plasma'."
    },
    {
      "extension" : [{
        "url" : "http://hl7.org/fhir/tools/StructureDefinition/resource-information",
        "valueString" : "StructureDefinition:resource"
      }],
      "reference" : {
        "reference" : "StructureDefinition/cde-current-age-calculated"
      },
      "name" : "CDE Current Age Calculated",
      "description" : "Dieses CDE enthält das 'aktuelle Alter - berechnet'."
    },
    {
      "extension" : [{
        "url" : "http://hl7.org/fhir/tools/StructureDefinition/resource-information",
        "valueString" : "StructureDefinition:resource"
      }],
      "reference" : {
        "reference" : "StructureDefinition/cde-current-age-reported"
      },
      "name" : "CDE Current Age Reported",
      "description" : "Dieses CDE enthält das 'aktuelle Alter - berichtet'."
    },
    {
      "extension" : [{
        "url" : "http://hl7.org/fhir/tools/StructureDefinition/resource-information",
        "valueString" : "StructureDefinition:resource"
      }],
      "reference" : {
        "reference" : "StructureDefinition/cde-date-of-diagnosis"
      },
      "name" : "CDE Date Of Diagnosis",
      "description" : "Dieses CDE enthält das 'Datum der Diagnose'."
    },
    {
      "extension" : [{
        "url" : "http://hl7.org/fhir/tools/StructureDefinition/resource-information",
        "valueString" : "StructureDefinition:resource"
      }],
      "reference" : {
        "reference" : "StructureDefinition/cde-diabetes-mellitus-status-yes-or-no"
      },
      "name" : "CDE diabetes Mellitus Status Yes Or No",
      "description" : "Dieses CDE enthält den 'Status für eine Diabetes Mellitus Erkrankung'"
    },
    {
      "extension" : [{
        "url" : "http://hl7.org/fhir/tools/StructureDefinition/resource-information",
        "valueString" : "StructureDefinition:resource"
      }],
      "reference" : {
        "reference" : "StructureDefinition/cde-diagnosis"
      },
      "name" : "CDE Diagnosis",
      "description" : "Dieses CDE enthält eine 'Diagnose'"
    },
    {
      "extension" : [{
        "url" : "http://hl7.org/fhir/tools/StructureDefinition/resource-information",
        "valueString" : "StructureDefinition:resource"
      }],
      "reference" : {
        "reference" : "StructureDefinition/cde-erythrocytes-in-blood-count-per-volume"
      },
      "name" : "CDE Erythrocytes In Blood Count Per Volume",
      "description" : "Dieses CDE enthält den Messparameter 'Erytrhozyten [Anzahl/Volumen] in Blut"
    },
    {
      "extension" : [{
        "url" : "http://hl7.org/fhir/tools/StructureDefinition/resource-information",
        "valueString" : "StructureDefinition:resource"
      }],
      "reference" : {
        "reference" : "StructureDefinition/cde-ethnicity"
      },
      "name" : "CDE Ethnicity",
      "description" : "Dieses CDE enthält die 'Ethnizität'."
    },
    {
      "extension" : [{
        "url" : "http://hl7.org/fhir/tools/StructureDefinition/resource-information",
        "valueString" : "StructureDefinition:resource"
      }],
      "reference" : {
        "reference" : "StructureDefinition/cde-glasgow-coma-score"
      },
      "name" : "CDE Glasgow Coma Score",
      "description" : "Dieses CDE enthält den Glasgow Coma Score (GCS)"
    },
    {
      "extension" : [{
        "url" : "http://hl7.org/fhir/tools/StructureDefinition/resource-information",
        "valueString" : "StructureDefinition:resource"
      }],
      "reference" : {
        "reference" : "StructureDefinition/cde-glucose-in-serum-or-plasma-mole-concentration"
      },
      "name" : "CDE Glucose In Serum Or Plasma Mole Concentration",
      "description" : "Dieses CDE enthält den Messparameter 'Glukose [Mol/Volumen] in Serum oder Plasma'."
    },
    {
      "extension" : [{
        "url" : "http://hl7.org/fhir/tools/StructureDefinition/resource-information",
        "valueString" : "StructureDefinition:resource"
      }],
      "reference" : {
        "reference" : "StructureDefinition/cde-heart-rate-beats-per-minute"
      },
      "name" : "CDE heart Rate Beats Per Minute",
      "description" : "Dieses CDE enthät die 'Herzfrequenz'."
    },
    {
      "extension" : [{
        "url" : "http://hl7.org/fhir/tools/StructureDefinition/resource-information",
        "valueString" : "StructureDefinition:resource"
      }],
      "reference" : {
        "reference" : "StructureDefinition/cde-hematocrit-of-blood"
      },
      "name" : "CDE Hematocrit Of Blood",
      "description" : "Dieses CDE enthält den Messparameter 'Hämoglobin von Blut'."
    },
    {
      "extension" : [{
        "url" : "http://hl7.org/fhir/tools/StructureDefinition/resource-information",
        "valueString" : "StructureDefinition:resource"
      }],
      "reference" : {
        "reference" : "StructureDefinition/cde-hemoglobin-in-blood-mole-concentration"
      },
      "name" : "CDE Hemoglobin In Blood Mole Concentration",
      "description" : "Dieses CDE enthält den Messparameter 'Hämoglobin [Mol/Volumen] in Blut'."
    },
    {
      "extension" : [{
        "url" : "http://hl7.org/fhir/tools/StructureDefinition/resource-information",
        "valueString" : "StructureDefinition:resource"
      }],
      "reference" : {
        "reference" : "StructureDefinition/cde-hip-circumference"
      },
      "name" : "CDE Hip Circumference",
      "description" : "Dieses CDE enhält den 'Hüftumfang'."
    },
    {
      "extension" : [{
        "url" : "http://hl7.org/fhir/tools/StructureDefinition/resource-information",
        "valueString" : "StructureDefinition:resource"
      }],
      "reference" : {
        "reference" : "StructureDefinition/cde-leucocyctes-in-urine-dipstick-test"
      },
      "name" : "CDE Leucocyctes In Urine Dipstick Test",
      "description" : "Dieses CDE enthält den Messparameter 'Leukozyten [Anwesenheit] in Urin gemessen mit Messtäbchen'."
    },
    {
      "extension" : [{
        "url" : "http://hl7.org/fhir/tools/StructureDefinition/resource-information",
        "valueString" : "StructureDefinition:resource"
      }],
      "reference" : {
        "reference" : "StructureDefinition/cde-leukocytes-in-blood-count-per-volume"
      },
      "name" : "CDE Leukocytes In Blood Count Per Volume",
      "description" : "Dieses CDE enthält den Messparameter 'Leukozyten [Anzahl/Volumen] in Blut'."
    },
    {
      "extension" : [{
        "url" : "http://hl7.org/fhir/tools/StructureDefinition/resource-information",
        "valueString" : "StructureDefinition:resource"
      }],
      "reference" : {
        "reference" : "StructureDefinition/cde-magnesium-in-serum-or-plasma-mole-concentration"
      },
      "name" : "CDE Magnesium In Serum Or Plasma Mole Concentration",
      "description" : "Dieses CDE enthält den Messparameter 'Magnesium [Mol/Volumen] in Serum oder Plasma'."
    },
    {
      "extension" : [{
        "url" : "http://hl7.org/fhir/tools/StructureDefinition/resource-information",
        "valueString" : "StructureDefinition:resource"
      }],
      "reference" : {
        "reference" : "StructureDefinition/cde-mean-corpuscular-hemoglobin-level-entitic-mass"
      },
      "name" : "CDE Mean Corpuscular Hemoglobin Level Entitic Mass",
      "description" : "Dieses CDE enhält das 'Mittlere korpuskuläre Hämoglobin [Entitische Masse]'."
    },
    {
      "extension" : [{
        "url" : "http://hl7.org/fhir/tools/StructureDefinition/resource-information",
        "valueString" : "StructureDefinition:resource"
      }],
      "reference" : {
        "reference" : "StructureDefinition/cde-mean-corpuscular-volume-entitic-volume"
      },
      "name" : "CDE Mean Corpuscular Volume Entitic Volume",
      "description" : "Dieses CDE enthält den Messparameter 'Mittleres korpuskuläre Volumen [Entitische Volume]'."
    },
    {
      "extension" : [{
        "url" : "http://hl7.org/fhir/tools/StructureDefinition/resource-information",
        "valueString" : "StructureDefinition:resource"
      }],
      "reference" : {
        "reference" : "StructureDefinition/cde-phosphate-in-serum-or-plasma-mole-concentration"
      },
      "name" : "CDE Phosphate In Serum Or Plasma Mole Concentration",
      "description" : "Dieses CDE enthält den Messparameter 'Natrium [Mol/Volumen] in Serum oder Plasma'."
    },
    {
      "extension" : [{
        "url" : "http://hl7.org/fhir/tools/StructureDefinition/resource-information",
        "valueString" : "StructureDefinition:resource"
      }],
      "reference" : {
        "reference" : "StructureDefinition/cde-potassium-in-serum-or-plasma-mole-concentration"
      },
      "name" : "CDE Potassium In Serum Or Plasma Mole Concentration",
      "description" : "Dieses CDE enthält den Messparameter 'Kalium [Mol/Volumen] in Serum oder Plasma'."
    },
    {
      "extension" : [{
        "url" : "http://hl7.org/fhir/tools/StructureDefinition/resource-information",
        "valueString" : "StructureDefinition:resource"
      }],
      "reference" : {
        "reference" : "StructureDefinition/cde-sex-assigned-at-birth"
      },
      "name" : "CDE Sex Assigned At Birth",
      "description" : "Dieses CDE enthält das 'bei Geburt zugewiesene Geschlecht'."
    },
    {
      "extension" : [{
        "url" : "http://hl7.org/fhir/tools/StructureDefinition/resource-information",
        "valueString" : "StructureDefinition:resource"
      }],
      "reference" : {
        "reference" : "StructureDefinition/cde-sodium-in-serum-or-plasma-mole-concentration"
      },
      "name" : "CDE Sodium In Serum Or Plasma Mole Concentration",
      "description" : "Dieses CDE enthält den Messparameter 'Natrium [Mol/Volumen] in Serum oder Plasma'."
    },
    {
      "extension" : [{
        "url" : "http://hl7.org/fhir/tools/StructureDefinition/resource-information",
        "valueString" : "StructureDefinition:resource"
      }],
      "reference" : {
        "reference" : "StructureDefinition/cde-thrombocytes-in-blood-count-per-volume"
      },
      "name" : "CDE Thrombocytes In Blood Count Per Volume",
      "description" : "Dieses CDE enthält den Messparameter 'Thrombozyten [Anzahl/Volumen] in Blut'."
    },
    {
      "extension" : [{
        "url" : "http://hl7.org/fhir/tools/StructureDefinition/resource-information",
        "valueString" : "StructureDefinition:resource"
      }],
      "reference" : {
        "reference" : "StructureDefinition/cde-tobacco-smoking-cessation-age"
      },
      "name" : "CDE tobacco Smoking Cessation Age",
      "description" : "Dieses CDE enthält das 'Alter' in dem eine Person mit dem Rauchen aufgehört hat."
    },
    {
      "extension" : [{
        "url" : "http://hl7.org/fhir/tools/StructureDefinition/resource-information",
        "valueString" : "StructureDefinition:resource"
      }],
      "reference" : {
        "reference" : "StructureDefinition/cde-tobacco-smoking-cessation-year"
      },
      "name" : "CDE Tobacco Smoking Cessation Year",
      "description" : "Dieses CDE enhält das 'Jahr in dem mit Rauchen aufgehört wurde'."
    },
    {
      "extension" : [{
        "url" : "http://hl7.org/fhir/tools/StructureDefinition/resource-information",
        "valueString" : "StructureDefinition:resource"
      }],
      "reference" : {
        "reference" : "StructureDefinition/cde-tobacco-smoking-pack-year"
      },
      "name" : "CDE Tobacco Smoking Pack Year",
      "description" : "Dieses CDE enthält den 'Packungsjahr'."
    },
    {
      "extension" : [{
        "url" : "http://hl7.org/fhir/tools/StructureDefinition/resource-information",
        "valueString" : "StructureDefinition:resource"
      }],
      "reference" : {
        "reference" : "StructureDefinition/cde-tobacco-smoking-status-yes-or-no"
      },
      "name" : "CDE tobacco Smoking Status Yes Or No",
      "description" : "Dieses CDE enthält den 'Raucherstatus'."
    },
    {
      "extension" : [{
        "url" : "http://hl7.org/fhir/tools/StructureDefinition/resource-information",
        "valueString" : "StructureDefinition:resource"
      }],
      "reference" : {
        "reference" : "StructureDefinition/cde-tobacco-smoking-status"
      },
      "name" : "CDE Smoking Status",
      "description" : "Dieses CDE enthält den 'Raucherstatus'."
    },
    {
      "extension" : [{
        "url" : "http://hl7.org/fhir/tools/StructureDefinition/resource-information",
        "valueString" : "StructureDefinition:resource"
      }],
      "reference" : {
        "reference" : "StructureDefinition/cde-triglyceride-in-serum-or-plasma-mole-concentration"
      },
      "name" : "CDE Triglyceride In Serum Or Plasma Mole Concentration",
      "description" : "Dieses CDE enthält den Messparameter 'Triglyceride [Mol/Volumen] in Serum oder Plasma'."
    },
    {
      "extension" : [{
        "url" : "http://hl7.org/fhir/tools/StructureDefinition/resource-information",
        "valueString" : "StructureDefinition:resource"
      }],
      "reference" : {
        "reference" : "StructureDefinition/cde-visit-date"
      },
      "name" : "CDE Visit Date",
      "description" : "Dieses CDE enhält das 'Datum der Untersuchung'."
    },
    {
      "extension" : [{
        "url" : "http://hl7.org/fhir/tools/StructureDefinition/resource-information",
        "valueString" : "StructureDefinition:resource"
      }],
      "reference" : {
        "reference" : "StructureDefinition/cde-waist-circumference"
      },
      "name" : "CDE Waist Circumference",
      "description" : "Dieses CDE enhält den 'Taillenumfang'."
    },
    {
      "extension" : [{
        "url" : "http://hl7.org/fhir/tools/StructureDefinition/resource-information",
        "valueString" : "StructureDefinition:resource:abstract"
      }],
      "reference" : {
        "reference" : "StructureDefinition/cls-obo-ncit-age-at-diagnosis"
      },
      "name" : "CLS UMLS Age At Diagnosis",
      "description" : "Dieses abstrakte Profil beschreibt die Kategorie 'Alter bei Diagnose'."
    },
    {
      "extension" : [{
        "url" : "http://hl7.org/fhir/tools/StructureDefinition/resource-information",
        "valueString" : "StructureDefinition:resource:abstract"
      }],
      "reference" : {
        "reference" : "StructureDefinition/cls-obo-ncit-age"
      },
      "name" : "CLS OBO NCIT Age",
      "description" : "Dieses abstrakte Profil beschreibt die Kategorie 'Alter'."
    },
    {
      "extension" : [{
        "url" : "http://hl7.org/fhir/tools/StructureDefinition/resource-information",
        "valueString" : "StructureDefinition:resource:abstract"
      }],
      "reference" : {
        "reference" : "StructureDefinition/cls-obo-ncit-birth-date"
      },
      "name" : "CLS OBO NCIT Birth Date",
      "description" : "Dieses abstrakte Profil beschreibt die Kategorie 'Geburtsdatum'."
    },
    {
      "extension" : [{
        "url" : "http://hl7.org/fhir/tools/StructureDefinition/resource-information",
        "valueString" : "StructureDefinition:resource:abstract"
      }],
      "reference" : {
        "reference" : "StructureDefinition/cls-obo-ncit-year-date"
      },
      "name" : "CLS OBO NCIT Year Date",
      "description" : "Dieses abstrakte Profil beschreibt die Kategorie 'Jahr (Temporal Qualifier)'."
    },
    {
      "extension" : [{
        "url" : "http://hl7.org/fhir/tools/StructureDefinition/resource-information",
        "valueString" : "StructureDefinition:resource:abstract"
      }],
      "reference" : {
        "reference" : "StructureDefinition/cls-obo-snomed-blood-creatinine-level"
      },
      "name" : "CLS OBO SNOMED Creatinine Level",
      "description" : "Dieses abstrakte Profil beschreibt die Kategorie 'Kreatininspiegel'."
    },
    {
      "extension" : [{
        "url" : "http://hl7.org/fhir/tools/StructureDefinition/resource-information",
        "valueString" : "StructureDefinition:resource:abstract"
      }],
      "reference" : {
        "reference" : "StructureDefinition/cls-snomed-age-at-smoking-cessation"
      },
      "name" : "CLS SNOMED Age At Smoking Cessation",
      "description" : "Dieses abstrakte Profil beschreibt die Kategorie 'Alter beim Rauchstopp'."
    },
    {
      "extension" : [{
        "url" : "http://hl7.org/fhir/tools/StructureDefinition/resource-information",
        "valueString" : "StructureDefinition:resource:abstract"
      }],
      "reference" : {
        "reference" : "StructureDefinition/cls-snomed-demographic-history-detail"
      },
      "name" : "CLS SNOMED Demographic History Detail",
      "description" : "Dieses abstrakte Profil beschreibt die Kategorie 'Detail der demografischen Geschichte'."
    },
    {
      "extension" : [{
        "url" : "http://hl7.org/fhir/tools/StructureDefinition/resource-information",
        "valueString" : "StructureDefinition:resource:abstract"
      }],
      "reference" : {
        "reference" : "StructureDefinition/cls-snomed-diagnosis"
      },
      "name" : "CLS SNOMED Diagnosis",
      "description" : "Dieses abstrakte Profil beschreibt die Kategorie 'Diagnose'."
    },
    {
      "extension" : [{
        "url" : "http://hl7.org/fhir/tools/StructureDefinition/resource-information",
        "valueString" : "StructureDefinition:resource:abstract"
      }],
      "reference" : {
        "reference" : "StructureDefinition/cls-snomed-finding-of-tobacco-use-and-exposure"
      },
      "name" : "CLS SNOMED Finding Of Tobacco Use And Exposure",
      "description" : "Dieses abstrakte Profil beschreibt die Kategorie 'Ermittlung des Tabakkonsums und der Exposition'."
    },
    {
      "extension" : [{
        "url" : "http://hl7.org/fhir/tools/StructureDefinition/resource-information",
        "valueString" : "StructureDefinition:resource:abstract"
      }],
      "reference" : {
        "reference" : "StructureDefinition/cls-snomed-pack-years"
      },
      "name" : "CLS SNOMED Pack Years",
      "description" : "Dieses abstrakte Profil beschreibt die Kategorie 'Packungsjahre'."
    },
    {
      "extension" : [{
        "url" : "http://hl7.org/fhir/tools/StructureDefinition/resource-information",
        "valueString" : "StructureDefinition:resource:abstract"
      }],
      "reference" : {
        "reference" : "StructureDefinition/cls-snomed-patient-sex"
      },
      "name" : "CLS SNOMED Patient Sex",
      "description" : "Dieses abstrakte Profil beschreibt die Kategorie 'Patientengeschlecht'."
    },
    {
      "extension" : [{
        "url" : "http://hl7.org/fhir/tools/StructureDefinition/resource-information",
        "valueString" : "StructureDefinition:resource"
      }],
      "reference" : {
        "reference" : "StructureDefinition/cls-umls-anthropoemetry"
      },
      "name" : "CLS UMLS Anthropoemetry",
      "description" : "Dieses abstrakte Profil beschreibt die Kategorie 'Anthropoemetrie'"
    },
    {
      "extension" : [{
        "url" : "http://hl7.org/fhir/tools/StructureDefinition/resource-information",
        "valueString" : "StructureDefinition:resource:abstract"
      }],
      "reference" : {
        "reference" : "StructureDefinition/cls-umls-blood-pressure-measurement"
      },
      "name" : "CLS UMLS Pressure Measurement",
      "description" : "Dieses abstrakte Profil beschreibt die Kategorie 'Blutdruck-Messung'."
    },
    {
      "extension" : [{
        "url" : "http://hl7.org/fhir/tools/StructureDefinition/resource-information",
        "valueString" : "StructureDefinition:resource:abstract"
      }],
      "reference" : {
        "reference" : "StructureDefinition/cls-umls-body-height"
      },
      "name" : "CLS UMLS Body Height",
      "description" : "Dieses abstrakte Profil beschreibt die Kategorie 'Körpergröße'."
    },
    {
      "extension" : [{
        "url" : "http://hl7.org/fhir/tools/StructureDefinition/resource-information",
        "valueString" : "StructureDefinition:resource:abstract"
      }],
      "reference" : {
        "reference" : "StructureDefinition/cls-umls-body-mass-index"
      },
      "name" : "CLS UMLS Body Mass Index",
      "description" : "Dieses abstrakte Profil beschreibt die Kategorie 'Body Mass Index (BMI)'."
    },
    {
      "extension" : [{
        "url" : "http://hl7.org/fhir/tools/StructureDefinition/resource-information",
        "valueString" : "StructureDefinition:resource:abstract"
      }],
      "reference" : {
        "reference" : "StructureDefinition/cls-umls-body-weight"
      },
      "name" : "CLS UMLS Body Weight",
      "description" : "Dieses abstrakte Profil beschreibt die Kategorie 'Körpergewicht'."
    },
    {
      "extension" : [{
        "url" : "http://hl7.org/fhir/tools/StructureDefinition/resource-information",
        "valueString" : "StructureDefinition:resource:abstract"
      }],
      "reference" : {
        "reference" : "StructureDefinition/cls-umls-calcium-level"
      },
      "name" : "CLS UMLS Calcium Level",
      "description" : "Dieses abstrakte Profil beschreibt die Kategorie 'Kalziumspiegel'."
    },
    {
      "extension" : [{
        "url" : "http://hl7.org/fhir/tools/StructureDefinition/resource-information",
        "valueString" : "StructureDefinition:resource:abstract"
      }],
      "reference" : {
        "reference" : "StructureDefinition/cls-umls-chloride-level"
      },
      "name" : "CLS UMLS Chloride Level",
      "description" : "Dieses abstrakte Profil beschreibt die Kategorie 'Chloridspiegel'."
    },
    {
      "extension" : [{
        "url" : "http://hl7.org/fhir/tools/StructureDefinition/resource-information",
        "valueString" : "StructureDefinition:resource:abstract"
      }],
      "reference" : {
        "reference" : "StructureDefinition/cls-umls-cholesterol-level"
      },
      "name" : "CLS UMLS Cholesterol Level",
      "description" : "Dieses abstrakte Profil beschreibt die Kategorie 'Cholesterinspiegel'."
    },
    {
      "extension" : [{
        "url" : "http://hl7.org/fhir/tools/StructureDefinition/resource-information",
        "valueString" : "StructureDefinition:resource:abstract"
      }],
      "reference" : {
        "reference" : "StructureDefinition/cls-umls-date-of-diagnosis"
      },
      "name" : "CLS UMLS Date Of Diagnosis",
      "description" : "Dieses abstrakte Profil beschreibt die Kategorie 'Datum der Diagnose'."
    },
    {
      "extension" : [{
        "url" : "http://hl7.org/fhir/tools/StructureDefinition/resource-information",
        "valueString" : "StructureDefinition:resource:abstract"
      }],
      "reference" : {
        "reference" : "StructureDefinition/cls-umls-dateof-event"
      },
      "name" : "CLS UMLS Date Of Event",
      "description" : "Dieses abstrakte Profil beschreibt die Kategorie 'Datum von einem Event'."
    },
    {
      "extension" : [{
        "url" : "http://hl7.org/fhir/tools/StructureDefinition/resource-information",
        "valueString" : "StructureDefinition:resource:abstract"
      }],
      "reference" : {
        "reference" : "StructureDefinition/cls-umls-diastolic-blood-pressure"
      },
      "name" : "CLS UMLS Diastolic Blood Pressure",
      "description" : "Dieses abstrakte Profil beschreibt die Kategorie 'Kalziumspiegel'."
    },
    {
      "extension" : [{
        "url" : "http://hl7.org/fhir/tools/StructureDefinition/resource-information",
        "valueString" : "StructureDefinition:resource:abstract"
      }],
      "reference" : {
        "reference" : "StructureDefinition/cls-umls-electrolyte-measurement"
      },
      "name" : "CLS UMLS Electrolyte Measurement",
      "description" : "Dieses abstrakte Profil beschreibt die Kategorie 'Messung von Elektrolyten'."
    },
    {
      "extension" : [{
        "url" : "http://hl7.org/fhir/tools/StructureDefinition/resource-information",
        "valueString" : "StructureDefinition:resource:abstract"
      }],
      "reference" : {
        "reference" : "StructureDefinition/cls-umls-glucose-level"
      },
      "name" : "CLS UMLS Glucose Level",
      "description" : "Dieses abstrakte Profil beschreibt die Kategorie 'Glukosespiegel'."
    },
    {
      "extension" : [{
        "url" : "http://hl7.org/fhir/tools/StructureDefinition/resource-information",
        "valueString" : "StructureDefinition:resource:abstract"
      }],
      "reference" : {
        "reference" : "StructureDefinition/cls-umls-heart-rate"
      },
      "name" : "CLS UMLS Heart Rate"
    },
    {
      "extension" : [{
        "url" : "http://hl7.org/fhir/tools/StructureDefinition/resource-information",
        "valueString" : "StructureDefinition:resource:abstract"
      }],
      "reference" : {
        "reference" : "StructureDefinition/cls-umls-hematocrit-measurement"
      },
      "name" : "CLS UMLS Hematocrit Measurement",
      "description" : "Dieses abstrakte Profil beschreibt die Kategorie 'Hämatokrit-Messung'."
    },
    {
      "extension" : [{
        "url" : "http://hl7.org/fhir/tools/StructureDefinition/resource-information",
        "valueString" : "StructureDefinition:resource:abstract"
      }],
      "reference" : {
        "reference" : "StructureDefinition/cls-umls-hemoglobin-measurement"
      },
      "name" : "CLS UMLS Hemoglobin Measurement",
      "description" : "Dieses abstrakte Profil beschreibt die Kategorie 'Hämoglobin-Messung'."
    },
    {
      "extension" : [{
        "url" : "http://hl7.org/fhir/tools/StructureDefinition/resource-information",
        "valueString" : "StructureDefinition:resource:abstract"
      }],
      "reference" : {
        "reference" : "StructureDefinition/cls-umls-hip-circumference"
      },
      "name" : "CLS UMLS Hip Circumference",
      "description" : "Dieses abstrakte Profil beschreibt die Kategorie 'Hüftumfang'."
    },
    {
      "extension" : [{
        "url" : "http://hl7.org/fhir/tools/StructureDefinition/resource-information",
        "valueString" : "StructureDefinition:resource:abstract"
      }],
      "reference" : {
        "reference" : "StructureDefinition/cls-umls-laboratory"
      },
      "name" : "CLS UMLS Laboratory"
    },
    {
      "extension" : [{
        "url" : "http://hl7.org/fhir/tools/StructureDefinition/resource-information",
        "valueString" : "StructureDefinition:resource:abstract"
      }],
      "reference" : {
        "reference" : "StructureDefinition/cls-umls-magnesium-level"
      },
      "name" : "CLS UMLS Magnesium Level",
      "description" : "Dieses abstrakte Profil beschreibt die Kategorie 'Magnesiumspiegel'."
    },
    {
      "extension" : [{
        "url" : "http://hl7.org/fhir/tools/StructureDefinition/resource-information",
        "valueString" : "StructureDefinition:resource:abstract"
      }],
      "reference" : {
        "reference" : "StructureDefinition/cls-umls-mean-corpuscular-hemoglobin-concentration"
      },
      "name" : "CLS UMLS Mean Corpuscular Hemoglobin Concentration",
      "description" : "Dieses abstrakte Profil beschreibt die Kategorie 'Mittlere korpuskuläre Hämoglobin Konzentration'."
    },
    {
      "extension" : [{
        "url" : "http://hl7.org/fhir/tools/StructureDefinition/resource-information",
        "valueString" : "StructureDefinition:resource:abstract"
      }],
      "reference" : {
        "reference" : "StructureDefinition/cls-umls-mean-corpuscular-hemoglobin-level"
      },
      "name" : "CLS UMLS Mean Corpuscular Hemoglobin Level",
      "description" : "Dieses abstrakte Profil beschreibt die Kategorie 'Mittleres korpuskuläres Hämoglobin Level'."
    },
    {
      "extension" : [{
        "url" : "http://hl7.org/fhir/tools/StructureDefinition/resource-information",
        "valueString" : "StructureDefinition:resource:abstract"
      }],
      "reference" : {
        "reference" : "StructureDefinition/cls-umls-mean-corpuscular-volume"
      },
      "name" : "CLS UMLS Mean Corpuscular Volume",
      "description" : "Dieses abstrakte Profil beschreibt die Kategorie 'Mittlere korpuskuläre Volumen'."
    },
    {
      "extension" : [{
        "url" : "http://hl7.org/fhir/tools/StructureDefinition/resource-information",
        "valueString" : "StructureDefinition:resource:abstract"
      }],
      "reference" : {
        "reference" : "StructureDefinition/cls-umls-phosphate-level"
      },
      "name" : "CLS UMLS Phosphate Level",
      "description" : "Dieses abstrakte Profil beschreibt die Kategorie 'Phosphatspiegel'."
    },
    {
      "extension" : [{
        "url" : "http://hl7.org/fhir/tools/StructureDefinition/resource-information",
        "valueString" : "StructureDefinition:resource:abstract"
      }],
      "reference" : {
        "reference" : "StructureDefinition/cls-umls-platelet-measurement"
      },
      "name" : "CLS UMLS Platelet Measurement",
      "description" : "Dieses abstrakte Profil beschreibt die Kategorie 'Messung der Thrombozyten'."
    },
    {
      "extension" : [{
        "url" : "http://hl7.org/fhir/tools/StructureDefinition/resource-information",
        "valueString" : "StructureDefinition:resource:abstract"
      }],
      "reference" : {
        "reference" : "StructureDefinition/cls-umls-potassium-level"
      },
      "name" : "CLS UMLS Potassium Level",
      "description" : "Dieses abstrakte Profil beschreibt die Kategorie 'Kaliumspiegel'."
    },
    {
      "extension" : [{
        "url" : "http://hl7.org/fhir/tools/StructureDefinition/resource-information",
        "valueString" : "StructureDefinition:resource:abstract"
      }],
      "reference" : {
        "reference" : "StructureDefinition/cls-umls-red-blood-cell-measurement"
      },
      "name" : "CLS UMLS Red Blood Cell Measurement",
      "description" : "Dieses abstrakte Profil beschreibt die Kategorie 'Messung der roten Blutkörperchen'."
    },
    {
      "extension" : [{
        "url" : "http://hl7.org/fhir/tools/StructureDefinition/resource-information",
        "valueString" : "StructureDefinition:resource:abstract"
      }],
      "reference" : {
        "reference" : "StructureDefinition/cls-umls-sodium-level"
      },
      "name" : "CLS UMLS Sodium Level",
      "description" : "Dieses abstrakte Profil beschreibt die Kategorie 'Natriumspiegel'."
    },
    {
      "extension" : [{
        "url" : "http://hl7.org/fhir/tools/StructureDefinition/resource-information",
        "valueString" : "StructureDefinition:resource:abstract"
      }],
      "reference" : {
        "reference" : "StructureDefinition/cls-umls-systolic-blood-pressure"
      },
      "name" : "CLS UMLS Systolic Blood Pressure",
      "description" : "Dieses abstrakte Profil beschreibt die Kategorie 'Systolischer Blutdruck'."
    },
    {
      "extension" : [{
        "url" : "http://hl7.org/fhir/tools/StructureDefinition/resource-information",
        "valueString" : "StructureDefinition:resource:abstract"
      }],
      "reference" : {
        "reference" : "StructureDefinition/cls-umls-triglyceride-level"
      },
      "name" : "CLS UMLS Triglyceride Level",
      "description" : "Dieses abstrakte Profil beschreibt die Kategorie 'Triglyceridspiegel'."
    },
    {
      "extension" : [{
        "url" : "http://hl7.org/fhir/tools/StructureDefinition/resource-information",
        "valueString" : "StructureDefinition:resource:abstract"
      }],
      "reference" : {
        "reference" : "StructureDefinition/cls-umls-urine-measurement"
      },
      "name" : "CLS UMLS Urine Measurement",
      "description" : "Dieses abstrakte Profil beschreibt die Kategorie 'Urin Messung'."
    },
    {
      "extension" : [{
        "url" : "http://hl7.org/fhir/tools/StructureDefinition/resource-information",
        "valueString" : "StructureDefinition:resource:abstract"
      }],
      "reference" : {
        "reference" : "StructureDefinition/cls-umls-visit-date"
      },
      "name" : "CLS UMLS Visit Date",
      "description" : "Dieses abstrakte Profil beschreibt die Kategorie 'Datum der Visite'."
    },
    {
      "extension" : [{
        "url" : "http://hl7.org/fhir/tools/StructureDefinition/resource-information",
        "valueString" : "StructureDefinition:resource:abstract"
      }],
      "reference" : {
        "reference" : "StructureDefinition/cls-umls-waist-circumference"
      },
      "name" : "CLS UMLS Waist Circumference",
      "description" : "Dieses abstrakte Profil beschreibt die Kategorie 'Taillenumfang'."
    },
    {
      "extension" : [{
        "url" : "http://hl7.org/fhir/tools/StructureDefinition/resource-information",
        "valueString" : "StructureDefinition:resource:abstract"
      }],
      "reference" : {
        "reference" : "StructureDefinition/cls-umls-white-blood-cell-measurement"
      },
      "name" : "CLS UMLS White Blood Cell Measurement",
      "description" : "Dieses abstrakte Profil beschreibt die Kategorie 'Weiße Blutkörperchen Messung'."
    },
    {
      "extension" : [{
        "url" : "http://hl7.org/fhir/tools/StructureDefinition/resource-information",
        "valueString" : "StructureDefinition:resource"
      }],
      "reference" : {
        "reference" : "StructureDefinition/poi-patient"
      },
      "name" : "POI Patient",
      "description" : "Dieses Profil beschreibt eine Person von Interesse als Patient oder Patientin."
    },
    {
      "extension" : [{
        "url" : "http://hl7.org/fhir/tools/StructureDefinition/resource-information",
        "valueString" : "StructureDefinition:resource"
      }],
      "reference" : {
        "reference" : "StructureDefinition/poi-person"
      },
      "name" : "POI Person",
      "description" : "Dieses Profil beschreibt eine Person von Interesse als Person."
    },
    {
      "extension" : [{
        "url" : "http://hl7.org/fhir/tools/StructureDefinition/resource-information",
        "valueString" : "StructureDefinition:resource"
      }],
      "reference" : {
        "reference" : "StructureDefinition/poi-research-subject"
      },
      "name" : "POI Research Subject",
      "description" : "Dieses Profil beschreibt eine Person von Interesse als Proband oder Probandin."
    },
    {
      "extension" : [{
        "url" : "http://hl7.org/fhir/tools/StructureDefinition/resource-information",
        "valueString" : "StructureDefinition:resource"
      }],
      "reference" : {
        "reference" : "StructureDefinition/rv-age-in-years"
      },
      "name" : "RV Age In Years",
      "description" : "Das Alter eines Patienten in Jahren."
    },
    {
      "extension" : [{
        "url" : "http://hl7.org/fhir/tools/StructureDefinition/resource-information",
        "valueString" : "StructureDefinition:resource"
      }],
      "reference" : {
        "reference" : "StructureDefinition/rv-body-weight"
      },
      "name" : "RV Body Weight",
      "description" : "Das Körpergewicht eines Patienten in Kilogramm."
    },
    {
      "extension" : [{
        "url" : "http://hl7.org/fhir/tools/StructureDefinition/resource-information",
        "valueString" : "StructureDefinition:resource"
      }],
      "reference" : {
        "reference" : "StructureDefinition/rv-creatinine"
      },
      "name" : "RV Creatinine",
      "description" : "Der"
    },
    {
      "extension" : [{
        "url" : "http://hl7.org/fhir/tools/StructureDefinition/resource-information",
        "valueString" : "StructureDefinition:resource"
      }],
      "reference" : {
        "reference" : "StructureDefinition/rv-date-of-birth"
      },
      "name" : "RV Date Of Birth",
      "description" : "Das Geburtsdatum eines Patienten."
    },
    {
      "extension" : [{
        "url" : "http://hl7.org/fhir/tools/StructureDefinition/resource-information",
        "valueString" : "StructureDefinition:resource"
      }],
      "reference" : {
        "reference" : "StructureDefinition/rv-month-of-birth"
      },
      "name" : "RV Month Of Birth",
      "description" : "Der Geburtsmonat eines Patienten."
    },
    {
      "extension" : [{
        "url" : "http://hl7.org/fhir/tools/StructureDefinition/resource-information",
        "valueString" : "StructureDefinition:resource"
      }],
      "reference" : {
        "reference" : "StructureDefinition/rv-year-of-birth"
      },
      "name" : "RV Year Of Birth",
      "description" : "Das Geburtsjahr eines Patienten."
    },
    {
      "extension" : [{
        "url" : "http://hl7.org/fhir/tools/StructureDefinition/resource-information",
        "valueString" : "ValueSet"
      }],
      "reference" : {
        "reference" : "ValueSet/vs-administrative-gender"
      },
      "name" : "Administrative gender",
      "description" : "Dieses ValueSet enthält Codes für das administrative Geschlecht."
    },
    {
      "extension" : [{
        "url" : "http://hl7.org/fhir/tools/StructureDefinition/resource-information",
        "valueString" : "ValueSet"
      }],
      "reference" : {
        "reference" : "ValueSet/vs-binary-decision-yes-or-no"
      },
      "name" : "Binary decision (yes or no)",
      "description" : "Dieses ValueSet enthält Snomed-Codes für Ja oder Nein."
    },
    {
      "extension" : [{
        "url" : "http://hl7.org/fhir/tools/StructureDefinition/resource-information",
        "valueString" : "ValueSet"
      }],
      "reference" : {
        "reference" : "ValueSet/vs-biological-gender"
      },
      "name" : "Biological sex types",
      "description" : "Dieses ValueSet enthält Snomed-Codes für das 'biologische Geschlecht'."
    },
    {
      "extension" : [{
        "url" : "http://hl7.org/fhir/tools/StructureDefinition/resource-information",
        "valueString" : "ValueSet"
      }],
      "reference" : {
        "reference" : "ValueSet/vs-ethnic-groups"
      },
      "name" : "Ethnic groups",
      "description" : "Diese ValueSet enhält SNOMED-Codes für 'ethnische Gruppen'."
    },
    {
      "extension" : [{
        "url" : "http://hl7.org/fhir/tools/StructureDefinition/resource-information",
        "valueString" : "ValueSet"
      }],
      "reference" : {
        "reference" : "ValueSet/vs-glasgow-coma-scale-for-adults"
      },
      "name" : "Present Qualifers (negativ until three plus)",
      "description" : "Dieses ValueSet enthält LOINC-Codes für den Glasgow Coma Scale (GCS) für Erwachsene"
    },
    {
      "extension" : [{
        "url" : "http://hl7.org/fhir/tools/StructureDefinition/resource-information",
        "valueString" : "ValueSet"
      }],
      "reference" : {
        "reference" : "ValueSet/vs-length-units"
      },
      "name" : "Common units for 'lenght'",
      "description" : "UCUM Codes für 'Länge'"
    },
    {
      "extension" : [{
        "url" : "http://hl7.org/fhir/tools/StructureDefinition/resource-information",
        "valueString" : "ValueSet"
      }],
      "reference" : {
        "reference" : "ValueSet/vs-mass-concentration-units"
      },
      "name" : "Common units for 'mass concentration'",
      "description" : "UCUM Codes für Massenkonzentration"
    },
    {
      "extension" : [{
        "url" : "http://hl7.org/fhir/tools/StructureDefinition/resource-information",
        "valueString" : "ValueSet"
      }],
      "reference" : {
        "reference" : "ValueSet/vs-mass-units"
      },
      "name" : "Common units for 'mass'",
      "description" : "UCUM Codes für 'Masse'"
    },
    {
      "extension" : [{
        "url" : "http://hl7.org/fhir/tools/StructureDefinition/resource-information",
        "valueString" : "ValueSet"
      }],
      "reference" : {
        "reference" : "ValueSet/vs-molar-concentration-units"
      },
      "name" : "Common units for 'mole concentration'",
      "description" : "UCUM Codes für Stoffmengenkonzentration"
    },
    {
      "extension" : [{
        "url" : "http://hl7.org/fhir/tools/StructureDefinition/resource-information",
        "valueString" : "ValueSet"
      }],
      "reference" : {
        "reference" : "ValueSet/vs-number-concentration-units"
      },
      "name" : "Common units for 'number concentration'",
      "description" : "UCUM Codes für 'Anzahl pro Volumen'."
    },
    {
      "extension" : [{
        "url" : "http://hl7.org/fhir/tools/StructureDefinition/resource-information",
        "valueString" : "ValueSet"
      }],
      "reference" : {
        "reference" : "ValueSet/vs-qualifier-for-presence"
      },
      "name" : "Present Qualifers (negativ until three plus)",
      "description" : "Dieses ValueSet enthält SNOMED-Codes der das Vorhandensein des Zustands oder der zu testenden Substanz anzeigt."
    },
    {
      "extension" : [{
        "url" : "http://hl7.org/fhir/tools/StructureDefinition/resource-information",
        "valueString" : "ValueSet"
      }],
      "reference" : {
        "reference" : "ValueSet/vs-sentinel-conceptual-domain"
      },
      "name" : "Reasons for missing data (sentinel)",
      "description" : "Dieses ValueSet enthält SNOMED-Codes für Sentinel-Kategorien."
    },
    {
      "extension" : [{
        "url" : "http://hl7.org/fhir/tools/StructureDefinition/resource-information",
        "valueString" : "ValueSet"
      }],
      "reference" : {
        "reference" : "ValueSet/vs-smoking-status"
      },
      "name" : "Smoking Status Types",
      "description" : "Dieses ValueSet enthält Snomed-Codes für den Raucherstatus."
    },
    {
      "extension" : [{
        "url" : "http://hl7.org/fhir/tools/StructureDefinition/resource-information",
        "valueString" : "ValueSet"
      }],
      "reference" : {
        "reference" : "ValueSet/vs-specimen-types"
      },
      "name" : "Specimen Types (for Clinical Chemistry)",
      "description" : "LOINC Codes für 'Probenmaterial'"
    },
    {
      "extension" : [{
        "url" : "http://hl7.org/fhir/tools/StructureDefinition/resource-information",
        "valueString" : "ValueSet"
      }],
      "reference" : {
        "reference" : "ValueSet/vs-time-units"
      },
      "name" : "Common units for 'time span'",
      "description" : "UCUM Codes für 'Zeit'"
    },
    {
      "extension" : [{
        "url" : "http://hl7.org/fhir/tools/StructureDefinition/resource-information",
        "valueString" : "ValueSet"
      }],
      "reference" : {
        "reference" : "ValueSet/vs-unity-units"
      },
      "name" : "Common units for 'unity element'",
      "description" : "UCUM Codes für Gesamtheit (auch 'Eins-Element')."
    }],
    "page" : {
      "extension" : [{
        "url" : "http://hl7.org/fhir/StructureDefinition/structuredefinition-standards-status",
        "valueCode" : "informative"
      },
      {
        "url" : "http://hl7.org/fhir/tools/StructureDefinition/ig-page-name",
        "valueUrl" : "toc.html"
      }],
      "nameUrl" : "toc.html",
      "title" : "Inhaltsverzeichnis",
      "generation" : "html",
      "page" : [{
        "extension" : [{
          "url" : "http://hl7.org/fhir/StructureDefinition/structuredefinition-standards-status",
          "valueCode" : "informative"
        },
        {
          "url" : "http://hl7.org/fhir/tools/StructureDefinition/ig-page-name",
          "valueUrl" : "index.html"
        }],
        "nameUrl" : "index.html",
        "title" : "CDE-Katalog",
        "generation" : "html"
      },
      {
        "extension" : [{
          "url" : "http://hl7.org/fhir/StructureDefinition/structuredefinition-standards-status",
          "valueCode" : "informative"
        },
        {
          "url" : "http://hl7.org/fhir/tools/StructureDefinition/ig-page-name",
          "valueUrl" : "background.html"
        }],
        "nameUrl" : "background.html",
        "title" : "Hintergrund",
        "generation" : "html"
      },
      {
        "extension" : [{
          "url" : "http://hl7.org/fhir/StructureDefinition/structuredefinition-standards-status",
          "valueCode" : "trial-use"
        },
        {
          "url" : "http://hl7.org/fhir/StructureDefinition/structuredefinition-fmm",
          "valueInteger" : 1
        },
        {
          "url" : "http://hl7.org/fhir/tools/StructureDefinition/ig-page-name",
          "valueUrl" : "spec.html"
        }],
        "nameUrl" : "spec.html",
        "title" : "Detaillierte Spezifikation",
        "generation" : "markdown",
        "page" : [{
          "extension" : [{
            "url" : "http://hl7.org/fhir/StructureDefinition/structuredefinition-standards-status",
            "valueCode" : "trial-use"
          },
          {
            "url" : "http://hl7.org/fhir/StructureDefinition/structuredefinition-fmm",
            "valueInteger" : 1
          },
          {
            "url" : "http://hl7.org/fhir/tools/StructureDefinition/ig-page-name",
            "valueUrl" : "spec2.html"
          }],
          "nameUrl" : "spec2.html",
          "title" : "Anmerkungen zu CDEs",
          "generation" : "markdown"
        }]
      },
      {
        "extension" : [{
          "url" : "http://hl7.org/fhir/StructureDefinition/structuredefinition-standards-status",
          "valueCode" : "informative"
        },
        {
          "url" : "http://hl7.org/fhir/tools/StructureDefinition/ig-page-name",
          "valueUrl" : "downloads.html"
        }],
        "nameUrl" : "downloads.html",
        "title" : "Hilfreiche Downloads",
        "generation" : "html"
      },
      {
        "extension" : [{
          "url" : "http://hl7.org/fhir/StructureDefinition/structuredefinition-standards-status",
          "valueCode" : "informative"
        },
        {
          "url" : "http://hl7.org/fhir/tools/StructureDefinition/ig-page-name",
          "valueUrl" : "changes.html"
        }],
        "nameUrl" : "changes.html",
        "title" : "IG Change History",
        "generation" : "html"
      }]
    },
    "parameter" : [{
      "code" : "path-resource",
      "value" : "input\\history"
    },
    {
      "code" : "path-resource",
      "value" : "input/capabilities"
    },
    {
      "code" : "path-resource",
      "value" : "input/examples"
    },
    {
      "code" : "path-resource",
      "value" : "input/extensions"
    },
    {
      "code" : "path-resource",
      "value" : "input/models"
    },
    {
      "code" : "path-resource",
      "value" : "input/operations"
    },
    {
      "code" : "path-resource",
      "value" : "input/profiles"
    },
    {
      "code" : "path-resource",
      "value" : "input/resources"
    },
    {
      "code" : "path-resource",
      "value" : "input/vocabulary"
    },
    {
      "code" : "path-resource",
      "value" : "input/testing"
    },
    {
      "code" : "path-resource",
      "value" : "input/history"
    },
    {
      "code" : "path-resource",
      "value" : "fsh-generated/resources"
    },
    {
      "code" : "path-pages",
      "value" : "template/config"
    },
    {
      "code" : "path-pages",
      "value" : "input/images"
    },
    {
      "code" : "path-tx-cache",
      "value" : "input-cache/txcache"
    }]
  }
}