{
  "library" : {
    "type" : "Library",
    "identifier" : {
      "type" : "VersionedIdentifier",
      "id" : "Common",
      "system" : "http://somewhere.org/fhir/uv/myig",
      "version" : "1.0.0"
    },
    "schemaIdentifier" : {
      "type" : "VersionedIdentifier",
      "id" : "urn:hl7-org:elm",
      "version" : "r1"
    },
    "usings" : {
      "type" : "Library$Usings",
      "def" : [ {
        "type" : "UsingDef",
        "localIdentifier" : "System",
        "uri" : "urn:hl7-org:elm-types:r1"
      }, {
        "type" : "UsingDef",
        "annotation" : [ {
          "s" : {
            "s" : [ {
              "name" : "{urn:hl7-org:cql-annotations:r1}s",
              "declaredType" : "org.hl7.cql_annotations.r1.Narrative",
              "scope" : "javax.xml.bind.JAXBElement$GlobalScope",
              "value" : {
                "s" : [ "using ", "FHIR", " version ", "'4.0.1'" ]
              },
              "globalScope" : true
            } ],
            "r" : "1"
          }
        } ],
        "localId" : "1",
        "locator" : "3:1-3:26",
        "localIdentifier" : "FHIR",
        "uri" : "http://hl7.org/fhir",
        "version" : "4.0.1"
      } ]
    },
    "includes" : {
      "type" : "Library$Includes",
      "def" : [ {
        "type" : "IncludeDef",
        "annotation" : [ {
          "s" : {
            "s" : [ {
              "name" : "{urn:hl7-org:cql-annotations:r1}s",
              "declaredType" : "org.hl7.cql_annotations.r1.Narrative",
              "scope" : "javax.xml.bind.JAXBElement$GlobalScope",
              "value" : {
                "s" : [ "include " ]
              },
              "globalScope" : true
            }, {
              "name" : "{urn:hl7-org:cql-annotations:r1}s",
              "declaredType" : "org.hl7.cql_annotations.r1.Narrative",
              "scope" : "javax.xml.bind.JAXBElement$GlobalScope",
              "value" : {
                "s" : [ {
                  "name" : "{urn:hl7-org:cql-annotations:r1}s",
                  "declaredType" : "org.hl7.cql_annotations.r1.Narrative",
                  "scope" : "javax.xml.bind.JAXBElement$GlobalScope",
                  "value" : {
                    "s" : [ "FHIRHelpers" ]
                  },
                  "globalScope" : true
                } ]
              },
              "globalScope" : true
            }, {
              "name" : "{urn:hl7-org:cql-annotations:r1}s",
              "declaredType" : "org.hl7.cql_annotations.r1.Narrative",
              "scope" : "javax.xml.bind.JAXBElement$GlobalScope",
              "value" : {
                "s" : [ " version ", "'4.0.1'" ]
              },
              "globalScope" : true
            } ],
            "r" : "2"
          }
        } ],
        "localId" : "2",
        "locator" : "5:1-5:35",
        "localIdentifier" : "FHIRHelpers",
        "path" : "http://hl7.org/fhir/FHIRHelpers",
        "version" : "4.0.1"
      } ]
    },
    "parameters" : {
      "type" : "Library$Parameters",
      "def" : [ {
        "type" : "ParameterDef",
        "parameterTypeSpecifier" : {
          "type" : "IntervalTypeSpecifier",
          "pointType" : {
            "type" : "NamedTypeSpecifier",
            "localId" : "11",
            "locator" : "18:41-18:48",
            "name" : "{urn:hl7-org:elm-types:r1}DateTime"
          },
          "localId" : "12",
          "locator" : "18:32-18:49"
        },
        "annotation" : [ {
          "s" : {
            "s" : [ {
              "name" : "{urn:hl7-org:cql-annotations:r1}s",
              "declaredType" : "org.hl7.cql_annotations.r1.Narrative",
              "scope" : "javax.xml.bind.JAXBElement$GlobalScope",
              "value" : {
                "s" : [ "parameter ", "\"Measurement Period\"", " " ]
              },
              "globalScope" : true
            }, {
              "name" : "{urn:hl7-org:cql-annotations:r1}s",
              "declaredType" : "org.hl7.cql_annotations.r1.Narrative",
              "scope" : "javax.xml.bind.JAXBElement$GlobalScope",
              "value" : {
                "s" : [ {
                  "name" : "{urn:hl7-org:cql-annotations:r1}s",
                  "declaredType" : "org.hl7.cql_annotations.r1.Narrative",
                  "scope" : "javax.xml.bind.JAXBElement$GlobalScope",
                  "value" : {
                    "s" : [ "Interval<" ]
                  },
                  "globalScope" : true
                }, {
                  "name" : "{urn:hl7-org:cql-annotations:r1}s",
                  "declaredType" : "org.hl7.cql_annotations.r1.Narrative",
                  "scope" : "javax.xml.bind.JAXBElement$GlobalScope",
                  "value" : {
                    "s" : [ {
                      "name" : "{urn:hl7-org:cql-annotations:r1}s",
                      "declaredType" : "org.hl7.cql_annotations.r1.Narrative",
                      "scope" : "javax.xml.bind.JAXBElement$GlobalScope",
                      "value" : {
                        "s" : [ "DateTime" ]
                      },
                      "globalScope" : true
                    } ],
                    "r" : "11"
                  },
                  "globalScope" : true
                }, {
                  "name" : "{urn:hl7-org:cql-annotations:r1}s",
                  "declaredType" : "org.hl7.cql_annotations.r1.Narrative",
                  "scope" : "javax.xml.bind.JAXBElement$GlobalScope",
                  "value" : {
                    "s" : [ ">" ]
                  },
                  "globalScope" : true
                } ],
                "r" : "12"
              },
              "globalScope" : true
            } ],
            "r" : "13"
          }
        } ],
        "localId" : "13",
        "locator" : "18:1-18:49",
        "name" : "Measurement Period",
        "accessLevel" : "Public"
      } ]
    },
    "codeSystems" : {
      "type" : "Library$CodeSystems",
      "def" : [ {
        "type" : "CodeSystemDef",
        "annotation" : [ {
          "s" : {
            "s" : [ {
              "name" : "{urn:hl7-org:cql-annotations:r1}s",
              "declaredType" : "org.hl7.cql_annotations.r1.Narrative",
              "scope" : "javax.xml.bind.JAXBElement$GlobalScope",
              "value" : {
                "s" : [ "codesystem ", "\"Observation Category Codes\"", ": ", "'http://terminology.hl7.org/CodeSystem/observation-category'" ]
              },
              "globalScope" : true
            } ],
            "r" : "3"
          }
        } ],
        "localId" : "3",
        "locator" : "7:1-7:101",
        "name" : "Observation Category Codes",
        "id" : "http://terminology.hl7.org/CodeSystem/observation-category",
        "accessLevel" : "Public"
      } ]
    },
    "valueSets" : {
      "type" : "Library$ValueSets",
      "def" : [ {
        "type" : "ValueSetDef",
        "annotation" : [ {
          "s" : {
            "s" : [ {
              "name" : "{urn:hl7-org:cql-annotations:r1}s",
              "declaredType" : "org.hl7.cql_annotations.r1.Narrative",
              "scope" : "javax.xml.bind.JAXBElement$GlobalScope",
              "value" : {
                "s" : [ "valueset ", "\"Encounter Inpatient\"", ": ", "'http://cts.nlm.nih.gov/fhir/ValueSet/2.16.840.1.113883.3.666.5.307'" ]
              },
              "globalScope" : true
            } ],
            "r" : "4"
          }
        } ],
        "localId" : "4",
        "locator" : "9:1-9:100",
        "name" : "Encounter Inpatient",
        "id" : "http://cts.nlm.nih.gov/fhir/ValueSet/2.16.840.1.113883.3.666.5.307",
        "accessLevel" : "Public"
      }, {
        "type" : "ValueSetDef",
        "annotation" : [ {
          "s" : {
            "s" : [ {
              "name" : "{urn:hl7-org:cql-annotations:r1}s",
              "declaredType" : "org.hl7.cql_annotations.r1.Narrative",
              "scope" : "javax.xml.bind.JAXBElement$GlobalScope",
              "value" : {
                "s" : [ "valueset ", "\"Emergency Department Visit\"", ": ", "'http://cts.nlm.nih.gov/fhir/ValueSet/2.16.840.1.113883.3.117.1.7.1.292'" ]
              },
              "globalScope" : true
            } ],
            "r" : "5"
          }
        } ],
        "localId" : "5",
        "locator" : "10:1-10:111",
        "name" : "Emergency Department Visit",
        "id" : "http://cts.nlm.nih.gov/fhir/ValueSet/2.16.840.1.113883.3.117.1.7.1.292",
        "accessLevel" : "Public"
      }, {
        "type" : "ValueSetDef",
        "annotation" : [ {
          "s" : {
            "s" : [ {
              "name" : "{urn:hl7-org:cql-annotations:r1}s",
              "declaredType" : "org.hl7.cql_annotations.r1.Narrative",
              "scope" : "javax.xml.bind.JAXBElement$GlobalScope",
              "value" : {
                "s" : [ "valueset ", "\"Telephone Evaluation\"", ": ", "'http://cts.nlm.nih.gov/fhir/ValueSet/2.16.840.1.113883.3.464.1003.101.12.1082'" ]
              },
              "globalScope" : true
            } ],
            "r" : "6"
          }
        } ],
        "localId" : "6",
        "locator" : "11:1-11:112",
        "name" : "Telephone Evaluation",
        "id" : "http://cts.nlm.nih.gov/fhir/ValueSet/2.16.840.1.113883.3.464.1003.101.12.1082",
        "accessLevel" : "Public"
      }, {
        "type" : "ValueSetDef",
        "annotation" : [ {
          "s" : {
            "s" : [ {
              "name" : "{urn:hl7-org:cql-annotations:r1}s",
              "declaredType" : "org.hl7.cql_annotations.r1.Narrative",
              "scope" : "javax.xml.bind.JAXBElement$GlobalScope",
              "value" : {
                "s" : [ "valueset ", "\"Telephone Management\"", ": ", "'http://cts.nlm.nih.gov/fhir/ValueSet/2.16.840.1.113883.3.464.1003.101.12.1053'" ]
              },
              "globalScope" : true
            } ],
            "r" : "7"
          }
        } ],
        "localId" : "7",
        "locator" : "12:1-12:112",
        "name" : "Telephone Management",
        "id" : "http://cts.nlm.nih.gov/fhir/ValueSet/2.16.840.1.113883.3.464.1003.101.12.1053",
        "accessLevel" : "Public"
      }, {
        "type" : "ValueSetDef",
        "annotation" : [ {
          "s" : {
            "s" : [ {
              "name" : "{urn:hl7-org:cql-annotations:r1}s",
              "declaredType" : "org.hl7.cql_annotations.r1.Narrative",
              "scope" : "javax.xml.bind.JAXBElement$GlobalScope",
              "value" : {
                "s" : [ "valueset ", "\"COVID-19 Screening Result\"", ": ", "'TBD'" ]
              },
              "globalScope" : true
            } ],
            "r" : "8"
          }
        } ],
        "localId" : "8",
        "locator" : "14:1-14:43",
        "name" : "COVID-19 Screening Result",
        "id" : "TBD",
        "accessLevel" : "Public"
      } ]
    },
    "codes" : {
      "type" : "Library$Codes",
      "def" : [ {
        "type" : "CodeDef",
        "codeSystem" : {
          "type" : "CodeSystemRef",
          "localId" : "9",
          "locator" : "16:59-16:86",
          "name" : "Observation Category Codes"
        },
        "annotation" : [ {
          "s" : {
            "s" : [ {
              "name" : "{urn:hl7-org:cql-annotations:r1}s",
              "declaredType" : "org.hl7.cql_annotations.r1.Narrative",
              "scope" : "javax.xml.bind.JAXBElement$GlobalScope",
              "value" : {
                "s" : [ "code ", "\"Laboratory Observation Category\"", ": ", "'laboratory'", " from " ]
              },
              "globalScope" : true
            }, {
              "name" : "{urn:hl7-org:cql-annotations:r1}s",
              "declaredType" : "org.hl7.cql_annotations.r1.Narrative",
              "scope" : "javax.xml.bind.JAXBElement$GlobalScope",
              "value" : {
                "s" : [ {
                  "name" : "{urn:hl7-org:cql-annotations:r1}s",
                  "declaredType" : "org.hl7.cql_annotations.r1.Narrative",
                  "scope" : "javax.xml.bind.JAXBElement$GlobalScope",
                  "value" : {
                    "s" : [ "\"Observation Category Codes\"" ]
                  },
                  "globalScope" : true
                } ],
                "r" : "9"
              },
              "globalScope" : true
            } ],
            "r" : "10"
          }
        } ],
        "localId" : "10",
        "locator" : "16:1-16:86",
        "name" : "Laboratory Observation Category",
        "id" : "laboratory",
        "accessLevel" : "Public"
      } ]
    },
    "contexts" : {
      "type" : "Library$Contexts",
      "def" : [ {
        "type" : "ContextDef",
        "locator" : "20:1-20:15",
        "name" : "Patient"
      } ]
    },
    "statements" : {
      "type" : "Library$Statements",
      "def" : [ {
        "type" : "ExpressionDef",
        "expression" : {
          "type" : "SingletonFrom",
          "operand" : {
            "type" : "Retrieve",
            "locator" : "20:1-20:15",
            "dataType" : "{http://hl7.org/fhir}Patient",
            "templateId" : "http://hl7.org/fhir/StructureDefinition/Patient"
          }
        },
        "locator" : "20:1-20:15",
        "name" : "Patient",
        "context" : "Patient"
      }, {
        "type" : "ExpressionDef",
        "expression" : {
          "type" : "Query",
          "source" : [ {
            "type" : "AliasedQuerySource",
            "expression" : {
              "type" : "Union",
              "operand" : [ {
                "type" : "Union",
                "operand" : [ {
                  "type" : "Retrieve",
                  "codes" : {
                    "type" : "ValueSetRef",
                    "locator" : "24:17-24:37",
                    "name" : "Encounter Inpatient"
                  },
                  "localId" : "14",
                  "locator" : "24:5-24:38",
                  "dataType" : "{http://hl7.org/fhir}Encounter",
                  "templateId" : "http://hl7.org/fhir/StructureDefinition/Encounter",
                  "codeProperty" : "type",
                  "codeComparator" : "in"
                }, {
                  "type" : "Retrieve",
                  "codes" : {
                    "type" : "ValueSetRef",
                    "locator" : "25:25-25:52",
                    "name" : "Emergency Department Visit"
                  },
                  "localId" : "15",
                  "locator" : "25:13-25:53",
                  "dataType" : "{http://hl7.org/fhir}Encounter",
                  "templateId" : "http://hl7.org/fhir/StructureDefinition/Encounter",
                  "codeProperty" : "type",
                  "codeComparator" : "in"
                } ],
                "localId" : "16",
                "locator" : "24:5-25:53"
              }, {
                "type" : "Union",
                "operand" : [ {
                  "type" : "Retrieve",
                  "codes" : {
                    "type" : "ValueSetRef",
                    "locator" : "26:25-26:46",
                    "name" : "Telephone Evaluation"
                  },
                  "localId" : "17",
                  "locator" : "26:13-26:47",
                  "dataType" : "{http://hl7.org/fhir}Encounter",
                  "templateId" : "http://hl7.org/fhir/StructureDefinition/Encounter",
                  "codeProperty" : "type",
                  "codeComparator" : "in"
                }, {
                  "type" : "Retrieve",
                  "codes" : {
                    "type" : "ValueSetRef",
                    "locator" : "27:25-27:46",
                    "name" : "Telephone Management"
                  },
                  "localId" : "19",
                  "locator" : "27:13-27:47",
                  "dataType" : "{http://hl7.org/fhir}Encounter",
                  "templateId" : "http://hl7.org/fhir/StructureDefinition/Encounter",
                  "codeProperty" : "type",
                  "codeComparator" : "in"
                } ]
              } ],
              "localId" : "20",
              "locator" : "23:3-28:3"
            },
            "localId" : "21",
            "locator" : "23:3-28:13",
            "alias" : "Encounter"
          } ],
          "where" : {
            "type" : "And",
            "operand" : [ {
              "type" : "Equal",
              "operand" : [ {
                "type" : "FunctionRef",
                "operand" : [ {
                  "type" : "Property",
                  "localId" : "23",
                  "locator" : "29:11-29:26",
                  "path" : "status",
                  "scope" : "Encounter"
                } ],
                "name" : "ToString",
                "libraryName" : "FHIRHelpers"
              }, {
                "type" : "Literal",
                "localId" : "24",
                "locator" : "29:30-29:39",
                "valueType" : "{urn:hl7-org:elm-types:r1}String",
                "value" : "finished"
              } ],
              "localId" : "25",
              "locator" : "29:11-29:39"
            }, {
              "type" : "IncludedIn",
              "operand" : [ {
                "type" : "FunctionRef",
                "operand" : [ {
                  "type" : "Property",
                  "localId" : "27",
                  "locator" : "30:11-30:26",
                  "path" : "period",
                  "scope" : "Encounter"
                } ],
                "name" : "ToInterval",
                "libraryName" : "FHIRHelpers"
              }, {
                "type" : "ParameterRef",
                "localId" : "28",
                "locator" : "30:35-30:54",
                "name" : "Measurement Period"
              } ],
              "localId" : "29",
              "locator" : "30:11-30:54"
            } ],
            "localId" : "30",
            "locator" : "29:5-30:54"
          },
          "localId" : "31",
          "locator" : "23:3-30:54"
        },
        "annotation" : [ {
          "s" : {
            "s" : [ {
              "name" : "{urn:hl7-org:cql-annotations:r1}s",
              "declaredType" : "org.hl7.cql_annotations.r1.Narrative",
              "scope" : "javax.xml.bind.JAXBElement$GlobalScope",
              "value" : {
                "s" : [ "define ", "\"Inpatient, Emergency, or Telephone Evaluation or Management Encounter\"", ":\n  " ]
              },
              "globalScope" : true
            }, {
              "name" : "{urn:hl7-org:cql-annotations:r1}s",
              "declaredType" : "org.hl7.cql_annotations.r1.Narrative",
              "scope" : "javax.xml.bind.JAXBElement$GlobalScope",
              "value" : {
                "s" : [ {
                  "name" : "{urn:hl7-org:cql-annotations:r1}s",
                  "declaredType" : "org.hl7.cql_annotations.r1.Narrative",
                  "scope" : "javax.xml.bind.JAXBElement$GlobalScope",
                  "value" : {
                    "s" : [ {
                      "name" : "{urn:hl7-org:cql-annotations:r1}s",
                      "declaredType" : "org.hl7.cql_annotations.r1.Narrative",
                      "scope" : "javax.xml.bind.JAXBElement$GlobalScope",
                      "value" : {
                        "s" : [ {
                          "name" : "{urn:hl7-org:cql-annotations:r1}s",
                          "declaredType" : "org.hl7.cql_annotations.r1.Narrative",
                          "scope" : "javax.xml.bind.JAXBElement$GlobalScope",
                          "value" : {
                            "s" : [ {
                              "name" : "{urn:hl7-org:cql-annotations:r1}s",
                              "declaredType" : "org.hl7.cql_annotations.r1.Narrative",
                              "scope" : "javax.xml.bind.JAXBElement$GlobalScope",
                              "value" : {
                                "s" : [ "(\n    " ]
                              },
                              "globalScope" : true
                            }, {
                              "name" : "{urn:hl7-org:cql-annotations:r1}s",
                              "declaredType" : "org.hl7.cql_annotations.r1.Narrative",
                              "scope" : "javax.xml.bind.JAXBElement$GlobalScope",
                              "value" : {
                                "s" : [ {
                                  "name" : "{urn:hl7-org:cql-annotations:r1}s",
                                  "declaredType" : "org.hl7.cql_annotations.r1.Narrative",
                                  "scope" : "javax.xml.bind.JAXBElement$GlobalScope",
                                  "value" : {
                                    "s" : [ {
                                      "name" : "{urn:hl7-org:cql-annotations:r1}s",
                                      "declaredType" : "org.hl7.cql_annotations.r1.Narrative",
                                      "scope" : "javax.xml.bind.JAXBElement$GlobalScope",
                                      "value" : {
                                        "s" : [ {
                                          "name" : "{urn:hl7-org:cql-annotations:r1}s",
                                          "declaredType" : "org.hl7.cql_annotations.r1.Narrative",
                                          "scope" : "javax.xml.bind.JAXBElement$GlobalScope",
                                          "value" : {
                                            "s" : [ {
                                              "name" : "{urn:hl7-org:cql-annotations:r1}s",
                                              "declaredType" : "org.hl7.cql_annotations.r1.Narrative",
                                              "scope" : "javax.xml.bind.JAXBElement$GlobalScope",
                                              "value" : {
                                                "s" : [ "[", "Encounter", ": " ]
                                              },
                                              "globalScope" : true
                                            }, {
                                              "name" : "{urn:hl7-org:cql-annotations:r1}s",
                                              "declaredType" : "org.hl7.cql_annotations.r1.Narrative",
                                              "scope" : "javax.xml.bind.JAXBElement$GlobalScope",
                                              "value" : {
                                                "s" : [ {
                                                  "name" : "{urn:hl7-org:cql-annotations:r1}s",
                                                  "declaredType" : "org.hl7.cql_annotations.r1.Narrative",
                                                  "scope" : "javax.xml.bind.JAXBElement$GlobalScope",
                                                  "value" : {
                                                    "s" : [ "\"Encounter Inpatient\"" ]
                                                  },
                                                  "globalScope" : true
                                                } ]
                                              },
                                              "globalScope" : true
                                            }, {
                                              "name" : "{urn:hl7-org:cql-annotations:r1}s",
                                              "declaredType" : "org.hl7.cql_annotations.r1.Narrative",
                                              "scope" : "javax.xml.bind.JAXBElement$GlobalScope",
                                              "value" : {
                                                "s" : [ "]" ]
                                              },
                                              "globalScope" : true
                                            } ],
                                            "r" : "14"
                                          },
                                          "globalScope" : true
                                        }, {
                                          "name" : "{urn:hl7-org:cql-annotations:r1}s",
                                          "declaredType" : "org.hl7.cql_annotations.r1.Narrative",
                                          "scope" : "javax.xml.bind.JAXBElement$GlobalScope",
                                          "value" : {
                                            "s" : [ "\n      union " ]
                                          },
                                          "globalScope" : true
                                        }, {
                                          "name" : "{urn:hl7-org:cql-annotations:r1}s",
                                          "declaredType" : "org.hl7.cql_annotations.r1.Narrative",
                                          "scope" : "javax.xml.bind.JAXBElement$GlobalScope",
                                          "value" : {
                                            "s" : [ {
                                              "name" : "{urn:hl7-org:cql-annotations:r1}s",
                                              "declaredType" : "org.hl7.cql_annotations.r1.Narrative",
                                              "scope" : "javax.xml.bind.JAXBElement$GlobalScope",
                                              "value" : {
                                                "s" : [ "[", "Encounter", ": " ]
                                              },
                                              "globalScope" : true
                                            }, {
                                              "name" : "{urn:hl7-org:cql-annotations:r1}s",
                                              "declaredType" : "org.hl7.cql_annotations.r1.Narrative",
                                              "scope" : "javax.xml.bind.JAXBElement$GlobalScope",
                                              "value" : {
                                                "s" : [ {
                                                  "name" : "{urn:hl7-org:cql-annotations:r1}s",
                                                  "declaredType" : "org.hl7.cql_annotations.r1.Narrative",
                                                  "scope" : "javax.xml.bind.JAXBElement$GlobalScope",
                                                  "value" : {
                                                    "s" : [ "\"Emergency Department Visit\"" ]
                                                  },
                                                  "globalScope" : true
                                                } ]
                                              },
                                              "globalScope" : true
                                            }, {
                                              "name" : "{urn:hl7-org:cql-annotations:r1}s",
                                              "declaredType" : "org.hl7.cql_annotations.r1.Narrative",
                                              "scope" : "javax.xml.bind.JAXBElement$GlobalScope",
                                              "value" : {
                                                "s" : [ "]" ]
                                              },
                                              "globalScope" : true
                                            } ],
                                            "r" : "15"
                                          },
                                          "globalScope" : true
                                        } ],
                                        "r" : "16"
                                      },
                                      "globalScope" : true
                                    }, {
                                      "name" : "{urn:hl7-org:cql-annotations:r1}s",
                                      "declaredType" : "org.hl7.cql_annotations.r1.Narrative",
                                      "scope" : "javax.xml.bind.JAXBElement$GlobalScope",
                                      "value" : {
                                        "s" : [ "\n      union " ]
                                      },
                                      "globalScope" : true
                                    }, {
                                      "name" : "{urn:hl7-org:cql-annotations:r1}s",
                                      "declaredType" : "org.hl7.cql_annotations.r1.Narrative",
                                      "scope" : "javax.xml.bind.JAXBElement$GlobalScope",
                                      "value" : {
                                        "s" : [ {
                                          "name" : "{urn:hl7-org:cql-annotations:r1}s",
                                          "declaredType" : "org.hl7.cql_annotations.r1.Narrative",
                                          "scope" : "javax.xml.bind.JAXBElement$GlobalScope",
                                          "value" : {
                                            "s" : [ "[", "Encounter", ": " ]
                                          },
                                          "globalScope" : true
                                        }, {
                                          "name" : "{urn:hl7-org:cql-annotations:r1}s",
                                          "declaredType" : "org.hl7.cql_annotations.r1.Narrative",
                                          "scope" : "javax.xml.bind.JAXBElement$GlobalScope",
                                          "value" : {
                                            "s" : [ {
                                              "name" : "{urn:hl7-org:cql-annotations:r1}s",
                                              "declaredType" : "org.hl7.cql_annotations.r1.Narrative",
                                              "scope" : "javax.xml.bind.JAXBElement$GlobalScope",
                                              "value" : {
                                                "s" : [ "\"Telephone Evaluation\"" ]
                                              },
                                              "globalScope" : true
                                            } ]
                                          },
                                          "globalScope" : true
                                        }, {
                                          "name" : "{urn:hl7-org:cql-annotations:r1}s",
                                          "declaredType" : "org.hl7.cql_annotations.r1.Narrative",
                                          "scope" : "javax.xml.bind.JAXBElement$GlobalScope",
                                          "value" : {
                                            "s" : [ "]" ]
                                          },
                                          "globalScope" : true
                                        } ],
                                        "r" : "17"
                                      },
                                      "globalScope" : true
                                    } ],
                                    "r" : "18"
                                  },
                                  "globalScope" : true
                                }, {
                                  "name" : "{urn:hl7-org:cql-annotations:r1}s",
                                  "declaredType" : "org.hl7.cql_annotations.r1.Narrative",
                                  "scope" : "javax.xml.bind.JAXBElement$GlobalScope",
                                  "value" : {
                                    "s" : [ "\n      union " ]
                                  },
                                  "globalScope" : true
                                }, {
                                  "name" : "{urn:hl7-org:cql-annotations:r1}s",
                                  "declaredType" : "org.hl7.cql_annotations.r1.Narrative",
                                  "scope" : "javax.xml.bind.JAXBElement$GlobalScope",
                                  "value" : {
                                    "s" : [ {
                                      "name" : "{urn:hl7-org:cql-annotations:r1}s",
                                      "declaredType" : "org.hl7.cql_annotations.r1.Narrative",
                                      "scope" : "javax.xml.bind.JAXBElement$GlobalScope",
                                      "value" : {
                                        "s" : [ "[", "Encounter", ": " ]
                                      },
                                      "globalScope" : true
                                    }, {
                                      "name" : "{urn:hl7-org:cql-annotations:r1}s",
                                      "declaredType" : "org.hl7.cql_annotations.r1.Narrative",
                                      "scope" : "javax.xml.bind.JAXBElement$GlobalScope",
                                      "value" : {
                                        "s" : [ {
                                          "name" : "{urn:hl7-org:cql-annotations:r1}s",
                                          "declaredType" : "org.hl7.cql_annotations.r1.Narrative",
                                          "scope" : "javax.xml.bind.JAXBElement$GlobalScope",
                                          "value" : {
                                            "s" : [ "\"Telephone Management\"" ]
                                          },
                                          "globalScope" : true
                                        } ]
                                      },
                                      "globalScope" : true
                                    }, {
                                      "name" : "{urn:hl7-org:cql-annotations:r1}s",
                                      "declaredType" : "org.hl7.cql_annotations.r1.Narrative",
                                      "scope" : "javax.xml.bind.JAXBElement$GlobalScope",
                                      "value" : {
                                        "s" : [ "]" ]
                                      },
                                      "globalScope" : true
                                    } ],
                                    "r" : "19"
                                  },
                                  "globalScope" : true
                                } ],
                                "r" : "20"
                              },
                              "globalScope" : true
                            }, {
                              "name" : "{urn:hl7-org:cql-annotations:r1}s",
                              "declaredType" : "org.hl7.cql_annotations.r1.Narrative",
                              "scope" : "javax.xml.bind.JAXBElement$GlobalScope",
                              "value" : {
                                "s" : [ "\n  )" ]
                              },
                              "globalScope" : true
                            } ],
                            "r" : "20"
                          },
                          "globalScope" : true
                        }, {
                          "name" : "{urn:hl7-org:cql-annotations:r1}s",
                          "declaredType" : "org.hl7.cql_annotations.r1.Narrative",
                          "scope" : "javax.xml.bind.JAXBElement$GlobalScope",
                          "value" : {
                            "s" : [ " ", "Encounter" ]
                          },
                          "globalScope" : true
                        } ],
                        "r" : "21"
                      },
                      "globalScope" : true
                    } ]
                  },
                  "globalScope" : true
                }, {
                  "name" : "{urn:hl7-org:cql-annotations:r1}s",
                  "declaredType" : "org.hl7.cql_annotations.r1.Narrative",
                  "scope" : "javax.xml.bind.JAXBElement$GlobalScope",
                  "value" : {
                    "s" : [ "\n    " ]
                  },
                  "globalScope" : true
                }, {
                  "name" : "{urn:hl7-org:cql-annotations:r1}s",
                  "declaredType" : "org.hl7.cql_annotations.r1.Narrative",
                  "scope" : "javax.xml.bind.JAXBElement$GlobalScope",
                  "value" : {
                    "s" : [ {
                      "name" : "{urn:hl7-org:cql-annotations:r1}s",
                      "declaredType" : "org.hl7.cql_annotations.r1.Narrative",
                      "scope" : "javax.xml.bind.JAXBElement$GlobalScope",
                      "value" : {
                        "s" : [ "where " ]
                      },
                      "globalScope" : true
                    }, {
                      "name" : "{urn:hl7-org:cql-annotations:r1}s",
                      "declaredType" : "org.hl7.cql_annotations.r1.Narrative",
                      "scope" : "javax.xml.bind.JAXBElement$GlobalScope",
                      "value" : {
                        "s" : [ {
                          "name" : "{urn:hl7-org:cql-annotations:r1}s",
                          "declaredType" : "org.hl7.cql_annotations.r1.Narrative",
                          "scope" : "javax.xml.bind.JAXBElement$GlobalScope",
                          "value" : {
                            "s" : [ {
                              "name" : "{urn:hl7-org:cql-annotations:r1}s",
                              "declaredType" : "org.hl7.cql_annotations.r1.Narrative",
                              "scope" : "javax.xml.bind.JAXBElement$GlobalScope",
                              "value" : {
                                "s" : [ {
                                  "name" : "{urn:hl7-org:cql-annotations:r1}s",
                                  "declaredType" : "org.hl7.cql_annotations.r1.Narrative",
                                  "scope" : "javax.xml.bind.JAXBElement$GlobalScope",
                                  "value" : {
                                    "s" : [ {
                                      "name" : "{urn:hl7-org:cql-annotations:r1}s",
                                      "declaredType" : "org.hl7.cql_annotations.r1.Narrative",
                                      "scope" : "javax.xml.bind.JAXBElement$GlobalScope",
                                      "value" : {
                                        "s" : [ "Encounter" ]
                                      },
                                      "globalScope" : true
                                    } ],
                                    "r" : "22"
                                  },
                                  "globalScope" : true
                                }, {
                                  "name" : "{urn:hl7-org:cql-annotations:r1}s",
                                  "declaredType" : "org.hl7.cql_annotations.r1.Narrative",
                                  "scope" : "javax.xml.bind.JAXBElement$GlobalScope",
                                  "value" : {
                                    "s" : [ "." ]
                                  },
                                  "globalScope" : true
                                }, {
                                  "name" : "{urn:hl7-org:cql-annotations:r1}s",
                                  "declaredType" : "org.hl7.cql_annotations.r1.Narrative",
                                  "scope" : "javax.xml.bind.JAXBElement$GlobalScope",
                                  "value" : {
                                    "s" : [ {
                                      "name" : "{urn:hl7-org:cql-annotations:r1}s",
                                      "declaredType" : "org.hl7.cql_annotations.r1.Narrative",
                                      "scope" : "javax.xml.bind.JAXBElement$GlobalScope",
                                      "value" : {
                                        "s" : [ "status" ]
                                      },
                                      "globalScope" : true
                                    } ],
                                    "r" : "23"
                                  },
                                  "globalScope" : true
                                } ],
                                "r" : "23"
                              },
                              "globalScope" : true
                            }, {
                              "name" : "{urn:hl7-org:cql-annotations:r1}s",
                              "declaredType" : "org.hl7.cql_annotations.r1.Narrative",
                              "scope" : "javax.xml.bind.JAXBElement$GlobalScope",
                              "value" : {
                                "s" : [ " ", "=", " " ]
                              },
                              "globalScope" : true
                            }, {
                              "name" : "{urn:hl7-org:cql-annotations:r1}s",
                              "declaredType" : "org.hl7.cql_annotations.r1.Narrative",
                              "scope" : "javax.xml.bind.JAXBElement$GlobalScope",
                              "value" : {
                                "s" : [ {
                                  "name" : "{urn:hl7-org:cql-annotations:r1}s",
                                  "declaredType" : "org.hl7.cql_annotations.r1.Narrative",
                                  "scope" : "javax.xml.bind.JAXBElement$GlobalScope",
                                  "value" : {
                                    "s" : [ "'finished'" ]
                                  },
                                  "globalScope" : true
                                } ],
                                "r" : "24"
                              },
                              "globalScope" : true
                            } ],
                            "r" : "25"
                          },
                          "globalScope" : true
                        }, {
                          "name" : "{urn:hl7-org:cql-annotations:r1}s",
                          "declaredType" : "org.hl7.cql_annotations.r1.Narrative",
                          "scope" : "javax.xml.bind.JAXBElement$GlobalScope",
                          "value" : {
                            "s" : [ "\n      and " ]
                          },
                          "globalScope" : true
                        }, {
                          "name" : "{urn:hl7-org:cql-annotations:r1}s",
                          "declaredType" : "org.hl7.cql_annotations.r1.Narrative",
                          "scope" : "javax.xml.bind.JAXBElement$GlobalScope",
                          "value" : {
                            "s" : [ {
                              "name" : "{urn:hl7-org:cql-annotations:r1}s",
                              "declaredType" : "org.hl7.cql_annotations.r1.Narrative",
                              "scope" : "javax.xml.bind.JAXBElement$GlobalScope",
                              "value" : {
                                "s" : [ {
                                  "name" : "{urn:hl7-org:cql-annotations:r1}s",
                                  "declaredType" : "org.hl7.cql_annotations.r1.Narrative",
                                  "scope" : "javax.xml.bind.JAXBElement$GlobalScope",
                                  "value" : {
                                    "s" : [ {
                                      "name" : "{urn:hl7-org:cql-annotations:r1}s",
                                      "declaredType" : "org.hl7.cql_annotations.r1.Narrative",
                                      "scope" : "javax.xml.bind.JAXBElement$GlobalScope",
                                      "value" : {
                                        "s" : [ "Encounter" ]
                                      },
                                      "globalScope" : true
                                    } ],
                                    "r" : "26"
                                  },
                                  "globalScope" : true
                                }, {
                                  "name" : "{urn:hl7-org:cql-annotations:r1}s",
                                  "declaredType" : "org.hl7.cql_annotations.r1.Narrative",
                                  "scope" : "javax.xml.bind.JAXBElement$GlobalScope",
                                  "value" : {
                                    "s" : [ "." ]
                                  },
                                  "globalScope" : true
                                }, {
                                  "name" : "{urn:hl7-org:cql-annotations:r1}s",
                                  "declaredType" : "org.hl7.cql_annotations.r1.Narrative",
                                  "scope" : "javax.xml.bind.JAXBElement$GlobalScope",
                                  "value" : {
                                    "s" : [ {
                                      "name" : "{urn:hl7-org:cql-annotations:r1}s",
                                      "declaredType" : "org.hl7.cql_annotations.r1.Narrative",
                                      "scope" : "javax.xml.bind.JAXBElement$GlobalScope",
                                      "value" : {
                                        "s" : [ "period" ]
                                      },
                                      "globalScope" : true
                                    } ],
                                    "r" : "27"
                                  },
                                  "globalScope" : true
                                } ],
                                "r" : "27"
                              },
                              "globalScope" : true
                            }, {
                              "name" : "{urn:hl7-org:cql-annotations:r1}s",
                              "declaredType" : "org.hl7.cql_annotations.r1.Narrative",
                              "scope" : "javax.xml.bind.JAXBElement$GlobalScope",
                              "value" : {
                                "s" : [ " ", "during", " " ],
                                "r" : "29"
                              },
                              "globalScope" : true
                            }, {
                              "name" : "{urn:hl7-org:cql-annotations:r1}s",
                              "declaredType" : "org.hl7.cql_annotations.r1.Narrative",
                              "scope" : "javax.xml.bind.JAXBElement$GlobalScope",
                              "value" : {
                                "s" : [ {
                                  "name" : "{urn:hl7-org:cql-annotations:r1}s",
                                  "declaredType" : "org.hl7.cql_annotations.r1.Narrative",
                                  "scope" : "javax.xml.bind.JAXBElement$GlobalScope",
                                  "value" : {
                                    "s" : [ "\"Measurement Period\"" ]
                                  },
                                  "globalScope" : true
                                } ],
                                "r" : "28"
                              },
                              "globalScope" : true
                            } ],
                            "r" : "29"
                          },
                          "globalScope" : true
                        } ],
                        "r" : "30"
                      },
                      "globalScope" : true
                    } ],
                    "r" : "30"
                  },
                  "globalScope" : true
                } ],
                "r" : "31"
              },
              "globalScope" : true
            } ],
            "r" : "32"
          }
        } ],
        "localId" : "32",
        "locator" : "22:1-30:54",
        "name" : "Inpatient, Emergency, or Telephone Evaluation or Management Encounter",
        "context" : "Patient",
        "accessLevel" : "Public"
      }, {
        "type" : "ExpressionDef",
        "expression" : {
          "type" : "Exists",
          "operand" : {
            "type" : "ExpressionRef",
            "localId" : "33",
            "locator" : "33:10-33:82",
            "name" : "Inpatient, Emergency, or Telephone Evaluation or Management Encounter"
          },
          "localId" : "34",
          "locator" : "33:3-33:82"
        },
        "annotation" : [ {
          "s" : {
            "s" : [ {
              "name" : "{urn:hl7-org:cql-annotations:r1}s",
              "declaredType" : "org.hl7.cql_annotations.r1.Narrative",
              "scope" : "javax.xml.bind.JAXBElement$GlobalScope",
              "value" : {
                "s" : [ "define ", "\"Initial Population\"", ":\n  " ]
              },
              "globalScope" : true
            }, {
              "name" : "{urn:hl7-org:cql-annotations:r1}s",
              "declaredType" : "org.hl7.cql_annotations.r1.Narrative",
              "scope" : "javax.xml.bind.JAXBElement$GlobalScope",
              "value" : {
                "s" : [ {
                  "name" : "{urn:hl7-org:cql-annotations:r1}s",
                  "declaredType" : "org.hl7.cql_annotations.r1.Narrative",
                  "scope" : "javax.xml.bind.JAXBElement$GlobalScope",
                  "value" : {
                    "s" : [ "exists " ]
                  },
                  "globalScope" : true
                }, {
                  "name" : "{urn:hl7-org:cql-annotations:r1}s",
                  "declaredType" : "org.hl7.cql_annotations.r1.Narrative",
                  "scope" : "javax.xml.bind.JAXBElement$GlobalScope",
                  "value" : {
                    "s" : [ {
                      "name" : "{urn:hl7-org:cql-annotations:r1}s",
                      "declaredType" : "org.hl7.cql_annotations.r1.Narrative",
                      "scope" : "javax.xml.bind.JAXBElement$GlobalScope",
                      "value" : {
                        "s" : [ "(" ]
                      },
                      "globalScope" : true
                    }, {
                      "name" : "{urn:hl7-org:cql-annotations:r1}s",
                      "declaredType" : "org.hl7.cql_annotations.r1.Narrative",
                      "scope" : "javax.xml.bind.JAXBElement$GlobalScope",
                      "value" : {
                        "s" : [ {
                          "name" : "{urn:hl7-org:cql-annotations:r1}s",
                          "declaredType" : "org.hl7.cql_annotations.r1.Narrative",
                          "scope" : "javax.xml.bind.JAXBElement$GlobalScope",
                          "value" : {
                            "s" : [ "\"Inpatient, Emergency, or Telephone Evaluation or Management Encounter\"" ]
                          },
                          "globalScope" : true
                        } ],
                        "r" : "33"
                      },
                      "globalScope" : true
                    }, {
                      "name" : "{urn:hl7-org:cql-annotations:r1}s",
                      "declaredType" : "org.hl7.cql_annotations.r1.Narrative",
                      "scope" : "javax.xml.bind.JAXBElement$GlobalScope",
                      "value" : {
                        "s" : [ ")" ]
                      },
                      "globalScope" : true
                    } ],
                    "r" : "33"
                  },
                  "globalScope" : true
                } ],
                "r" : "34"
              },
              "globalScope" : true
            } ],
            "r" : "35"
          }
        } ],
        "localId" : "35",
        "locator" : "32:1-33:82",
        "name" : "Initial Population",
        "context" : "Patient",
        "accessLevel" : "Public"
      }, {
        "type" : "ExpressionDef",
        "expression" : {
          "type" : "Literal",
          "localId" : "36",
          "locator" : "36:3-36:6",
          "valueType" : "{urn:hl7-org:elm-types:r1}Boolean",
          "value" : "true"
        },
        "annotation" : [ {
          "s" : {
            "s" : [ {
              "name" : "{urn:hl7-org:cql-annotations:r1}s",
              "declaredType" : "org.hl7.cql_annotations.r1.Narrative",
              "scope" : "javax.xml.bind.JAXBElement$GlobalScope",
              "value" : {
                "s" : [ "define ", "\"Denominator\"", ":\n  ", "true" ],
                "r" : "36"
              },
              "globalScope" : true
            } ],
            "r" : "37"
          }
        } ],
        "localId" : "37",
        "locator" : "35:1-36:6",
        "name" : "Denominator",
        "context" : "Patient",
        "accessLevel" : "Public"
      }, {
        "type" : "ExpressionDef",
        "expression" : {
          "type" : "Query",
          "source" : [ {
            "type" : "AliasedQuerySource",
            "expression" : {
              "type" : "Retrieve",
              "codes" : {
                "type" : "ValueSetRef",
                "locator" : "39:17-39:43",
                "name" : "COVID-19 Screening Result"
              },
              "localId" : "38",
              "locator" : "39:3-39:44",
              "dataType" : "{http://hl7.org/fhir}Observation",
              "templateId" : "http://hl7.org/fhir/StructureDefinition/Observation",
              "codeProperty" : "code",
              "codeComparator" : "in"
            },
            "localId" : "39",
            "locator" : "39:3-39:51",
            "alias" : "Result"
          } ],
          "where" : {
            "type" : "And",
            "operand" : [ {
              "type" : "And",
              "operand" : [ {
                "type" : "Exists",
                "operand" : {
                  "type" : "Query",
                  "source" : [ {
                    "type" : "AliasedQuerySource",
                    "expression" : {
                      "type" : "Property",
                      "localId" : "40",
                      "locator" : "40:19-40:33",
                      "path" : "category",
                      "scope" : "Result"
                    },
                    "localId" : "41",
                    "locator" : "40:19-40:35",
                    "alias" : "C"
                  } ],
                  "where" : {
                    "type" : "Equivalent",
                    "operand" : [ {
                      "type" : "FunctionRef",
                      "operand" : [ {
                        "type" : "AliasRef",
                        "localId" : "42",
                        "locator" : "40:43",
                        "name" : "C"
                      } ],
                      "name" : "ToConcept",
                      "libraryName" : "FHIRHelpers"
                    }, {
                      "type" : "ToConcept",
                      "operand" : {
                        "type" : "CodeRef",
                        "localId" : "43",
                        "locator" : "40:47-40:79",
                        "name" : "Laboratory Observation Category"
                      }
                    } ],
                    "localId" : "44",
                    "locator" : "40:37-40:79"
                  },
                  "localId" : "45",
                  "locator" : "40:18-40:80"
                },
                "localId" : "46",
                "locator" : "40:11-40:80"
              }, {
                "type" : "In",
                "operand" : [ {
                  "type" : "FunctionRef",
                  "operand" : [ {
                    "type" : "Property",
                    "localId" : "48",
                    "locator" : "41:11-41:23",
                    "path" : "status",
                    "scope" : "Result"
                  } ],
                  "name" : "ToString",
                  "libraryName" : "FHIRHelpers"
                }, {
                  "type" : "List",
                  "element" : [ {
                    "type" : "Literal",
                    "localId" : "49",
                    "locator" : "41:30-41:36",
                    "valueType" : "{urn:hl7-org:elm-types:r1}String",
                    "value" : "final"
                  }, {
                    "type" : "Literal",
                    "localId" : "50",
                    "locator" : "41:39-41:47",
                    "valueType" : "{urn:hl7-org:elm-types:r1}String",
                    "value" : "amended"
                  }, {
                    "type" : "Literal",
                    "localId" : "51",
                    "locator" : "41:50-41:60",
                    "valueType" : "{urn:hl7-org:elm-types:r1}String",
                    "value" : "corrected"
                  } ],
                  "localId" : "52",
                  "locator" : "41:28-41:62"
                } ],
                "localId" : "53",
                "locator" : "41:11-41:62"
              } ],
              "localId" : "54",
              "locator" : "40:11-41:62"
            }, {
              "type" : "IncludedIn",
              "operand" : [ {
                "type" : "FunctionRef",
                "operand" : [ {
                  "type" : "As",
                  "operand" : {
                    "type" : "Property",
                    "localId" : "56",
                    "locator" : "42:11-42:26",
                    "path" : "effective",
                    "scope" : "Result"
                  },
                  "asType" : "{http://hl7.org/fhir}Period"
                } ],
                "name" : "ToInterval",
                "libraryName" : "FHIRHelpers"
              }, {
                "type" : "ParameterRef",
                "localId" : "57",
                "locator" : "42:35-42:54",
                "name" : "Measurement Period"
              } ],
              "localId" : "58",
              "locator" : "42:11-42:54"
            } ],
            "localId" : "59",
            "locator" : "40:5-42:54"
          },
          "localId" : "60",
          "locator" : "39:3-42:54"
        },
        "annotation" : [ {
          "s" : {
            "s" : [ {
              "name" : "{urn:hl7-org:cql-annotations:r1}s",
              "declaredType" : "org.hl7.cql_annotations.r1.Narrative",
              "scope" : "javax.xml.bind.JAXBElement$GlobalScope",
              "value" : {
                "s" : [ "define ", "\"COVID-19 Communicable Disease Screening\"", ":\n  " ]
              },
              "globalScope" : true
            }, {
              "name" : "{urn:hl7-org:cql-annotations:r1}s",
              "declaredType" : "org.hl7.cql_annotations.r1.Narrative",
              "scope" : "javax.xml.bind.JAXBElement$GlobalScope",
              "value" : {
                "s" : [ {
                  "name" : "{urn:hl7-org:cql-annotations:r1}s",
                  "declaredType" : "org.hl7.cql_annotations.r1.Narrative",
                  "scope" : "javax.xml.bind.JAXBElement$GlobalScope",
                  "value" : {
                    "s" : [ {
                      "name" : "{urn:hl7-org:cql-annotations:r1}s",
                      "declaredType" : "org.hl7.cql_annotations.r1.Narrative",
                      "scope" : "javax.xml.bind.JAXBElement$GlobalScope",
                      "value" : {
                        "s" : [ {
                          "name" : "{urn:hl7-org:cql-annotations:r1}s",
                          "declaredType" : "org.hl7.cql_annotations.r1.Narrative",
                          "scope" : "javax.xml.bind.JAXBElement$GlobalScope",
                          "value" : {
                            "s" : [ {
                              "name" : "{urn:hl7-org:cql-annotations:r1}s",
                              "declaredType" : "org.hl7.cql_annotations.r1.Narrative",
                              "scope" : "javax.xml.bind.JAXBElement$GlobalScope",
                              "value" : {
                                "s" : [ {
                                  "name" : "{urn:hl7-org:cql-annotations:r1}s",
                                  "declaredType" : "org.hl7.cql_annotations.r1.Narrative",
                                  "scope" : "javax.xml.bind.JAXBElement$GlobalScope",
                                  "value" : {
                                    "s" : [ "[", "Observation", ": " ]
                                  },
                                  "globalScope" : true
                                }, {
                                  "name" : "{urn:hl7-org:cql-annotations:r1}s",
                                  "declaredType" : "org.hl7.cql_annotations.r1.Narrative",
                                  "scope" : "javax.xml.bind.JAXBElement$GlobalScope",
                                  "value" : {
                                    "s" : [ {
                                      "name" : "{urn:hl7-org:cql-annotations:r1}s",
                                      "declaredType" : "org.hl7.cql_annotations.r1.Narrative",
                                      "scope" : "javax.xml.bind.JAXBElement$GlobalScope",
                                      "value" : {
                                        "s" : [ "\"COVID-19 Screening Result\"" ]
                                      },
                                      "globalScope" : true
                                    } ]
                                  },
                                  "globalScope" : true
                                }, {
                                  "name" : "{urn:hl7-org:cql-annotations:r1}s",
                                  "declaredType" : "org.hl7.cql_annotations.r1.Narrative",
                                  "scope" : "javax.xml.bind.JAXBElement$GlobalScope",
                                  "value" : {
                                    "s" : [ "]" ]
                                  },
                                  "globalScope" : true
                                } ],
                                "r" : "38"
                              },
                              "globalScope" : true
                            } ],
                            "r" : "38"
                          },
                          "globalScope" : true
                        }, {
                          "name" : "{urn:hl7-org:cql-annotations:r1}s",
                          "declaredType" : "org.hl7.cql_annotations.r1.Narrative",
                          "scope" : "javax.xml.bind.JAXBElement$GlobalScope",
                          "value" : {
                            "s" : [ " ", "Result" ]
                          },
                          "globalScope" : true
                        } ],
                        "r" : "39"
                      },
                      "globalScope" : true
                    } ]
                  },
                  "globalScope" : true
                }, {
                  "name" : "{urn:hl7-org:cql-annotations:r1}s",
                  "declaredType" : "org.hl7.cql_annotations.r1.Narrative",
                  "scope" : "javax.xml.bind.JAXBElement$GlobalScope",
                  "value" : {
                    "s" : [ "\n    " ]
                  },
                  "globalScope" : true
                }, {
                  "name" : "{urn:hl7-org:cql-annotations:r1}s",
                  "declaredType" : "org.hl7.cql_annotations.r1.Narrative",
                  "scope" : "javax.xml.bind.JAXBElement$GlobalScope",
                  "value" : {
                    "s" : [ {
                      "name" : "{urn:hl7-org:cql-annotations:r1}s",
                      "declaredType" : "org.hl7.cql_annotations.r1.Narrative",
                      "scope" : "javax.xml.bind.JAXBElement$GlobalScope",
                      "value" : {
                        "s" : [ "where " ]
                      },
                      "globalScope" : true
                    }, {
                      "name" : "{urn:hl7-org:cql-annotations:r1}s",
                      "declaredType" : "org.hl7.cql_annotations.r1.Narrative",
                      "scope" : "javax.xml.bind.JAXBElement$GlobalScope",
                      "value" : {
                        "s" : [ {
                          "name" : "{urn:hl7-org:cql-annotations:r1}s",
                          "declaredType" : "org.hl7.cql_annotations.r1.Narrative",
                          "scope" : "javax.xml.bind.JAXBElement$GlobalScope",
                          "value" : {
                            "s" : [ {
                              "name" : "{urn:hl7-org:cql-annotations:r1}s",
                              "declaredType" : "org.hl7.cql_annotations.r1.Narrative",
                              "scope" : "javax.xml.bind.JAXBElement$GlobalScope",
                              "value" : {
                                "s" : [ {
                                  "name" : "{urn:hl7-org:cql-annotations:r1}s",
                                  "declaredType" : "org.hl7.cql_annotations.r1.Narrative",
                                  "scope" : "javax.xml.bind.JAXBElement$GlobalScope",
                                  "value" : {
                                    "s" : [ "exists " ]
                                  },
                                  "globalScope" : true
                                }, {
                                  "name" : "{urn:hl7-org:cql-annotations:r1}s",
                                  "declaredType" : "org.hl7.cql_annotations.r1.Narrative",
                                  "scope" : "javax.xml.bind.JAXBElement$GlobalScope",
                                  "value" : {
                                    "s" : [ {
                                      "name" : "{urn:hl7-org:cql-annotations:r1}s",
                                      "declaredType" : "org.hl7.cql_annotations.r1.Narrative",
                                      "scope" : "javax.xml.bind.JAXBElement$GlobalScope",
                                      "value" : {
                                        "s" : [ "(" ]
                                      },
                                      "globalScope" : true
                                    }, {
                                      "name" : "{urn:hl7-org:cql-annotations:r1}s",
                                      "declaredType" : "org.hl7.cql_annotations.r1.Narrative",
                                      "scope" : "javax.xml.bind.JAXBElement$GlobalScope",
                                      "value" : {
                                        "s" : [ {
                                          "name" : "{urn:hl7-org:cql-annotations:r1}s",
                                          "declaredType" : "org.hl7.cql_annotations.r1.Narrative",
                                          "scope" : "javax.xml.bind.JAXBElement$GlobalScope",
                                          "value" : {
                                            "s" : [ {
                                              "name" : "{urn:hl7-org:cql-annotations:r1}s",
                                              "declaredType" : "org.hl7.cql_annotations.r1.Narrative",
                                              "scope" : "javax.xml.bind.JAXBElement$GlobalScope",
                                              "value" : {
                                                "s" : [ {
                                                  "name" : "{urn:hl7-org:cql-annotations:r1}s",
                                                  "declaredType" : "org.hl7.cql_annotations.r1.Narrative",
                                                  "scope" : "javax.xml.bind.JAXBElement$GlobalScope",
                                                  "value" : {
                                                    "s" : [ {
                                                      "name" : "{urn:hl7-org:cql-annotations:r1}s",
                                                      "declaredType" : "org.hl7.cql_annotations.r1.Narrative",
                                                      "scope" : "javax.xml.bind.JAXBElement$GlobalScope",
                                                      "value" : {
                                                        "s" : [ {
                                                          "name" : "{urn:hl7-org:cql-annotations:r1}s",
                                                          "declaredType" : "org.hl7.cql_annotations.r1.Narrative",
                                                          "scope" : "javax.xml.bind.JAXBElement$GlobalScope",
                                                          "value" : {
                                                            "s" : [ "Result", ".", "category" ]
                                                          },
                                                          "globalScope" : true
                                                        } ]
                                                      },
                                                      "globalScope" : true
                                                    } ],
                                                    "r" : "40"
                                                  },
                                                  "globalScope" : true
                                                }, {
                                                  "name" : "{urn:hl7-org:cql-annotations:r1}s",
                                                  "declaredType" : "org.hl7.cql_annotations.r1.Narrative",
                                                  "scope" : "javax.xml.bind.JAXBElement$GlobalScope",
                                                  "value" : {
                                                    "s" : [ " ", "C" ]
                                                  },
                                                  "globalScope" : true
                                                } ],
                                                "r" : "41"
                                              },
                                              "globalScope" : true
                                            } ]
                                          },
                                          "globalScope" : true
                                        }, {
                                          "name" : "{urn:hl7-org:cql-annotations:r1}s",
                                          "declaredType" : "org.hl7.cql_annotations.r1.Narrative",
                                          "scope" : "javax.xml.bind.JAXBElement$GlobalScope",
                                          "value" : {
                                            "s" : [ " " ]
                                          },
                                          "globalScope" : true
                                        }, {
                                          "name" : "{urn:hl7-org:cql-annotations:r1}s",
                                          "declaredType" : "org.hl7.cql_annotations.r1.Narrative",
                                          "scope" : "javax.xml.bind.JAXBElement$GlobalScope",
                                          "value" : {
                                            "s" : [ {
                                              "name" : "{urn:hl7-org:cql-annotations:r1}s",
                                              "declaredType" : "org.hl7.cql_annotations.r1.Narrative",
                                              "scope" : "javax.xml.bind.JAXBElement$GlobalScope",
                                              "value" : {
                                                "s" : [ "where " ]
                                              },
                                              "globalScope" : true
                                            }, {
                                              "name" : "{urn:hl7-org:cql-annotations:r1}s",
                                              "declaredType" : "org.hl7.cql_annotations.r1.Narrative",
                                              "scope" : "javax.xml.bind.JAXBElement$GlobalScope",
                                              "value" : {
                                                "s" : [ {
                                                  "name" : "{urn:hl7-org:cql-annotations:r1}s",
                                                  "declaredType" : "org.hl7.cql_annotations.r1.Narrative",
                                                  "scope" : "javax.xml.bind.JAXBElement$GlobalScope",
                                                  "value" : {
                                                    "s" : [ {
                                                      "name" : "{urn:hl7-org:cql-annotations:r1}s",
                                                      "declaredType" : "org.hl7.cql_annotations.r1.Narrative",
                                                      "scope" : "javax.xml.bind.JAXBElement$GlobalScope",
                                                      "value" : {
                                                        "s" : [ "C" ]
                                                      },
                                                      "globalScope" : true
                                                    } ],
                                                    "r" : "42"
                                                  },
                                                  "globalScope" : true
                                                }, {
                                                  "name" : "{urn:hl7-org:cql-annotations:r1}s",
                                                  "declaredType" : "org.hl7.cql_annotations.r1.Narrative",
                                                  "scope" : "javax.xml.bind.JAXBElement$GlobalScope",
                                                  "value" : {
                                                    "s" : [ " ", "~", " " ]
                                                  },
                                                  "globalScope" : true
                                                }, {
                                                  "name" : "{urn:hl7-org:cql-annotations:r1}s",
                                                  "declaredType" : "org.hl7.cql_annotations.r1.Narrative",
                                                  "scope" : "javax.xml.bind.JAXBElement$GlobalScope",
                                                  "value" : {
                                                    "s" : [ {
                                                      "name" : "{urn:hl7-org:cql-annotations:r1}s",
                                                      "declaredType" : "org.hl7.cql_annotations.r1.Narrative",
                                                      "scope" : "javax.xml.bind.JAXBElement$GlobalScope",
                                                      "value" : {
                                                        "s" : [ "\"Laboratory Observation Category\"" ]
                                                      },
                                                      "globalScope" : true
                                                    } ],
                                                    "r" : "43"
                                                  },
                                                  "globalScope" : true
                                                } ],
                                                "r" : "44"
                                              },
                                              "globalScope" : true
                                            } ],
                                            "r" : "44"
                                          },
                                          "globalScope" : true
                                        } ],
                                        "r" : "45"
                                      },
                                      "globalScope" : true
                                    }, {
                                      "name" : "{urn:hl7-org:cql-annotations:r1}s",
                                      "declaredType" : "org.hl7.cql_annotations.r1.Narrative",
                                      "scope" : "javax.xml.bind.JAXBElement$GlobalScope",
                                      "value" : {
                                        "s" : [ ")" ]
                                      },
                                      "globalScope" : true
                                    } ],
                                    "r" : "45"
                                  },
                                  "globalScope" : true
                                } ],
                                "r" : "46"
                              },
                              "globalScope" : true
                            }, {
                              "name" : "{urn:hl7-org:cql-annotations:r1}s",
                              "declaredType" : "org.hl7.cql_annotations.r1.Narrative",
                              "scope" : "javax.xml.bind.JAXBElement$GlobalScope",
                              "value" : {
                                "s" : [ "\n      and " ]
                              },
                              "globalScope" : true
                            }, {
                              "name" : "{urn:hl7-org:cql-annotations:r1}s",
                              "declaredType" : "org.hl7.cql_annotations.r1.Narrative",
                              "scope" : "javax.xml.bind.JAXBElement$GlobalScope",
                              "value" : {
                                "s" : [ {
                                  "name" : "{urn:hl7-org:cql-annotations:r1}s",
                                  "declaredType" : "org.hl7.cql_annotations.r1.Narrative",
                                  "scope" : "javax.xml.bind.JAXBElement$GlobalScope",
                                  "value" : {
                                    "s" : [ {
                                      "name" : "{urn:hl7-org:cql-annotations:r1}s",
                                      "declaredType" : "org.hl7.cql_annotations.r1.Narrative",
                                      "scope" : "javax.xml.bind.JAXBElement$GlobalScope",
                                      "value" : {
                                        "s" : [ {
                                          "name" : "{urn:hl7-org:cql-annotations:r1}s",
                                          "declaredType" : "org.hl7.cql_annotations.r1.Narrative",
                                          "scope" : "javax.xml.bind.JAXBElement$GlobalScope",
                                          "value" : {
                                            "s" : [ "Result" ]
                                          },
                                          "globalScope" : true
                                        } ],
                                        "r" : "47"
                                      },
                                      "globalScope" : true
                                    }, {
                                      "name" : "{urn:hl7-org:cql-annotations:r1}s",
                                      "declaredType" : "org.hl7.cql_annotations.r1.Narrative",
                                      "scope" : "javax.xml.bind.JAXBElement$GlobalScope",
                                      "value" : {
                                        "s" : [ "." ]
                                      },
                                      "globalScope" : true
                                    }, {
                                      "name" : "{urn:hl7-org:cql-annotations:r1}s",
                                      "declaredType" : "org.hl7.cql_annotations.r1.Narrative",
                                      "scope" : "javax.xml.bind.JAXBElement$GlobalScope",
                                      "value" : {
                                        "s" : [ {
                                          "name" : "{urn:hl7-org:cql-annotations:r1}s",
                                          "declaredType" : "org.hl7.cql_annotations.r1.Narrative",
                                          "scope" : "javax.xml.bind.JAXBElement$GlobalScope",
                                          "value" : {
                                            "s" : [ "status" ]
                                          },
                                          "globalScope" : true
                                        } ],
                                        "r" : "48"
                                      },
                                      "globalScope" : true
                                    } ],
                                    "r" : "48"
                                  },
                                  "globalScope" : true
                                }, {
                                  "name" : "{urn:hl7-org:cql-annotations:r1}s",
                                  "declaredType" : "org.hl7.cql_annotations.r1.Narrative",
                                  "scope" : "javax.xml.bind.JAXBElement$GlobalScope",
                                  "value" : {
                                    "s" : [ " in " ]
                                  },
                                  "globalScope" : true
                                }, {
                                  "name" : "{urn:hl7-org:cql-annotations:r1}s",
                                  "declaredType" : "org.hl7.cql_annotations.r1.Narrative",
                                  "scope" : "javax.xml.bind.JAXBElement$GlobalScope",
                                  "value" : {
                                    "s" : [ {
                                      "name" : "{urn:hl7-org:cql-annotations:r1}s",
                                      "declaredType" : "org.hl7.cql_annotations.r1.Narrative",
                                      "scope" : "javax.xml.bind.JAXBElement$GlobalScope",
                                      "value" : {
                                        "s" : [ "{ " ]
                                      },
                                      "globalScope" : true
                                    }, {
                                      "name" : "{urn:hl7-org:cql-annotations:r1}s",
                                      "declaredType" : "org.hl7.cql_annotations.r1.Narrative",
                                      "scope" : "javax.xml.bind.JAXBElement$GlobalScope",
                                      "value" : {
                                        "s" : [ {
                                          "name" : "{urn:hl7-org:cql-annotations:r1}s",
                                          "declaredType" : "org.hl7.cql_annotations.r1.Narrative",
                                          "scope" : "javax.xml.bind.JAXBElement$GlobalScope",
                                          "value" : {
                                            "s" : [ "'final'" ]
                                          },
                                          "globalScope" : true
                                        } ],
                                        "r" : "49"
                                      },
                                      "globalScope" : true
                                    }, {
                                      "name" : "{urn:hl7-org:cql-annotations:r1}s",
                                      "declaredType" : "org.hl7.cql_annotations.r1.Narrative",
                                      "scope" : "javax.xml.bind.JAXBElement$GlobalScope",
                                      "value" : {
                                        "s" : [ ", " ]
                                      },
                                      "globalScope" : true
                                    }, {
                                      "name" : "{urn:hl7-org:cql-annotations:r1}s",
                                      "declaredType" : "org.hl7.cql_annotations.r1.Narrative",
                                      "scope" : "javax.xml.bind.JAXBElement$GlobalScope",
                                      "value" : {
                                        "s" : [ {
                                          "name" : "{urn:hl7-org:cql-annotations:r1}s",
                                          "declaredType" : "org.hl7.cql_annotations.r1.Narrative",
                                          "scope" : "javax.xml.bind.JAXBElement$GlobalScope",
                                          "value" : {
                                            "s" : [ "'amended'" ]
                                          },
                                          "globalScope" : true
                                        } ],
                                        "r" : "50"
                                      },
                                      "globalScope" : true
                                    }, {
                                      "name" : "{urn:hl7-org:cql-annotations:r1}s",
                                      "declaredType" : "org.hl7.cql_annotations.r1.Narrative",
                                      "scope" : "javax.xml.bind.JAXBElement$GlobalScope",
                                      "value" : {
                                        "s" : [ ", " ]
                                      },
                                      "globalScope" : true
                                    }, {
                                      "name" : "{urn:hl7-org:cql-annotations:r1}s",
                                      "declaredType" : "org.hl7.cql_annotations.r1.Narrative",
                                      "scope" : "javax.xml.bind.JAXBElement$GlobalScope",
                                      "value" : {
                                        "s" : [ {
                                          "name" : "{urn:hl7-org:cql-annotations:r1}s",
                                          "declaredType" : "org.hl7.cql_annotations.r1.Narrative",
                                          "scope" : "javax.xml.bind.JAXBElement$GlobalScope",
                                          "value" : {
                                            "s" : [ "'corrected'" ]
                                          },
                                          "globalScope" : true
                                        } ],
                                        "r" : "51"
                                      },
                                      "globalScope" : true
                                    }, {
                                      "name" : "{urn:hl7-org:cql-annotations:r1}s",
                                      "declaredType" : "org.hl7.cql_annotations.r1.Narrative",
                                      "scope" : "javax.xml.bind.JAXBElement$GlobalScope",
                                      "value" : {
                                        "s" : [ " }" ]
                                      },
                                      "globalScope" : true
                                    } ],
                                    "r" : "52"
                                  },
                                  "globalScope" : true
                                } ],
                                "r" : "53"
                              },
                              "globalScope" : true
                            } ],
                            "r" : "54"
                          },
                          "globalScope" : true
                        }, {
                          "name" : "{urn:hl7-org:cql-annotations:r1}s",
                          "declaredType" : "org.hl7.cql_annotations.r1.Narrative",
                          "scope" : "javax.xml.bind.JAXBElement$GlobalScope",
                          "value" : {
                            "s" : [ "\n      and " ]
                          },
                          "globalScope" : true
                        }, {
                          "name" : "{urn:hl7-org:cql-annotations:r1}s",
                          "declaredType" : "org.hl7.cql_annotations.r1.Narrative",
                          "scope" : "javax.xml.bind.JAXBElement$GlobalScope",
                          "value" : {
                            "s" : [ {
                              "name" : "{urn:hl7-org:cql-annotations:r1}s",
                              "declaredType" : "org.hl7.cql_annotations.r1.Narrative",
                              "scope" : "javax.xml.bind.JAXBElement$GlobalScope",
                              "value" : {
                                "s" : [ {
                                  "name" : "{urn:hl7-org:cql-annotations:r1}s",
                                  "declaredType" : "org.hl7.cql_annotations.r1.Narrative",
                                  "scope" : "javax.xml.bind.JAXBElement$GlobalScope",
                                  "value" : {
                                    "s" : [ {
                                      "name" : "{urn:hl7-org:cql-annotations:r1}s",
                                      "declaredType" : "org.hl7.cql_annotations.r1.Narrative",
                                      "scope" : "javax.xml.bind.JAXBElement$GlobalScope",
                                      "value" : {
                                        "s" : [ "Result" ]
                                      },
                                      "globalScope" : true
                                    } ],
                                    "r" : "55"
                                  },
                                  "globalScope" : true
                                }, {
                                  "name" : "{urn:hl7-org:cql-annotations:r1}s",
                                  "declaredType" : "org.hl7.cql_annotations.r1.Narrative",
                                  "scope" : "javax.xml.bind.JAXBElement$GlobalScope",
                                  "value" : {
                                    "s" : [ "." ]
                                  },
                                  "globalScope" : true
                                }, {
                                  "name" : "{urn:hl7-org:cql-annotations:r1}s",
                                  "declaredType" : "org.hl7.cql_annotations.r1.Narrative",
                                  "scope" : "javax.xml.bind.JAXBElement$GlobalScope",
                                  "value" : {
                                    "s" : [ {
                                      "name" : "{urn:hl7-org:cql-annotations:r1}s",
                                      "declaredType" : "org.hl7.cql_annotations.r1.Narrative",
                                      "scope" : "javax.xml.bind.JAXBElement$GlobalScope",
                                      "value" : {
                                        "s" : [ "effective" ]
                                      },
                                      "globalScope" : true
                                    } ],
                                    "r" : "56"
                                  },
                                  "globalScope" : true
                                } ],
                                "r" : "56"
                              },
                              "globalScope" : true
                            }, {
                              "name" : "{urn:hl7-org:cql-annotations:r1}s",
                              "declaredType" : "org.hl7.cql_annotations.r1.Narrative",
                              "scope" : "javax.xml.bind.JAXBElement$GlobalScope",
                              "value" : {
                                "s" : [ " ", "during", " " ],
                                "r" : "58"
                              },
                              "globalScope" : true
                            }, {
                              "name" : "{urn:hl7-org:cql-annotations:r1}s",
                              "declaredType" : "org.hl7.cql_annotations.r1.Narrative",
                              "scope" : "javax.xml.bind.JAXBElement$GlobalScope",
                              "value" : {
                                "s" : [ {
                                  "name" : "{urn:hl7-org:cql-annotations:r1}s",
                                  "declaredType" : "org.hl7.cql_annotations.r1.Narrative",
                                  "scope" : "javax.xml.bind.JAXBElement$GlobalScope",
                                  "value" : {
                                    "s" : [ "\"Measurement Period\"" ]
                                  },
                                  "globalScope" : true
                                } ],
                                "r" : "57"
                              },
                              "globalScope" : true
                            } ],
                            "r" : "58"
                          },
                          "globalScope" : true
                        } ],
                        "r" : "59"
                      },
                      "globalScope" : true
                    } ],
                    "r" : "59"
                  },
                  "globalScope" : true
                } ],
                "r" : "60"
              },
              "globalScope" : true
            } ],
            "r" : "61"
          }
        } ],
        "localId" : "61",
        "locator" : "38:1-42:54",
        "name" : "COVID-19 Communicable Disease Screening",
        "context" : "Patient",
        "accessLevel" : "Public"
      }, {
        "type" : "ExpressionDef",
        "expression" : {
          "type" : "Exists",
          "operand" : {
            "type" : "ExpressionRef",
            "localId" : "62",
            "locator" : "45:10-45:52",
            "name" : "COVID-19 Communicable Disease Screening"
          },
          "localId" : "63",
          "locator" : "45:3-45:52"
        },
        "annotation" : [ {
          "s" : {
            "s" : [ {
              "name" : "{urn:hl7-org:cql-annotations:r1}s",
              "declaredType" : "org.hl7.cql_annotations.r1.Narrative",
              "scope" : "javax.xml.bind.JAXBElement$GlobalScope",
              "value" : {
                "s" : [ "define ", "\"Numerator\"", ":\n  " ]
              },
              "globalScope" : true
            }, {
              "name" : "{urn:hl7-org:cql-annotations:r1}s",
              "declaredType" : "org.hl7.cql_annotations.r1.Narrative",
              "scope" : "javax.xml.bind.JAXBElement$GlobalScope",
              "value" : {
                "s" : [ {
                  "name" : "{urn:hl7-org:cql-annotations:r1}s",
                  "declaredType" : "org.hl7.cql_annotations.r1.Narrative",
                  "scope" : "javax.xml.bind.JAXBElement$GlobalScope",
                  "value" : {
                    "s" : [ "exists " ]
                  },
                  "globalScope" : true
                }, {
                  "name" : "{urn:hl7-org:cql-annotations:r1}s",
                  "declaredType" : "org.hl7.cql_annotations.r1.Narrative",
                  "scope" : "javax.xml.bind.JAXBElement$GlobalScope",
                  "value" : {
                    "s" : [ {
                      "name" : "{urn:hl7-org:cql-annotations:r1}s",
                      "declaredType" : "org.hl7.cql_annotations.r1.Narrative",
                      "scope" : "javax.xml.bind.JAXBElement$GlobalScope",
                      "value" : {
                        "s" : [ "(" ]
                      },
                      "globalScope" : true
                    }, {
                      "name" : "{urn:hl7-org:cql-annotations:r1}s",
                      "declaredType" : "org.hl7.cql_annotations.r1.Narrative",
                      "scope" : "javax.xml.bind.JAXBElement$GlobalScope",
                      "value" : {
                        "s" : [ {
                          "name" : "{urn:hl7-org:cql-annotations:r1}s",
                          "declaredType" : "org.hl7.cql_annotations.r1.Narrative",
                          "scope" : "javax.xml.bind.JAXBElement$GlobalScope",
                          "value" : {
                            "s" : [ "\"COVID-19 Communicable Disease Screening\"" ]
                          },
                          "globalScope" : true
                        } ],
                        "r" : "62"
                      },
                      "globalScope" : true
                    }, {
                      "name" : "{urn:hl7-org:cql-annotations:r1}s",
                      "declaredType" : "org.hl7.cql_annotations.r1.Narrative",
                      "scope" : "javax.xml.bind.JAXBElement$GlobalScope",
                      "value" : {
                        "s" : [ ")" ]
                      },
                      "globalScope" : true
                    } ],
                    "r" : "62"
                  },
                  "globalScope" : true
                } ],
                "r" : "63"
              },
              "globalScope" : true
            } ],
            "r" : "64"
          }
        } ],
        "localId" : "64",
        "locator" : "44:1-45:52",
        "name" : "Numerator",
        "context" : "Patient",
        "accessLevel" : "Public"
      } ]
    },
    "annotation" : [ {
      "translatorOptions" : "EnableAnnotations,EnableLocators,DisableListDemotion,DisableListPromotion"
    } ]
  }
}