{
  "resourceType" : "Patient",
  "id" : "example",
  "meta" : {
    "profile" : ["http://somewhere.org/fhir/uv/myig/StructureDefinition/mypatient"]
  },
  "text" : {
    "status" : "generated",
    "div" : "<div xmlns=\"http://www.w3.org/1999/xhtml\"><p style=\"border: 1px #661aff solid; background-color: #e6e6ff; padding: 10px;\"><b>Jack Smith </b> (no stated gender), DoB Unknown</p><hr/><table class=\"grid\"><tr><td style=\"background-color: #f3f5da\" title=\"Alternate names (see the one above)\">Alt Names:</td><td colspan=\"3\"><ul><li>John Jacob Jingleheimer Smith (OFFICIAL)</li><li>John Jacob Jingleheimer Smith (OFFICIAL)</li></ul></td></tr><tr><td style=\"background-color: #f3f5da\" title=\"What this extension means.\"><a href=\"StructureDefinition-ext-myExtension.html\">My awesome extension:</a></td><td colspan=\"3\"><ul><li>false</li></ul></td></tr></table></div>"
  },
  "extension" : [{
    "url" : "http://somewhere.org/fhir/uv/myig/StructureDefinition/ext-myExtension",
    "valueBoolean" : false
  }],
  "name" : [{
    "use" : "usual",
    "family" : "Smith",
    "given" : ["Jack"]
  },
  {
    "use" : "official",
    "family" : "Smith",
    "given" : ["John",
    "Jacob",
    "Jingleheimer"],
    "period" : {
      "end" : "2001-01-01"
    }
  },
  {
    "use" : "official",
    "family" : "Smith",
    "given" : ["John",
    "Jacob",
    "Jingleheimer"],
    "period" : {
      "start" : "2001-01-01"
    }
  }]
}