{
  "resourceType" : "Bundle",
  "id" : "a82125a2-c4e1-4b10-a49f-863f4e1f8fd3",
  "meta" : {
    "lastUpdated" : "2023-03-14T20:28:45.336+01:00"
  },
  "type" : "collection",
  "entry" : [{
    "fullUrl" : "https://develop.art-decor.org/fhir/ValueSet/2.16.840.1.113883.3.1937.99.61.76.11.2--20221103133509",
    "resource" : {
      "resourceType" : "ValueSet",
      "id" : "2.16.840.1.113883.3.1937.99.61.76.11.2--20221103133509",
      "meta" : {
        "profile" : ["http://hl7.org/fhir/StructureDefinition/shareablevalueset"]
      },
      "text" : {
        "status" : "generated",
        "div" : "<div xmlns=\"http://www.w3.org/1999/xhtml\"><p>This value set contains 2 concepts</p><p style=\"border: black 1px dotted; background-color: #EEEEEE; padding: 8px; margin-bottom: 8px\">Expansion based on SNOMED CT International edition 31-Juli 2022</p><table class=\"codes\"><tr><td style=\"white-space:nowrap\"><b>Code</b></td><td><b>System</b></td><td><b>Display</b></td></tr><tr><td style=\"white-space:nowrap\"><a name=\"http---snomed.info-sct-373066001\"> </a>  <a href=\"http://snomed.info/id/373066001\">373066001</a></td><td>http://snomed.info/sct</td><td>Yes (qualifier value)</td></tr><tr><td style=\"white-space:nowrap\"><a name=\"http---snomed.info-sct-373067005\"> </a>  <a href=\"http://snomed.info/id/373067005\">373067005</a></td><td>http://snomed.info/sct</td><td>No (qualifier value)</td></tr></table></div>"
      },
      "extension" : [{
        "url" : "http://hl7.org/fhir/StructureDefinition/resource-effectivePeriod",
        "valuePeriod" : {
          "start" : "2022-11-03T13:35:09+01:00"
        }
      },
      {
        "url" : "http://hl7.org/fhir/StructureDefinition/structuredefinition-fmm",
        "valueInteger" : 1,
        "_valueInteger" : {
          "extension" : [{
            "url" : "http://hl7.org/fhir/StructureDefinition/structuredefinition-conformance-derivedFrom",
            "valueCanonical" : "http://somewhere.org/fhir/uv/myig/ImplementationGuide/fhir.cde-catalog"
          }]
        }
      },
      {
        "url" : "http://hl7.org/fhir/StructureDefinition/structuredefinition-standards-status",
        "valueCode" : "informative",
        "_valueCode" : {
          "extension" : [{
            "url" : "http://hl7.org/fhir/StructureDefinition/structuredefinition-conformance-derivedFrom",
            "valueCanonical" : "http://somewhere.org/fhir/uv/myig/ImplementationGuide/fhir.cde-catalog"
          }]
        }
      }],
      "url" : "https://develop.art-decor.org/fhir/ValueSet/2.16.840.1.113883.3.1937.99.61.76.11.2--20221103133509",
      "identifier" : [{
        "use" : "official",
        "system" : "urn:ietf:rfc:3986",
        "value" : "urn:oid:2.16.840.1.113883.3.1937.99.61.76.11.2"
      }],
      "version" : "0.2.0",
      "name" : "ValueSet_YesNoQualfier",
      "title" : "valueSet_YesNoQualifier",
      "status" : "draft",
      "experimental" : false,
      "date" : "2023-03-14T20:28:45+01:00",
      "publisher" : "HL7 International - [Some] Work Group",
      "contact" : [{
        "telecom" : [{
          "system" : "url",
          "value" : "http://hl7.org/Special/committees/[something]"
        }]
      }],
      "description" : "valueSet_YesNoQualifier",
      "jurisdiction" : [{
        "coding" : [{
          "system" : "http://unstats.un.org/unsd/methods/m49/m49.htm",
          "code" : "001"
        }]
      }],
      "immutable" : false,
      "copyright" : "This artefact includes content from SNOMED Clinical Terms® (SNOMED CT®) which is copyright of the International Health Terminology Standards Development Organisation (IHTSDO). Implementers of these artefacts must have the appropriate SNOMED CT Affiliate license - for more information contact http://www.snomed.org/snomed-ct/getsnomed-ct or info@snomed.org.",
      "expansion" : {
        "identifier" : "urn:uuid:0aaa12e1-1085-44d6-9bea-3baab7cc78f9",
        "timestamp" : "2023-03-14T20:41:02+01:00",
        "total" : 2,
        "parameter" : [{
          "name" : "excludeNested",
          "valueBoolean" : false
        },
        {
          "name" : "limitedExpansion",
          "valueBoolean" : true
        },
        {
          "name" : "version",
          "valueUri" : "http://snomed.info/sct|http://snomed.info/sct/900000000000207008/version/20220731"
        }],
        "contains" : [{
          "system" : "http://snomed.info/sct",
          "code" : "373066001",
          "display" : "Yes (qualifier value)"
        },
        {
          "system" : "http://snomed.info/sct",
          "code" : "373067005",
          "display" : "No (qualifier value)"
        }]
      }
    }
  },
  {
    "fullUrl" : "http://somewhere.org/fhir/uv/myig/ValueSet/vs-administrative-gender",
    "resource" : {
      "resourceType" : "ValueSet",
      "id" : "vs-administrative-gender",
      "text" : {
        "status" : "generated",
        "div" : "<div xmlns=\"http://www.w3.org/1999/xhtml\"><p>This value set contains 4 concepts</p><div style=\"border: black 1px dotted; background-color: #EEEEEE; padding: 8px; margin-bottom: 8px\"><p>Expansion based on: </p><ul><li><a href=\"http://hl7.org/fhir/R4/codesystem-administrative-gender.html\">AdministrativeGender v4.0.1 (CodeSystem)</a></li><li><a href=\"http://hl7.org/fhir/R4/valueset-administrative-gender.html\">AdministrativeGender v4.0.1 (ValueSet)</a></li></ul></div><table class=\"codes\"><tr><td style=\"white-space:nowrap\"><b>Code</b></td><td><b>System</b></td><td><b>Display</b></td><td><b>Definition</b></td></tr><tr><td style=\"white-space:nowrap\"><a name=\"http---hl7.org-fhir-administrative-gender-male\"> </a>  <a href=\"http://hl7.org/fhir/R4/codesystem-administrative-gender.html#administrative-gender-male\">male</a></td><td>http://hl7.org/fhir/administrative-gender</td><td>Male</td><td><div><p>Male.</p>\n</div></td></tr><tr><td style=\"white-space:nowrap\"><a name=\"http---hl7.org-fhir-administrative-gender-female\"> </a>  <a href=\"http://hl7.org/fhir/R4/codesystem-administrative-gender.html#administrative-gender-female\">female</a></td><td>http://hl7.org/fhir/administrative-gender</td><td>Female</td><td><div><p>Female.</p>\n</div></td></tr><tr><td style=\"white-space:nowrap\"><a name=\"http---hl7.org-fhir-administrative-gender-other\"> </a>  <a href=\"http://hl7.org/fhir/R4/codesystem-administrative-gender.html#administrative-gender-other\">other</a></td><td>http://hl7.org/fhir/administrative-gender</td><td>Other</td><td><div><p>Other.</p>\n</div></td></tr><tr><td style=\"white-space:nowrap\"><a name=\"http---hl7.org-fhir-administrative-gender-unknown\"> </a>  <a href=\"http://hl7.org/fhir/R4/codesystem-administrative-gender.html#administrative-gender-unknown\">unknown</a></td><td>http://hl7.org/fhir/administrative-gender</td><td>Unknown</td><td><div><p>Unknown.</p>\n</div></td></tr></table></div>"
      },
      "extension" : [{
        "url" : "http://hl7.org/fhir/StructureDefinition/structuredefinition-fmm",
        "valueInteger" : 1,
        "_valueInteger" : {
          "extension" : [{
            "url" : "http://hl7.org/fhir/StructureDefinition/structuredefinition-conformance-derivedFrom",
            "valueCanonical" : "http://somewhere.org/fhir/uv/myig/ImplementationGuide/fhir.cde-catalog"
          }]
        }
      },
      {
        "url" : "http://hl7.org/fhir/StructureDefinition/structuredefinition-standards-status",
        "valueCode" : "informative",
        "_valueCode" : {
          "extension" : [{
            "url" : "http://hl7.org/fhir/StructureDefinition/structuredefinition-conformance-derivedFrom",
            "valueCanonical" : "http://somewhere.org/fhir/uv/myig/ImplementationGuide/fhir.cde-catalog"
          }]
        }
      }],
      "url" : "http://somewhere.org/fhir/uv/myig/ValueSet/vs-administrative-gender",
      "version" : "0.2.0",
      "name" : "VS_AdministrativeGender",
      "title" : "VS AdministrativeGender",
      "status" : "active",
      "date" : "2023-03-14T20:28:45+01:00",
      "publisher" : "HL7 International - [Some] Work Group",
      "contact" : [{
        "telecom" : [{
          "system" : "url",
          "value" : "http://hl7.org/Special/committees/[something]"
        }]
      }],
      "description" : "Dieses ValueSet enthält Codes für das administrative Geschlecht.",
      "jurisdiction" : [{
        "coding" : [{
          "system" : "http://unstats.un.org/unsd/methods/m49/m49.htm",
          "code" : "001"
        }]
      }],
      "expansion" : {
        "identifier" : "urn:uuid:7851f10d-d17e-4ecf-9030-db4b999061bd",
        "timestamp" : "2023-03-14T20:41:02+01:00",
        "total" : 4,
        "parameter" : [{
          "name" : "excludeNested",
          "valueBoolean" : false
        },
        {
          "name" : "version",
          "valueUri" : "http://hl7.org/fhir/ValueSet/administrative-gender|4.0.1"
        },
        {
          "name" : "version",
          "valueUri" : "http://hl7.org/fhir/administrative-gender|4.0.1"
        }],
        "contains" : [{
          "system" : "http://hl7.org/fhir/administrative-gender",
          "code" : "male",
          "display" : "Male"
        },
        {
          "system" : "http://hl7.org/fhir/administrative-gender",
          "code" : "female",
          "display" : "Female"
        },
        {
          "system" : "http://hl7.org/fhir/administrative-gender",
          "code" : "other",
          "display" : "Other"
        },
        {
          "system" : "http://hl7.org/fhir/administrative-gender",
          "code" : "unknown",
          "display" : "Unknown"
        }]
      }
    }
  },
  {
    "fullUrl" : "http://somewhere.org/fhir/uv/myig/ValueSet/vs-glasgow-coma-scale-for-adults",
    "resource" : {
      "resourceType" : "ValueSet",
      "id" : "vs-glasgow-coma-scale-for-adults",
      "text" : {
        "status" : "generated",
        "div" : "<div xmlns=\"http://www.w3.org/1999/xhtml\"><p>This value set contains 0 concepts</p><table class=\"codes\"><tr><td style=\"white-space:nowrap\"><b>Code</b></td><td><b>System</b></td><td><b>Display</b></td></tr></table></div>"
      },
      "extension" : [{
        "url" : "http://hl7.org/fhir/StructureDefinition/structuredefinition-fmm",
        "valueInteger" : 1,
        "_valueInteger" : {
          "extension" : [{
            "url" : "http://hl7.org/fhir/StructureDefinition/structuredefinition-conformance-derivedFrom",
            "valueCanonical" : "http://somewhere.org/fhir/uv/myig/ImplementationGuide/fhir.cde-catalog"
          }]
        }
      },
      {
        "url" : "http://hl7.org/fhir/StructureDefinition/structuredefinition-standards-status",
        "valueCode" : "informative",
        "_valueCode" : {
          "extension" : [{
            "url" : "http://hl7.org/fhir/StructureDefinition/structuredefinition-conformance-derivedFrom",
            "valueCanonical" : "http://somewhere.org/fhir/uv/myig/ImplementationGuide/fhir.cde-catalog"
          }]
        }
      }],
      "url" : "http://somewhere.org/fhir/uv/myig/ValueSet/vs-glasgow-coma-scale-for-adults",
      "version" : "0.2.0",
      "name" : "VS_GlasgowComaScaleForAdults",
      "title" : "VS Glasgow Coma Scale For Adults",
      "status" : "active",
      "date" : "2023-03-14T20:28:45+01:00",
      "publisher" : "HL7 International - [Some] Work Group",
      "contact" : [{
        "telecom" : [{
          "system" : "url",
          "value" : "http://hl7.org/Special/committees/[something]"
        }]
      }],
      "description" : "Dieses ValueSet enthält LOINC-Codes für den Glasgow Coma Scale (GCS) für Erwachsene",
      "jurisdiction" : [{
        "coding" : [{
          "system" : "http://unstats.un.org/unsd/methods/m49/m49.htm",
          "code" : "001"
        }]
      }],
      "expansion" : {
        "identifier" : "urn:uuid:9d927413-f6a1-4e55-9423-e4e88f7b1a75",
        "timestamp" : "2023-03-14T20:41:03+01:00",
        "parameter" : [{
          "name" : "excludeNested",
          "valueBoolean" : false
        }]
      }
    }
  },
  {
    "fullUrl" : "http://somewhere.org/fhir/uv/myig/ValueSet/vs-length-units",
    "resource" : {
      "resourceType" : "ValueSet",
      "id" : "vs-length-units",
      "text" : {
        "status" : "generated",
        "div" : "<div xmlns=\"http://www.w3.org/1999/xhtml\"><p>This value set contains 9 concepts</p><p style=\"border: black 1px dotted; background-color: #EEEEEE; padding: 8px; margin-bottom: 8px\">Expansion based on UCUM version 2.0.1</p><table class=\"codes\"><tr><td style=\"white-space:nowrap\"><b>Code</b></td><td><b>System</b></td><td><b>Display</b></td></tr><tr><td style=\"white-space:nowrap\"><a name=\"http---unitsofmeasure.org-fm\"> </a>  fm</td><td>http://unitsofmeasure.org</td><td>fm</td></tr><tr><td style=\"white-space:nowrap\"><a name=\"http---unitsofmeasure.org-pm\"> </a>  pm</td><td>http://unitsofmeasure.org</td><td>pm</td></tr><tr><td style=\"white-space:nowrap\"><a name=\"http---unitsofmeasure.org-nm\"> </a>  nm</td><td>http://unitsofmeasure.org</td><td>nm</td></tr><tr><td style=\"white-space:nowrap\"><a name=\"http---unitsofmeasure.org-um\"> </a>  um</td><td>http://unitsofmeasure.org</td><td>um</td></tr><tr><td style=\"white-space:nowrap\"><a name=\"http---unitsofmeasure.org-mm\"> </a>  mm</td><td>http://unitsofmeasure.org</td><td>mm</td></tr><tr><td style=\"white-space:nowrap\"><a name=\"http---unitsofmeasure.org-cm\"> </a>  cm</td><td>http://unitsofmeasure.org</td><td>cm</td></tr><tr><td style=\"white-space:nowrap\"><a name=\"http---unitsofmeasure.org-dm\"> </a>  dm</td><td>http://unitsofmeasure.org</td><td>dm</td></tr><tr><td style=\"white-space:nowrap\"><a name=\"http---unitsofmeasure.org-m\"> </a>  m</td><td>http://unitsofmeasure.org</td><td>m</td></tr><tr><td style=\"white-space:nowrap\"><a name=\"http---unitsofmeasure.org-km\"> </a>  km</td><td>http://unitsofmeasure.org</td><td>km</td></tr></table></div>"
      },
      "extension" : [{
        "url" : "http://hl7.org/fhir/StructureDefinition/structuredefinition-fmm",
        "valueInteger" : 1,
        "_valueInteger" : {
          "extension" : [{
            "url" : "http://hl7.org/fhir/StructureDefinition/structuredefinition-conformance-derivedFrom",
            "valueCanonical" : "http://somewhere.org/fhir/uv/myig/ImplementationGuide/fhir.cde-catalog"
          }]
        }
      },
      {
        "url" : "http://hl7.org/fhir/StructureDefinition/structuredefinition-standards-status",
        "valueCode" : "informative",
        "_valueCode" : {
          "extension" : [{
            "url" : "http://hl7.org/fhir/StructureDefinition/structuredefinition-conformance-derivedFrom",
            "valueCanonical" : "http://somewhere.org/fhir/uv/myig/ImplementationGuide/fhir.cde-catalog"
          }]
        }
      }],
      "url" : "http://somewhere.org/fhir/uv/myig/ValueSet/vs-length-units",
      "version" : "0.2.0",
      "name" : "VS_LengthUnits",
      "title" : "VS Length Units",
      "status" : "active",
      "date" : "2023-03-14T20:28:45+01:00",
      "publisher" : "HL7 International - [Some] Work Group",
      "contact" : [{
        "telecom" : [{
          "system" : "url",
          "value" : "http://hl7.org/Special/committees/[something]"
        }]
      }],
      "description" : "UCUM Codes für 'Länge'",
      "jurisdiction" : [{
        "coding" : [{
          "system" : "http://unstats.un.org/unsd/methods/m49/m49.htm",
          "code" : "001"
        }]
      }],
      "expansion" : {
        "identifier" : "urn:uuid:0b6f9ffd-a287-4301-baef-8e29d8f9218a",
        "timestamp" : "2023-03-14T20:41:03+01:00",
        "total" : 9,
        "parameter" : [{
          "name" : "excludeNested",
          "valueBoolean" : false
        },
        {
          "name" : "limitedExpansion",
          "valueBoolean" : true
        },
        {
          "name" : "version",
          "valueUri" : "http://unitsofmeasure.org|2.0.1"
        }],
        "contains" : [{
          "system" : "http://unitsofmeasure.org",
          "code" : "fm",
          "display" : "fm"
        },
        {
          "system" : "http://unitsofmeasure.org",
          "code" : "pm",
          "display" : "pm"
        },
        {
          "system" : "http://unitsofmeasure.org",
          "code" : "nm",
          "display" : "nm"
        },
        {
          "system" : "http://unitsofmeasure.org",
          "code" : "um",
          "display" : "um"
        },
        {
          "system" : "http://unitsofmeasure.org",
          "code" : "mm",
          "display" : "mm"
        },
        {
          "system" : "http://unitsofmeasure.org",
          "code" : "cm",
          "display" : "cm"
        },
        {
          "system" : "http://unitsofmeasure.org",
          "code" : "dm",
          "display" : "dm"
        },
        {
          "system" : "http://unitsofmeasure.org",
          "code" : "m",
          "display" : "m"
        },
        {
          "system" : "http://unitsofmeasure.org",
          "code" : "km",
          "display" : "km"
        }]
      }
    }
  },
  {
    "fullUrl" : "http://somewhere.org/fhir/uv/myig/ValueSet/vs-mass-concentration-units",
    "resource" : {
      "resourceType" : "ValueSet",
      "id" : "vs-mass-concentration-units",
      "text" : {
        "status" : "generated",
        "div" : "<div xmlns=\"http://www.w3.org/1999/xhtml\"><p>This value set contains 21 concepts</p><p style=\"border: black 1px dotted; background-color: #EEEEEE; padding: 8px; margin-bottom: 8px\">Expansion based on UCUM version 2.0.1</p><table class=\"codes\"><tr><td style=\"white-space:nowrap\"><b>Code</b></td><td><b>System</b></td><td><b>Display</b></td></tr><tr><td style=\"white-space:nowrap\"><a name=\"http---unitsofmeasure.org-pg-mL\"> </a>  pg/mL</td><td>http://unitsofmeasure.org</td><td>pg/mL</td></tr><tr><td style=\"white-space:nowrap\"><a name=\"http---unitsofmeasure.org-ng-mL\"> </a>  ng/mL</td><td>http://unitsofmeasure.org</td><td>ng/mL</td></tr><tr><td style=\"white-space:nowrap\"><a name=\"http---unitsofmeasure.org-ng-mL-rbc-\"> </a>  ng/mL{rbc}</td><td>http://unitsofmeasure.org</td><td>ng/mL{rbc}</td></tr><tr><td style=\"white-space:nowrap\"><a name=\"http---unitsofmeasure.org-ug-mL\"> </a>  ug/mL</td><td>http://unitsofmeasure.org</td><td>ug/mL</td></tr><tr><td style=\"white-space:nowrap\"><a name=\"http---unitsofmeasure.org-mg-mL\"> </a>  mg/mL</td><td>http://unitsofmeasure.org</td><td>mg/mL</td></tr><tr><td style=\"white-space:nowrap\"><a name=\"http---unitsofmeasure.org-g-mL\"> </a>  g/mL</td><td>http://unitsofmeasure.org</td><td>g/mL</td></tr><tr><td style=\"white-space:nowrap\"><a name=\"http---unitsofmeasure.org-pg-dL\"> </a>  pg/dL</td><td>http://unitsofmeasure.org</td><td>pg/dL</td></tr><tr><td style=\"white-space:nowrap\"><a name=\"http---unitsofmeasure.org-ng-dL\"> </a>  ng/dL</td><td>http://unitsofmeasure.org</td><td>ng/dL</td></tr><tr><td style=\"white-space:nowrap\"><a name=\"http---unitsofmeasure.org-ug-dL\"> </a>  ug/dL</td><td>http://unitsofmeasure.org</td><td>ug/dL</td></tr><tr><td style=\"white-space:nowrap\"><a name=\"http---unitsofmeasure.org-ug-dL-rbc-\"> </a>  ug/dL{rbc}</td><td>http://unitsofmeasure.org</td><td>ug/dL{rbc}</td></tr><tr><td style=\"white-space:nowrap\"><a name=\"http---unitsofmeasure.org-mg-dL\"> </a>  mg/dL</td><td>http://unitsofmeasure.org</td><td>mg/dL</td></tr><tr><td style=\"white-space:nowrap\"><a name=\"http---unitsofmeasure.org-mg-Phenylketones--dL\"> </a>  mg{Phenylketones}/dL</td><td>http://unitsofmeasure.org</td><td>mg{Phenylketones}/dL</td></tr><tr><td style=\"white-space:nowrap\"><a name=\"http---unitsofmeasure.org-g-dL\"> </a>  g/dL</td><td>http://unitsofmeasure.org</td><td>g/dL</td></tr><tr><td style=\"white-space:nowrap\"><a name=\"http---unitsofmeasure.org-ng-L\"> </a>  ng/L</td><td>http://unitsofmeasure.org</td><td>ng/L</td></tr><tr><td style=\"white-space:nowrap\"><a name=\"http---unitsofmeasure.org-pg-L\"> </a>  pg/L</td><td>http://unitsofmeasure.org</td><td>pg/L</td></tr><tr><td style=\"white-space:nowrap\"><a name=\"http---unitsofmeasure.org-ug-L\"> </a>  ug/L</td><td>http://unitsofmeasure.org</td><td>ug/L</td></tr><tr><td style=\"white-space:nowrap\"><a name=\"http---unitsofmeasure.org-mg-L\"> </a>  mg/L</td><td>http://unitsofmeasure.org</td><td>mg/L</td></tr><tr><td style=\"white-space:nowrap\"><a name=\"http---unitsofmeasure.org-g-L\"> </a>  g/L</td><td>http://unitsofmeasure.org</td><td>g/L</td></tr><tr><td style=\"white-space:nowrap\"><a name=\"http---unitsofmeasure.org-kg-L\"> </a>  kg/L</td><td>http://unitsofmeasure.org</td><td>kg/L</td></tr><tr><td style=\"white-space:nowrap\"><a name=\"http---unitsofmeasure.org-mg-m3\"> </a>  mg/m3</td><td>http://unitsofmeasure.org</td><td>mg/m3</td></tr><tr><td style=\"white-space:nowrap\"><a name=\"http---unitsofmeasure.org-kg-m3\"> </a>  kg/m3</td><td>http://unitsofmeasure.org</td><td>kg/m3</td></tr></table></div>"
      },
      "extension" : [{
        "url" : "http://hl7.org/fhir/StructureDefinition/structuredefinition-fmm",
        "valueInteger" : 1,
        "_valueInteger" : {
          "extension" : [{
            "url" : "http://hl7.org/fhir/StructureDefinition/structuredefinition-conformance-derivedFrom",
            "valueCanonical" : "http://somewhere.org/fhir/uv/myig/ImplementationGuide/fhir.cde-catalog"
          }]
        }
      },
      {
        "url" : "http://hl7.org/fhir/StructureDefinition/structuredefinition-standards-status",
        "valueCode" : "informative",
        "_valueCode" : {
          "extension" : [{
            "url" : "http://hl7.org/fhir/StructureDefinition/structuredefinition-conformance-derivedFrom",
            "valueCanonical" : "http://somewhere.org/fhir/uv/myig/ImplementationGuide/fhir.cde-catalog"
          }]
        }
      }],
      "url" : "http://somewhere.org/fhir/uv/myig/ValueSet/vs-mass-concentration-units",
      "version" : "0.2.0",
      "name" : "VS_MassConcentrationUnits",
      "title" : "VS Mass Concentration Units",
      "status" : "active",
      "date" : "2023-03-14T20:28:45+01:00",
      "publisher" : "HL7 International - [Some] Work Group",
      "contact" : [{
        "telecom" : [{
          "system" : "url",
          "value" : "http://hl7.org/Special/committees/[something]"
        }]
      }],
      "description" : "UCUM Codes für Massenkonzentration",
      "jurisdiction" : [{
        "coding" : [{
          "system" : "http://unstats.un.org/unsd/methods/m49/m49.htm",
          "code" : "001"
        }]
      }],
      "expansion" : {
        "identifier" : "urn:uuid:ae8d240f-e21f-4fce-a627-ff73e5d0420d",
        "timestamp" : "2023-03-14T20:41:03+01:00",
        "total" : 21,
        "parameter" : [{
          "name" : "excludeNested",
          "valueBoolean" : false
        },
        {
          "name" : "limitedExpansion",
          "valueBoolean" : true
        },
        {
          "name" : "version",
          "valueUri" : "http://unitsofmeasure.org|2.0.1"
        }],
        "contains" : [{
          "system" : "http://unitsofmeasure.org",
          "code" : "pg/mL",
          "display" : "pg/mL"
        },
        {
          "system" : "http://unitsofmeasure.org",
          "code" : "ng/mL",
          "display" : "ng/mL"
        },
        {
          "system" : "http://unitsofmeasure.org",
          "code" : "ng/mL{rbc}",
          "display" : "ng/mL{rbc}"
        },
        {
          "system" : "http://unitsofmeasure.org",
          "code" : "ug/mL",
          "display" : "ug/mL"
        },
        {
          "system" : "http://unitsofmeasure.org",
          "code" : "mg/mL",
          "display" : "mg/mL"
        },
        {
          "system" : "http://unitsofmeasure.org",
          "code" : "g/mL",
          "display" : "g/mL"
        },
        {
          "system" : "http://unitsofmeasure.org",
          "code" : "pg/dL",
          "display" : "pg/dL"
        },
        {
          "system" : "http://unitsofmeasure.org",
          "code" : "ng/dL",
          "display" : "ng/dL"
        },
        {
          "system" : "http://unitsofmeasure.org",
          "code" : "ug/dL",
          "display" : "ug/dL"
        },
        {
          "system" : "http://unitsofmeasure.org",
          "code" : "ug/dL{rbc}",
          "display" : "ug/dL{rbc}"
        },
        {
          "system" : "http://unitsofmeasure.org",
          "code" : "mg/dL",
          "display" : "mg/dL"
        },
        {
          "system" : "http://unitsofmeasure.org",
          "code" : "mg{Phenylketones}/dL",
          "display" : "mg{Phenylketones}/dL"
        },
        {
          "system" : "http://unitsofmeasure.org",
          "code" : "g/dL",
          "display" : "g/dL"
        },
        {
          "system" : "http://unitsofmeasure.org",
          "code" : "ng/L",
          "display" : "ng/L"
        },
        {
          "system" : "http://unitsofmeasure.org",
          "code" : "pg/L",
          "display" : "pg/L"
        },
        {
          "system" : "http://unitsofmeasure.org",
          "code" : "ug/L",
          "display" : "ug/L"
        },
        {
          "system" : "http://unitsofmeasure.org",
          "code" : "mg/L",
          "display" : "mg/L"
        },
        {
          "system" : "http://unitsofmeasure.org",
          "code" : "g/L",
          "display" : "g/L"
        },
        {
          "system" : "http://unitsofmeasure.org",
          "code" : "kg/L",
          "display" : "kg/L"
        },
        {
          "system" : "http://unitsofmeasure.org",
          "code" : "mg/m3",
          "display" : "mg/m3"
        },
        {
          "system" : "http://unitsofmeasure.org",
          "code" : "kg/m3",
          "display" : "kg/m3"
        }]
      }
    }
  },
  {
    "fullUrl" : "http://somewhere.org/fhir/uv/myig/ValueSet/vs-mass-units",
    "resource" : {
      "resourceType" : "ValueSet",
      "id" : "vs-mass-units",
      "text" : {
        "status" : "generated",
        "div" : "<div xmlns=\"http://www.w3.org/1999/xhtml\"><p>This value set contains 10 concepts</p><p style=\"border: black 1px dotted; background-color: #EEEEEE; padding: 8px; margin-bottom: 8px\">Expansion based on UCUM version 2.0.1</p><table class=\"codes\"><tr><td style=\"white-space:nowrap\"><b>Code</b></td><td><b>System</b></td><td><b>Display</b></td></tr><tr><td style=\"white-space:nowrap\"><a name=\"http---unitsofmeasure.org-fg\"> </a>  fg</td><td>http://unitsofmeasure.org</td><td>fg</td></tr><tr><td style=\"white-space:nowrap\"><a name=\"http---unitsofmeasure.org-pg\"> </a>  pg</td><td>http://unitsofmeasure.org</td><td>pg</td></tr><tr><td style=\"white-space:nowrap\"><a name=\"http---unitsofmeasure.org-ng\"> </a>  ng</td><td>http://unitsofmeasure.org</td><td>ng</td></tr><tr><td style=\"white-space:nowrap\"><a name=\"http---unitsofmeasure.org-ug\"> </a>  ug</td><td>http://unitsofmeasure.org</td><td>ug</td></tr><tr><td style=\"white-space:nowrap\"><a name=\"http---unitsofmeasure.org-mg\"> </a>  mg</td><td>http://unitsofmeasure.org</td><td>mg</td></tr><tr><td style=\"white-space:nowrap\"><a name=\"http---unitsofmeasure.org-g\"> </a>  g</td><td>http://unitsofmeasure.org</td><td>g</td></tr><tr><td style=\"white-space:nowrap\"><a name=\"http---unitsofmeasure.org-dg\"> </a>  dg</td><td>http://unitsofmeasure.org</td><td>dg</td></tr><tr><td style=\"white-space:nowrap\"><a name=\"http---unitsofmeasure.org-cg\"> </a>  cg</td><td>http://unitsofmeasure.org</td><td>cg</td></tr><tr><td style=\"white-space:nowrap\"><a name=\"http---unitsofmeasure.org-kg\"> </a>  kg</td><td>http://unitsofmeasure.org</td><td>kg</td></tr><tr><td style=\"white-space:nowrap\"><a name=\"http---unitsofmeasure.org-t\"> </a>  t</td><td>http://unitsofmeasure.org</td><td>t</td></tr></table></div>"
      },
      "extension" : [{
        "url" : "http://hl7.org/fhir/StructureDefinition/structuredefinition-fmm",
        "valueInteger" : 1,
        "_valueInteger" : {
          "extension" : [{
            "url" : "http://hl7.org/fhir/StructureDefinition/structuredefinition-conformance-derivedFrom",
            "valueCanonical" : "http://somewhere.org/fhir/uv/myig/ImplementationGuide/fhir.cde-catalog"
          }]
        }
      },
      {
        "url" : "http://hl7.org/fhir/StructureDefinition/structuredefinition-standards-status",
        "valueCode" : "informative",
        "_valueCode" : {
          "extension" : [{
            "url" : "http://hl7.org/fhir/StructureDefinition/structuredefinition-conformance-derivedFrom",
            "valueCanonical" : "http://somewhere.org/fhir/uv/myig/ImplementationGuide/fhir.cde-catalog"
          }]
        }
      }],
      "url" : "http://somewhere.org/fhir/uv/myig/ValueSet/vs-mass-units",
      "version" : "0.2.0",
      "name" : "VS_MassUnits",
      "title" : "VS Mass Units",
      "status" : "active",
      "date" : "2023-03-14T20:28:45+01:00",
      "publisher" : "HL7 International - [Some] Work Group",
      "contact" : [{
        "telecom" : [{
          "system" : "url",
          "value" : "http://hl7.org/Special/committees/[something]"
        }]
      }],
      "description" : "UCUM Codes für 'Masse'",
      "jurisdiction" : [{
        "coding" : [{
          "system" : "http://unstats.un.org/unsd/methods/m49/m49.htm",
          "code" : "001"
        }]
      }],
      "expansion" : {
        "identifier" : "urn:uuid:1611aa06-a966-4879-baae-c789c124a177",
        "timestamp" : "2023-03-14T20:41:03+01:00",
        "total" : 10,
        "parameter" : [{
          "name" : "excludeNested",
          "valueBoolean" : false
        },
        {
          "name" : "limitedExpansion",
          "valueBoolean" : true
        },
        {
          "name" : "version",
          "valueUri" : "http://unitsofmeasure.org|2.0.1"
        }],
        "contains" : [{
          "system" : "http://unitsofmeasure.org",
          "code" : "fg",
          "display" : "fg"
        },
        {
          "system" : "http://unitsofmeasure.org",
          "code" : "pg",
          "display" : "pg"
        },
        {
          "system" : "http://unitsofmeasure.org",
          "code" : "ng",
          "display" : "ng"
        },
        {
          "system" : "http://unitsofmeasure.org",
          "code" : "ug",
          "display" : "ug"
        },
        {
          "system" : "http://unitsofmeasure.org",
          "code" : "mg",
          "display" : "mg"
        },
        {
          "system" : "http://unitsofmeasure.org",
          "code" : "g",
          "display" : "g"
        },
        {
          "system" : "http://unitsofmeasure.org",
          "code" : "dg",
          "display" : "dg"
        },
        {
          "system" : "http://unitsofmeasure.org",
          "code" : "cg",
          "display" : "cg"
        },
        {
          "system" : "http://unitsofmeasure.org",
          "code" : "kg",
          "display" : "kg"
        },
        {
          "system" : "http://unitsofmeasure.org",
          "code" : "t",
          "display" : "t"
        }]
      }
    }
  },
  {
    "fullUrl" : "http://somewhere.org/fhir/uv/myig/ValueSet/vs-molar-concentration-units",
    "resource" : {
      "resourceType" : "ValueSet",
      "id" : "vs-molar-concentration-units",
      "text" : {
        "status" : "generated",
        "div" : "<div xmlns=\"http://www.w3.org/1999/xhtml\"><p>This value set contains 15 concepts</p><p style=\"border: black 1px dotted; background-color: #EEEEEE; padding: 8px; margin-bottom: 8px\">Expansion based on UCUM version 2.0.1</p><table class=\"codes\"><tr><td style=\"white-space:nowrap\"><b>Code</b></td><td><b>System</b></td><td><b>Display</b></td></tr><tr><td style=\"white-space:nowrap\"><a name=\"http---unitsofmeasure.org-umol-L\"> </a>  umol/L</td><td>http://unitsofmeasure.org</td><td>umol/L</td></tr><tr><td style=\"white-space:nowrap\"><a name=\"http---unitsofmeasure.org-mmol-L\"> </a>  mmol/L</td><td>http://unitsofmeasure.org</td><td>mmol/L</td></tr><tr><td style=\"white-space:nowrap\"><a name=\"http---unitsofmeasure.org-fmol-mL\"> </a>  fmol/mL</td><td>http://unitsofmeasure.org</td><td>fmol/mL</td></tr><tr><td style=\"white-space:nowrap\"><a name=\"http---unitsofmeasure.org-pmol-mL\"> </a>  pmol/mL</td><td>http://unitsofmeasure.org</td><td>pmol/mL</td></tr><tr><td style=\"white-space:nowrap\"><a name=\"http---unitsofmeasure.org-nmol-mL\"> </a>  nmol/mL</td><td>http://unitsofmeasure.org</td><td>nmol/mL</td></tr><tr><td style=\"white-space:nowrap\"><a name=\"http---unitsofmeasure.org-umol-mL\"> </a>  umol/mL</td><td>http://unitsofmeasure.org</td><td>umol/mL</td></tr><tr><td style=\"white-space:nowrap\"><a name=\"http---unitsofmeasure.org-mol-mL\"> </a>  mol/mL</td><td>http://unitsofmeasure.org</td><td>mol/mL</td></tr><tr><td style=\"white-space:nowrap\"><a name=\"http---unitsofmeasure.org-pmol-dL\"> </a>  pmol/dL</td><td>http://unitsofmeasure.org</td><td>pmol/dL</td></tr><tr><td style=\"white-space:nowrap\"><a name=\"http---unitsofmeasure.org-nmol-dL\"> </a>  nmol/dL</td><td>http://unitsofmeasure.org</td><td>nmol/dL</td></tr><tr><td style=\"white-space:nowrap\"><a name=\"http---unitsofmeasure.org-umol-dL\"> </a>  umol/dL</td><td>http://unitsofmeasure.org</td><td>umol/dL</td></tr><tr><td style=\"white-space:nowrap\"><a name=\"http---unitsofmeasure.org-mmol-dL\"> </a>  mmol/dL</td><td>http://unitsofmeasure.org</td><td>mmol/dL</td></tr><tr><td style=\"white-space:nowrap\"><a name=\"http---unitsofmeasure.org-pmol-L\"> </a>  pmol/L</td><td>http://unitsofmeasure.org</td><td>pmol/L</td></tr><tr><td style=\"white-space:nowrap\"><a name=\"http---unitsofmeasure.org-nmol-L\"> </a>  nmol/L</td><td>http://unitsofmeasure.org</td><td>nmol/L</td></tr><tr><td style=\"white-space:nowrap\"><a name=\"http---unitsofmeasure.org-mol-L\"> </a>  mol/L</td><td>http://unitsofmeasure.org</td><td>mol/L</td></tr><tr><td style=\"white-space:nowrap\"><a name=\"http---unitsofmeasure.org-mol-m3\"> </a>  mol/m3</td><td>http://unitsofmeasure.org</td><td>mol/m3</td></tr></table></div>"
      },
      "extension" : [{
        "url" : "http://hl7.org/fhir/StructureDefinition/structuredefinition-fmm",
        "valueInteger" : 1,
        "_valueInteger" : {
          "extension" : [{
            "url" : "http://hl7.org/fhir/StructureDefinition/structuredefinition-conformance-derivedFrom",
            "valueCanonical" : "http://somewhere.org/fhir/uv/myig/ImplementationGuide/fhir.cde-catalog"
          }]
        }
      },
      {
        "url" : "http://hl7.org/fhir/StructureDefinition/structuredefinition-standards-status",
        "valueCode" : "informative",
        "_valueCode" : {
          "extension" : [{
            "url" : "http://hl7.org/fhir/StructureDefinition/structuredefinition-conformance-derivedFrom",
            "valueCanonical" : "http://somewhere.org/fhir/uv/myig/ImplementationGuide/fhir.cde-catalog"
          }]
        }
      }],
      "url" : "http://somewhere.org/fhir/uv/myig/ValueSet/vs-molar-concentration-units",
      "version" : "0.2.0",
      "name" : "VS_MolarConcentrationUnits",
      "title" : "VS Molar Concentration Units",
      "status" : "active",
      "date" : "2023-03-14T20:28:45+01:00",
      "publisher" : "HL7 International - [Some] Work Group",
      "contact" : [{
        "telecom" : [{
          "system" : "url",
          "value" : "http://hl7.org/Special/committees/[something]"
        }]
      }],
      "description" : "UCUM Codes für Stoffmengenkonzentration",
      "jurisdiction" : [{
        "coding" : [{
          "system" : "http://unstats.un.org/unsd/methods/m49/m49.htm",
          "code" : "001"
        }]
      }],
      "expansion" : {
        "identifier" : "urn:uuid:023861f3-0130-4eaf-89f8-7672af5fdc20",
        "timestamp" : "2023-03-14T20:41:03+01:00",
        "total" : 15,
        "parameter" : [{
          "name" : "excludeNested",
          "valueBoolean" : false
        },
        {
          "name" : "limitedExpansion",
          "valueBoolean" : true
        },
        {
          "name" : "version",
          "valueUri" : "http://unitsofmeasure.org|2.0.1"
        }],
        "contains" : [{
          "system" : "http://unitsofmeasure.org",
          "code" : "umol/L",
          "display" : "umol/L"
        },
        {
          "system" : "http://unitsofmeasure.org",
          "code" : "mmol/L",
          "display" : "mmol/L"
        },
        {
          "system" : "http://unitsofmeasure.org",
          "code" : "fmol/mL",
          "display" : "fmol/mL"
        },
        {
          "system" : "http://unitsofmeasure.org",
          "code" : "pmol/mL",
          "display" : "pmol/mL"
        },
        {
          "system" : "http://unitsofmeasure.org",
          "code" : "nmol/mL",
          "display" : "nmol/mL"
        },
        {
          "system" : "http://unitsofmeasure.org",
          "code" : "umol/mL",
          "display" : "umol/mL"
        },
        {
          "system" : "http://unitsofmeasure.org",
          "code" : "mol/mL",
          "display" : "mol/mL"
        },
        {
          "system" : "http://unitsofmeasure.org",
          "code" : "pmol/dL",
          "display" : "pmol/dL"
        },
        {
          "system" : "http://unitsofmeasure.org",
          "code" : "nmol/dL",
          "display" : "nmol/dL"
        },
        {
          "system" : "http://unitsofmeasure.org",
          "code" : "umol/dL",
          "display" : "umol/dL"
        },
        {
          "system" : "http://unitsofmeasure.org",
          "code" : "mmol/dL",
          "display" : "mmol/dL"
        },
        {
          "system" : "http://unitsofmeasure.org",
          "code" : "pmol/L",
          "display" : "pmol/L"
        },
        {
          "system" : "http://unitsofmeasure.org",
          "code" : "nmol/L",
          "display" : "nmol/L"
        },
        {
          "system" : "http://unitsofmeasure.org",
          "code" : "mol/L",
          "display" : "mol/L"
        },
        {
          "system" : "http://unitsofmeasure.org",
          "code" : "mol/m3",
          "display" : "mol/m3"
        }]
      }
    }
  },
  {
    "fullUrl" : "http://somewhere.org/fhir/uv/myig/ValueSet/vs-number-concentration-units",
    "resource" : {
      "resourceType" : "ValueSet",
      "id" : "vs-number-concentration-units",
      "text" : {
        "status" : "generated",
        "div" : "<div xmlns=\"http://www.w3.org/1999/xhtml\"><p>This value set contains 20 concepts</p><p style=\"border: black 1px dotted; background-color: #EEEEEE; padding: 8px; margin-bottom: 8px\">Expansion based on UCUM version 2.0.1</p><table class=\"codes\"><tr><td style=\"white-space:nowrap\"><b>Code</b></td><td><b>System</b></td><td><b>Display</b></td></tr><tr><td style=\"white-space:nowrap\"><a name=\"http---unitsofmeasure.org-uL\"> </a>  uL</td><td>http://unitsofmeasure.org</td><td>uL</td></tr><tr><td style=\"white-space:nowrap\"><a name=\"http---unitsofmeasure.org--Cells--uL\"> </a>  {Cells}/uL</td><td>http://unitsofmeasure.org</td><td>{Cells}/uL</td></tr><tr><td style=\"white-space:nowrap\"><a name=\"http---unitsofmeasure.org--rbc--uL\"> </a>  {rbc}/uL</td><td>http://unitsofmeasure.org</td><td>{rbc}/uL</td></tr><tr><td style=\"white-space:nowrap\"><a name=\"http---unitsofmeasure.org-10-3-uL\"> </a>  10*3/uL</td><td>http://unitsofmeasure.org</td><td>10*3/uL</td></tr><tr><td style=\"white-space:nowrap\"><a name=\"http---unitsofmeasure.org-10-6-uL\"> </a>  10*6/uL</td><td>http://unitsofmeasure.org</td><td>10*6/uL</td></tr><tr><td style=\"white-space:nowrap\"><a name=\"http---unitsofmeasure.org-10-9-uL\"> </a>  10*9/uL</td><td>http://unitsofmeasure.org</td><td>10*9/uL</td></tr><tr><td style=\"white-space:nowrap\"><a name=\"http---unitsofmeasure.org--mL\"> </a>  /mL</td><td>http://unitsofmeasure.org</td><td>/mL</td></tr><tr><td style=\"white-space:nowrap\"><a name=\"http---unitsofmeasure.org--Spermatozoa--mL\"> </a>  {Spermatozoa}/mL</td><td>http://unitsofmeasure.org</td><td>{Spermatozoa}/mL</td></tr><tr><td style=\"white-space:nowrap\"><a name=\"http---unitsofmeasure.org--Copies--mL\"> </a>  {Copies}/mL</td><td>http://unitsofmeasure.org</td><td>{Copies}/mL</td></tr><tr><td style=\"white-space:nowrap\"><a name=\"http---unitsofmeasure.org-10-3-mL\"> </a>  10*3/mL</td><td>http://unitsofmeasure.org</td><td>10*3/mL</td></tr><tr><td style=\"white-space:nowrap\"><a name=\"http---unitsofmeasure.org-10-3-Copies--mL\"> </a>  10*3{Copies}/mL</td><td>http://unitsofmeasure.org</td><td>10*3{Copies}/mL</td></tr><tr><td style=\"white-space:nowrap\"><a name=\"http---unitsofmeasure.org-10-6-mL\"> </a>  10*6/mL</td><td>http://unitsofmeasure.org</td><td>10*6/mL</td></tr><tr><td style=\"white-space:nowrap\"><a name=\"http---unitsofmeasure.org-10-9-mL\"> </a>  10*9/mL</td><td>http://unitsofmeasure.org</td><td>10*9/mL</td></tr><tr><td style=\"white-space:nowrap\"><a name=\"http---unitsofmeasure.org--cfu--mL\"> </a>  {cfu}/mL</td><td>http://unitsofmeasure.org</td><td>{cfu}/mL</td></tr><tr><td style=\"white-space:nowrap\"><a name=\"http---unitsofmeasure.org--dL\"> </a>  /dL</td><td>http://unitsofmeasure.org</td><td>/dL</td></tr><tr><td style=\"white-space:nowrap\"><a name=\"http---unitsofmeasure.org--L\"> </a>  /L</td><td>http://unitsofmeasure.org</td><td>/L</td></tr><tr><td style=\"white-space:nowrap\"><a name=\"http---unitsofmeasure.org-10-3-L\"> </a>  10*3/L</td><td>http://unitsofmeasure.org</td><td>10*3/L</td></tr><tr><td style=\"white-space:nowrap\"><a name=\"http---unitsofmeasure.org-10-6-L\"> </a>  10*6/L</td><td>http://unitsofmeasure.org</td><td>10*6/L</td></tr><tr><td style=\"white-space:nowrap\"><a name=\"http---unitsofmeasure.org-10-12-L\"> </a>  10*12/L</td><td>http://unitsofmeasure.org</td><td>10*12/L</td></tr><tr><td style=\"white-space:nowrap\"><a name=\"http---unitsofmeasure.org-10-9-L\"> </a>  10*9/L</td><td>http://unitsofmeasure.org</td><td>10*9/L</td></tr></table></div>"
      },
      "extension" : [{
        "url" : "http://hl7.org/fhir/StructureDefinition/structuredefinition-fmm",
        "valueInteger" : 1,
        "_valueInteger" : {
          "extension" : [{
            "url" : "http://hl7.org/fhir/StructureDefinition/structuredefinition-conformance-derivedFrom",
            "valueCanonical" : "http://somewhere.org/fhir/uv/myig/ImplementationGuide/fhir.cde-catalog"
          }]
        }
      },
      {
        "url" : "http://hl7.org/fhir/StructureDefinition/structuredefinition-standards-status",
        "valueCode" : "informative",
        "_valueCode" : {
          "extension" : [{
            "url" : "http://hl7.org/fhir/StructureDefinition/structuredefinition-conformance-derivedFrom",
            "valueCanonical" : "http://somewhere.org/fhir/uv/myig/ImplementationGuide/fhir.cde-catalog"
          }]
        }
      }],
      "url" : "http://somewhere.org/fhir/uv/myig/ValueSet/vs-number-concentration-units",
      "version" : "0.2.0",
      "name" : "VS_NumberConcentrationUnits",
      "title" : "VS Number Concentration Units",
      "status" : "active",
      "date" : "2023-03-14T20:28:45+01:00",
      "publisher" : "HL7 International - [Some] Work Group",
      "contact" : [{
        "telecom" : [{
          "system" : "url",
          "value" : "http://hl7.org/Special/committees/[something]"
        }]
      }],
      "description" : "UCUM Codes für 'Anzahl pro Volumen'.",
      "jurisdiction" : [{
        "coding" : [{
          "system" : "http://unstats.un.org/unsd/methods/m49/m49.htm",
          "code" : "001"
        }]
      }],
      "expansion" : {
        "identifier" : "urn:uuid:f63b9213-cddc-4831-9c8d-3d6fb9ca2f41",
        "timestamp" : "2023-03-14T20:41:03+01:00",
        "total" : 20,
        "parameter" : [{
          "name" : "excludeNested",
          "valueBoolean" : false
        },
        {
          "name" : "limitedExpansion",
          "valueBoolean" : true
        },
        {
          "name" : "version",
          "valueUri" : "http://unitsofmeasure.org|2.0.1"
        }],
        "contains" : [{
          "system" : "http://unitsofmeasure.org",
          "code" : "uL",
          "display" : "uL"
        },
        {
          "system" : "http://unitsofmeasure.org",
          "code" : "{Cells}/uL",
          "display" : "{Cells}/uL"
        },
        {
          "system" : "http://unitsofmeasure.org",
          "code" : "{rbc}/uL",
          "display" : "{rbc}/uL"
        },
        {
          "system" : "http://unitsofmeasure.org",
          "code" : "10*3/uL",
          "display" : "10*3/uL"
        },
        {
          "system" : "http://unitsofmeasure.org",
          "code" : "10*6/uL",
          "display" : "10*6/uL"
        },
        {
          "system" : "http://unitsofmeasure.org",
          "code" : "10*9/uL",
          "display" : "10*9/uL"
        },
        {
          "system" : "http://unitsofmeasure.org",
          "code" : "/mL",
          "display" : "/mL"
        },
        {
          "system" : "http://unitsofmeasure.org",
          "code" : "{Spermatozoa}/mL",
          "display" : "{Spermatozoa}/mL"
        },
        {
          "system" : "http://unitsofmeasure.org",
          "code" : "{Copies}/mL",
          "display" : "{Copies}/mL"
        },
        {
          "system" : "http://unitsofmeasure.org",
          "code" : "10*3/mL",
          "display" : "10*3/mL"
        },
        {
          "system" : "http://unitsofmeasure.org",
          "code" : "10*3{Copies}/mL",
          "display" : "10*3{Copies}/mL"
        },
        {
          "system" : "http://unitsofmeasure.org",
          "code" : "10*6/mL",
          "display" : "10*6/mL"
        },
        {
          "system" : "http://unitsofmeasure.org",
          "code" : "10*9/mL",
          "display" : "10*9/mL"
        },
        {
          "system" : "http://unitsofmeasure.org",
          "code" : "{cfu}/mL",
          "display" : "{cfu}/mL"
        },
        {
          "system" : "http://unitsofmeasure.org",
          "code" : "/dL",
          "display" : "/dL"
        },
        {
          "system" : "http://unitsofmeasure.org",
          "code" : "/L",
          "display" : "/L"
        },
        {
          "system" : "http://unitsofmeasure.org",
          "code" : "10*3/L",
          "display" : "10*3/L"
        },
        {
          "system" : "http://unitsofmeasure.org",
          "code" : "10*6/L",
          "display" : "10*6/L"
        },
        {
          "system" : "http://unitsofmeasure.org",
          "code" : "10*12/L",
          "display" : "10*12/L"
        },
        {
          "system" : "http://unitsofmeasure.org",
          "code" : "10*9/L",
          "display" : "10*9/L"
        }]
      }
    }
  },
  {
    "fullUrl" : "http://somewhere.org/fhir/uv/myig/ValueSet/vs-specimen-types",
    "resource" : {
      "resourceType" : "ValueSet",
      "id" : "vs-specimen-types",
      "text" : {
        "status" : "generated",
        "div" : "<div xmlns=\"http://www.w3.org/1999/xhtml\"><p>This value set contains 0 concepts</p><table class=\"codes\"><tr><td style=\"white-space:nowrap\"><b>Code</b></td><td><b>System</b></td><td><b>Display</b></td></tr></table></div>"
      },
      "extension" : [{
        "url" : "http://hl7.org/fhir/StructureDefinition/structuredefinition-fmm",
        "valueInteger" : 1,
        "_valueInteger" : {
          "extension" : [{
            "url" : "http://hl7.org/fhir/StructureDefinition/structuredefinition-conformance-derivedFrom",
            "valueCanonical" : "http://somewhere.org/fhir/uv/myig/ImplementationGuide/fhir.cde-catalog"
          }]
        }
      },
      {
        "url" : "http://hl7.org/fhir/StructureDefinition/structuredefinition-standards-status",
        "valueCode" : "informative",
        "_valueCode" : {
          "extension" : [{
            "url" : "http://hl7.org/fhir/StructureDefinition/structuredefinition-conformance-derivedFrom",
            "valueCanonical" : "http://somewhere.org/fhir/uv/myig/ImplementationGuide/fhir.cde-catalog"
          }]
        }
      }],
      "url" : "http://somewhere.org/fhir/uv/myig/ValueSet/vs-specimen-types",
      "version" : "0.2.0",
      "name" : "VS_SpecimenTypes",
      "title" : "VS Specimen Types",
      "status" : "active",
      "date" : "2023-03-14T20:28:45+01:00",
      "publisher" : "HL7 International - [Some] Work Group",
      "contact" : [{
        "telecom" : [{
          "system" : "url",
          "value" : "http://hl7.org/Special/committees/[something]"
        }]
      }],
      "description" : "LOINC Codes für 'Probenmaterial'",
      "jurisdiction" : [{
        "coding" : [{
          "system" : "http://unstats.un.org/unsd/methods/m49/m49.htm",
          "code" : "001"
        }]
      }],
      "expansion" : {
        "identifier" : "urn:uuid:a30cd8ce-7bef-48b6-91f5-f7da84e3199a",
        "timestamp" : "2023-03-14T20:41:04+01:00",
        "parameter" : [{
          "name" : "excludeNested",
          "valueBoolean" : false
        },
        {
          "name" : "limitedExpansion",
          "valueBoolean" : true
        }]
      }
    }
  },
  {
    "fullUrl" : "http://somewhere.org/fhir/uv/myig/ValueSet/vs-time-units",
    "resource" : {
      "resourceType" : "ValueSet",
      "id" : "vs-time-units",
      "text" : {
        "status" : "generated",
        "div" : "<div xmlns=\"http://www.w3.org/1999/xhtml\"><p>This value set contains 13 concepts</p><p style=\"border: black 1px dotted; background-color: #EEEEEE; padding: 8px; margin-bottom: 8px\">Expansion based on UCUM version 2.0.1</p><table class=\"codes\"><tr><td style=\"white-space:nowrap\"><b>Code</b></td><td><b>System</b></td><td><b>Display</b></td></tr><tr><td style=\"white-space:nowrap\"><a name=\"http---unitsofmeasure.org-ps\"> </a>  ps</td><td>http://unitsofmeasure.org</td><td>ps</td></tr><tr><td style=\"white-space:nowrap\"><a name=\"http---unitsofmeasure.org-ns\"> </a>  ns</td><td>http://unitsofmeasure.org</td><td>ns</td></tr><tr><td style=\"white-space:nowrap\"><a name=\"http---unitsofmeasure.org-us\"> </a>  us</td><td>http://unitsofmeasure.org</td><td>us</td></tr><tr><td style=\"white-space:nowrap\"><a name=\"http---unitsofmeasure.org-ms\"> </a>  ms</td><td>http://unitsofmeasure.org</td><td>ms</td></tr><tr><td style=\"white-space:nowrap\"><a name=\"http---unitsofmeasure.org-s\"> </a>  s</td><td>http://unitsofmeasure.org</td><td>s</td></tr><tr><td style=\"white-space:nowrap\"><a name=\"http---unitsofmeasure.org-ks\"> </a>  ks</td><td>http://unitsofmeasure.org</td><td>ks</td></tr><tr><td style=\"white-space:nowrap\"><a name=\"http---unitsofmeasure.org-Ms\"> </a>  Ms</td><td>http://unitsofmeasure.org</td><td>Ms</td></tr><tr><td style=\"white-space:nowrap\"><a name=\"http---unitsofmeasure.org-min\"> </a>  min</td><td>http://unitsofmeasure.org</td><td>min</td></tr><tr><td style=\"white-space:nowrap\"><a name=\"http---unitsofmeasure.org-h\"> </a>  h</td><td>http://unitsofmeasure.org</td><td>h</td></tr><tr><td style=\"white-space:nowrap\"><a name=\"http---unitsofmeasure.org-d\"> </a>  d</td><td>http://unitsofmeasure.org</td><td>d</td></tr><tr><td style=\"white-space:nowrap\"><a name=\"http---unitsofmeasure.org-wk\"> </a>  wk</td><td>http://unitsofmeasure.org</td><td>wk</td></tr><tr><td style=\"white-space:nowrap\"><a name=\"http---unitsofmeasure.org-mo\"> </a>  mo</td><td>http://unitsofmeasure.org</td><td>mo</td></tr><tr><td style=\"white-space:nowrap\"><a name=\"http---unitsofmeasure.org-a\"> </a>  a</td><td>http://unitsofmeasure.org</td><td>a</td></tr></table></div>"
      },
      "extension" : [{
        "url" : "http://hl7.org/fhir/StructureDefinition/structuredefinition-fmm",
        "valueInteger" : 1,
        "_valueInteger" : {
          "extension" : [{
            "url" : "http://hl7.org/fhir/StructureDefinition/structuredefinition-conformance-derivedFrom",
            "valueCanonical" : "http://somewhere.org/fhir/uv/myig/ImplementationGuide/fhir.cde-catalog"
          }]
        }
      },
      {
        "url" : "http://hl7.org/fhir/StructureDefinition/structuredefinition-standards-status",
        "valueCode" : "informative",
        "_valueCode" : {
          "extension" : [{
            "url" : "http://hl7.org/fhir/StructureDefinition/structuredefinition-conformance-derivedFrom",
            "valueCanonical" : "http://somewhere.org/fhir/uv/myig/ImplementationGuide/fhir.cde-catalog"
          }]
        }
      }],
      "url" : "http://somewhere.org/fhir/uv/myig/ValueSet/vs-time-units",
      "version" : "0.2.0",
      "name" : "VS_TimeUnits",
      "title" : "VS Time Units",
      "status" : "active",
      "date" : "2023-03-14T20:28:45+01:00",
      "publisher" : "HL7 International - [Some] Work Group",
      "contact" : [{
        "telecom" : [{
          "system" : "url",
          "value" : "http://hl7.org/Special/committees/[something]"
        }]
      }],
      "description" : "UCUM Codes für 'Zeit'",
      "jurisdiction" : [{
        "coding" : [{
          "system" : "http://unstats.un.org/unsd/methods/m49/m49.htm",
          "code" : "001"
        }]
      }],
      "expansion" : {
        "identifier" : "urn:uuid:9e65c293-e0c9-4c88-92a5-dbb84e416e9c",
        "timestamp" : "2023-03-14T20:41:04+01:00",
        "total" : 13,
        "parameter" : [{
          "name" : "excludeNested",
          "valueBoolean" : false
        },
        {
          "name" : "limitedExpansion",
          "valueBoolean" : true
        },
        {
          "name" : "version",
          "valueUri" : "http://unitsofmeasure.org|2.0.1"
        }],
        "contains" : [{
          "system" : "http://unitsofmeasure.org",
          "code" : "ps",
          "display" : "ps"
        },
        {
          "system" : "http://unitsofmeasure.org",
          "code" : "ns",
          "display" : "ns"
        },
        {
          "system" : "http://unitsofmeasure.org",
          "code" : "us",
          "display" : "us"
        },
        {
          "system" : "http://unitsofmeasure.org",
          "code" : "ms",
          "display" : "ms"
        },
        {
          "system" : "http://unitsofmeasure.org",
          "code" : "s",
          "display" : "s"
        },
        {
          "system" : "http://unitsofmeasure.org",
          "code" : "ks",
          "display" : "ks"
        },
        {
          "system" : "http://unitsofmeasure.org",
          "code" : "Ms",
          "display" : "Ms"
        },
        {
          "system" : "http://unitsofmeasure.org",
          "code" : "min",
          "display" : "min"
        },
        {
          "system" : "http://unitsofmeasure.org",
          "code" : "h",
          "display" : "h"
        },
        {
          "system" : "http://unitsofmeasure.org",
          "code" : "d",
          "display" : "d"
        },
        {
          "system" : "http://unitsofmeasure.org",
          "code" : "wk",
          "display" : "wk"
        },
        {
          "system" : "http://unitsofmeasure.org",
          "code" : "mo",
          "display" : "mo"
        },
        {
          "system" : "http://unitsofmeasure.org",
          "code" : "a",
          "display" : "a"
        }]
      }
    }
  },
  {
    "fullUrl" : "http://somewhere.org/fhir/uv/myig/ValueSet/vs-unity-units",
    "resource" : {
      "resourceType" : "ValueSet",
      "id" : "vs-unity-units",
      "text" : {
        "status" : "generated",
        "div" : "<div xmlns=\"http://www.w3.org/1999/xhtml\"><p>This value set contains 7 concepts</p><p style=\"border: black 1px dotted; background-color: #EEEEEE; padding: 8px; margin-bottom: 8px\">Expansion based on UCUM version 2.0.1</p><table class=\"codes\"><tr><td style=\"white-space:nowrap\"><b>Code</b></td><td><b>System</b></td><td><b>Display</b></td></tr><tr><td style=\"white-space:nowrap\"><a name=\"http---unitsofmeasure.org-10-6--Specimen-\"> </a>  10*6/{Specimen}</td><td>http://unitsofmeasure.org</td><td>10*6/{Specimen}</td></tr><tr><td style=\"white-space:nowrap\"><a name=\"http---unitsofmeasure.org---tot-\"> </a>  /{tot}</td><td>http://unitsofmeasure.org</td><td>/{tot}</td></tr><tr><td style=\"white-space:nowrap\"><a name=\"http---unitsofmeasure.org-10-3\"> </a>  10*3</td><td>http://unitsofmeasure.org</td><td>10*3</td></tr><tr><td style=\"white-space:nowrap\"><a name=\"http---unitsofmeasure.org-10-3.-RBC-\"> </a>  10*3.{RBC}</td><td>http://unitsofmeasure.org</td><td>10*3.{RBC}</td></tr><tr><td style=\"white-space:nowrap\"><a name=\"http---unitsofmeasure.org-10-5\"> </a>  10*5</td><td>http://unitsofmeasure.org</td><td>10*5</td></tr><tr><td style=\"white-space:nowrap\"><a name=\"http---unitsofmeasure.org-10-6\"> </a>  10*6</td><td>http://unitsofmeasure.org</td><td>10*6</td></tr><tr><td style=\"white-space:nowrap\"><a name=\"http---unitsofmeasure.org-10-8\"> </a>  10*8</td><td>http://unitsofmeasure.org</td><td>10*8</td></tr></table></div>"
      },
      "extension" : [{
        "url" : "http://hl7.org/fhir/StructureDefinition/structuredefinition-fmm",
        "valueInteger" : 1,
        "_valueInteger" : {
          "extension" : [{
            "url" : "http://hl7.org/fhir/StructureDefinition/structuredefinition-conformance-derivedFrom",
            "valueCanonical" : "http://somewhere.org/fhir/uv/myig/ImplementationGuide/fhir.cde-catalog"
          }]
        }
      },
      {
        "url" : "http://hl7.org/fhir/StructureDefinition/structuredefinition-standards-status",
        "valueCode" : "informative",
        "_valueCode" : {
          "extension" : [{
            "url" : "http://hl7.org/fhir/StructureDefinition/structuredefinition-conformance-derivedFrom",
            "valueCanonical" : "http://somewhere.org/fhir/uv/myig/ImplementationGuide/fhir.cde-catalog"
          }]
        }
      }],
      "url" : "http://somewhere.org/fhir/uv/myig/ValueSet/vs-unity-units",
      "version" : "0.2.0",
      "name" : "VS_UnityUnits",
      "title" : "VS Unity Units",
      "status" : "active",
      "date" : "2023-03-14T20:28:45+01:00",
      "publisher" : "HL7 International - [Some] Work Group",
      "contact" : [{
        "telecom" : [{
          "system" : "url",
          "value" : "http://hl7.org/Special/committees/[something]"
        }]
      }],
      "description" : "UCUM Codes für Gesamtheit (auch 'Eins-Element').",
      "jurisdiction" : [{
        "coding" : [{
          "system" : "http://unstats.un.org/unsd/methods/m49/m49.htm",
          "code" : "001"
        }]
      }],
      "expansion" : {
        "identifier" : "urn:uuid:22c9959b-4e17-4ab2-9bcd-0e3786dba7d1",
        "timestamp" : "2023-03-14T20:41:04+01:00",
        "total" : 7,
        "parameter" : [{
          "name" : "excludeNested",
          "valueBoolean" : false
        },
        {
          "name" : "limitedExpansion",
          "valueBoolean" : true
        },
        {
          "name" : "version",
          "valueUri" : "http://unitsofmeasure.org|2.0.1"
        }],
        "contains" : [{
          "system" : "http://unitsofmeasure.org",
          "code" : "10*6/{Specimen}",
          "display" : "10*6/{Specimen}"
        },
        {
          "system" : "http://unitsofmeasure.org",
          "code" : "/{tot}",
          "display" : "/{tot}"
        },
        {
          "system" : "http://unitsofmeasure.org",
          "code" : "10*3",
          "display" : "10*3"
        },
        {
          "system" : "http://unitsofmeasure.org",
          "code" : "10*3.{RBC}",
          "display" : "10*3.{RBC}"
        },
        {
          "system" : "http://unitsofmeasure.org",
          "code" : "10*5",
          "display" : "10*5"
        },
        {
          "system" : "http://unitsofmeasure.org",
          "code" : "10*6",
          "display" : "10*6"
        },
        {
          "system" : "http://unitsofmeasure.org",
          "code" : "10*8",
          "display" : "10*8"
        }]
      }
    }
  }]
}