{"resourceType":"ImplementationGuide","id":"fhir.cde-catalog","text":{"status":"extensions","div":"<div xmlns=\"http://www.w3.org/1999/xhtml\"><h2>CDEKatalog</h2><p>The official URL for this implementation guide is: </p><pre>http://somewhere.org/fhir/uv/myig/ImplementationGuide/fhir.cde-catalog</pre><div><p>A brief description of what MyIG is about (probably the same text as in your readme)</p>\n</div></div>"},"extension":[{"url":"http://hl7.org/fhir/StructureDefinition/structuredefinition-standards-status","valueCode":"informative"},{"url":"http://hl7.org/fhir/StructureDefinition/structuredefinition-fmm","valueInteger":1}],"url":"http://somewhere.org/fhir/uv/myig/ImplementationGuide/fhir.cde-catalog","version":"0.2.0","name":"CDEKatalog","title":"Common Data Element Katalog","status":"draft","experimental":false,"date":"2023-03-04T03:06:34+01:00","publisher":"HL7 International - [Some] Work Group","contact":[{"telecom":[{"system":"url","value":"http://hl7.org/Special/committees/[something]"}]}],"description":"A brief description of what MyIG is about (probably the same text as in your readme)","jurisdiction":[{"coding":[{"system":"http://unstats.un.org/unsd/methods/m49/m49.htm","code":"001"}]}],"packageId":"fhir.cde-catalog","license":"CC0-1.0","fhirVersion":["4.0.1"],"dependsOn":[{"id":"hl7tx","extension":[{"url":"http://hl7.org/fhir/tools/StructureDefinition/implementationguide-dependency-comment","valueMarkdown":"Automatically added as a dependency - all IGs depend on HL7 Terminology"}],"uri":"http://terminology.hl7.org/ImplementationGuide/hl7.terminology","packageId":"hl7.terminology.r4","version":"5.0.0"}],"definition":{"extension":[{"extension":[{"url":"code","valueString":"copyrightyear"},{"url":"value","valueString":"2023+"}],"url":"http://hl7.org/fhir/tools/StructureDefinition/ig-parameter"},{"extension":[{"url":"code","valueString":"releaselabel"},{"url":"value","valueString":"CI Build"}],"url":"http://hl7.org/fhir/tools/StructureDefinition/ig-parameter"},{"extension":[{"url":"code","valueString":"path-binary"},{"url":"value","valueString":"input\\cql"}],"url":"http://hl7.org/fhir/tools/StructureDefinition/ig-parameter"},{"extension":[{"url":"code","valueString":"path-liquid"},{"url":"value","valueString":"templates\\liquid"}],"url":"http://hl7.org/fhir/tools/StructureDefinition/ig-parameter"},{"extension":[{"url":"code","valueString":"shownav"},{"url":"value","valueString":"true"}],"url":"http://hl7.org/fhir/tools/StructureDefinition/ig-parameter"},{"extension":[{"url":"code","valueString":"showsource"},{"url":"value","valueString":"true"}],"url":"http://hl7.org/fhir/tools/StructureDefinition/ig-parameter"},{"extension":[{"url":"code","valueString":"autoload-resources"},{"url":"value","valueString":"true"}],"url":"http://hl7.org/fhir/tools/StructureDefinition/ig-parameter"},{"extension":[{"url":"code","valueString":"path-liquid"},{"url":"value","valueString":"template/liquid"}],"url":"http://hl7.org/fhir/tools/StructureDefinition/ig-parameter"},{"extension":[{"url":"code","valueString":"path-liquid"},{"url":"value","valueString":"input/liquid"}],"url":"http://hl7.org/fhir/tools/StructureDefinition/ig-parameter"},{"extension":[{"url":"code","valueString":"path-qa"},{"url":"value","valueString":"temp/qa"}],"url":"http://hl7.org/fhir/tools/StructureDefinition/ig-parameter"},{"extension":[{"url":"code","valueString":"path-temp"},{"url":"value","valueString":"temp/pages"}],"url":"http://hl7.org/fhir/tools/StructureDefinition/ig-parameter"},{"extension":[{"url":"code","valueString":"path-output"},{"url":"value","valueString":"output"}],"url":"http://hl7.org/fhir/tools/StructureDefinition/ig-parameter"},{"extension":[{"url":"code","valueString":"path-suppressed-warnings"},{"url":"value","valueString":"input/ignoreWarnings.txt"}],"url":"http://hl7.org/fhir/tools/StructureDefinition/ig-parameter"},{"extension":[{"url":"code","valueString":"path-history"},{"url":"value","valueString":"http://somewhere.org/fhir/uv/myig/history.html"}],"url":"http://hl7.org/fhir/tools/StructureDefinition/ig-parameter"},{"extension":[{"url":"code","valueString":"template-html"},{"url":"value","valueString":"template-page.html"}],"url":"http://hl7.org/fhir/tools/StructureDefinition/ig-parameter"},{"extension":[{"url":"code","valueString":"template-md"},{"url":"value","valueString":"template-page-md.html"}],"url":"http://hl7.org/fhir/tools/StructureDefinition/ig-parameter"},{"extension":[{"url":"code","valueString":"apply-contact"},{"url":"value","valueString":"true"}],"url":"http://hl7.org/fhir/tools/StructureDefinition/ig-parameter"},{"extension":[{"url":"code","valueString":"apply-context"},{"url":"value","valueString":"true"}],"url":"http://hl7.org/fhir/tools/StructureDefinition/ig-parameter"},{"extension":[{"url":"code","valueString":"apply-copyright"},{"url":"value","valueString":"true"}],"url":"http://hl7.org/fhir/tools/StructureDefinition/ig-parameter"},{"extension":[{"url":"code","valueString":"apply-jurisdiction"},{"url":"value","valueString":"true"}],"url":"http://hl7.org/fhir/tools/StructureDefinition/ig-parameter"},{"extension":[{"url":"code","valueString":"apply-license"},{"url":"value","valueString":"true"}],"url":"http://hl7.org/fhir/tools/StructureDefinition/ig-parameter"},{"extension":[{"url":"code","valueString":"apply-publisher"},{"url":"value","valueString":"true"}],"url":"http://hl7.org/fhir/tools/StructureDefinition/ig-parameter"},{"extension":[{"url":"code","valueString":"apply-version"},{"url":"value","valueString":"true"}],"url":"http://hl7.org/fhir/tools/StructureDefinition/ig-parameter"},{"extension":[{"url":"code","valueString":"active-tables"},{"url":"value","valueString":"true"}],"url":"http://hl7.org/fhir/tools/StructureDefinition/ig-parameter"},{"extension":[{"url":"code","valueString":"fmm-definition"},{"url":"value","valueString":"http://hl7.org/fhir/versions.html#maturity"}],"url":"http://hl7.org/fhir/tools/StructureDefinition/ig-parameter"},{"extension":[{"url":"code","valueString":"propagate-status"},{"url":"value","valueString":"true"}],"url":"http://hl7.org/fhir/tools/StructureDefinition/ig-parameter"},{"extension":[{"url":"code","valueString":"excludelogbinaryformat"},{"url":"value","valueString":"true"}],"url":"http://hl7.org/fhir/tools/StructureDefinition/ig-parameter"},{"extension":[{"url":"code","valueString":"tabbed-snapshots"},{"url":"value","valueString":"true"}],"url":"http://hl7.org/fhir/tools/StructureDefinition/ig-parameter"},{"extension":[{"url":"code","valueString":"copyrightyear"},{"url":"value","valueString":"2023+"}],"url":"http://hl7.org/fhir/tools/StructureDefinition/ig-parameter"},{"extension":[{"url":"code","valueString":"releaselabel"},{"url":"value","valueString":"CI Build"}],"url":"http://hl7.org/fhir/tools/StructureDefinition/ig-parameter"},{"extension":[{"url":"code","valueString":"path-binary"},{"url":"value","valueString":"input\\cql"}],"url":"http://hl7.org/fhir/tools/StructureDefinition/ig-parameter"},{"extension":[{"url":"code","valueString":"path-liquid"},{"url":"value","valueString":"templates\\liquid"}],"url":"http://hl7.org/fhir/tools/StructureDefinition/ig-parameter"},{"extension":[{"url":"code","valueString":"shownav"},{"url":"value","valueString":"true"}],"url":"http://hl7.org/fhir/tools/StructureDefinition/ig-parameter"},{"extension":[{"url":"code","valueString":"showsource"},{"url":"value","valueString":"true"}],"url":"http://hl7.org/fhir/tools/StructureDefinition/ig-parameter"},{"extension":[{"url":"code","valueString":"autoload-resources"},{"url":"value","valueString":"true"}],"url":"http://hl7.org/fhir/tools/StructureDefinition/ig-parameter"},{"extension":[{"url":"code","valueString":"path-liquid"},{"url":"value","valueString":"template/liquid"}],"url":"http://hl7.org/fhir/tools/StructureDefinition/ig-parameter"},{"extension":[{"url":"code","valueString":"path-liquid"},{"url":"value","valueString":"input/liquid"}],"url":"http://hl7.org/fhir/tools/StructureDefinition/ig-parameter"},{"extension":[{"url":"code","valueString":"path-qa"},{"url":"value","valueString":"temp/qa"}],"url":"http://hl7.org/fhir/tools/StructureDefinition/ig-parameter"},{"extension":[{"url":"code","valueString":"path-temp"},{"url":"value","valueString":"temp/pages"}],"url":"http://hl7.org/fhir/tools/StructureDefinition/ig-parameter"},{"extension":[{"url":"code","valueString":"path-output"},{"url":"value","valueString":"output"}],"url":"http://hl7.org/fhir/tools/StructureDefinition/ig-parameter"},{"extension":[{"url":"code","valueString":"path-suppressed-warnings"},{"url":"value","valueString":"input/ignoreWarnings.txt"}],"url":"http://hl7.org/fhir/tools/StructureDefinition/ig-parameter"},{"extension":[{"url":"code","valueString":"path-history"},{"url":"value","valueString":"http://somewhere.org/fhir/uv/myig/history.html"}],"url":"http://hl7.org/fhir/tools/StructureDefinition/ig-parameter"},{"extension":[{"url":"code","valueString":"template-html"},{"url":"value","valueString":"template-page.html"}],"url":"http://hl7.org/fhir/tools/StructureDefinition/ig-parameter"},{"extension":[{"url":"code","valueString":"template-md"},{"url":"value","valueString":"template-page-md.html"}],"url":"http://hl7.org/fhir/tools/StructureDefinition/ig-parameter"},{"extension":[{"url":"code","valueString":"apply-contact"},{"url":"value","valueString":"true"}],"url":"http://hl7.org/fhir/tools/StructureDefinition/ig-parameter"},{"extension":[{"url":"code","valueString":"apply-context"},{"url":"value","valueString":"true"}],"url":"http://hl7.org/fhir/tools/StructureDefinition/ig-parameter"},{"extension":[{"url":"code","valueString":"apply-copyright"},{"url":"value","valueString":"true"}],"url":"http://hl7.org/fhir/tools/StructureDefinition/ig-parameter"},{"extension":[{"url":"code","valueString":"apply-jurisdiction"},{"url":"value","valueString":"true"}],"url":"http://hl7.org/fhir/tools/StructureDefinition/ig-parameter"},{"extension":[{"url":"code","valueString":"apply-license"},{"url":"value","valueString":"true"}],"url":"http://hl7.org/fhir/tools/StructureDefinition/ig-parameter"},{"extension":[{"url":"code","valueString":"apply-publisher"},{"url":"value","valueString":"true"}],"url":"http://hl7.org/fhir/tools/StructureDefinition/ig-parameter"},{"extension":[{"url":"code","valueString":"apply-version"},{"url":"value","valueString":"true"}],"url":"http://hl7.org/fhir/tools/StructureDefinition/ig-parameter"},{"extension":[{"url":"code","valueString":"active-tables"},{"url":"value","valueString":"true"}],"url":"http://hl7.org/fhir/tools/StructureDefinition/ig-parameter"},{"extension":[{"url":"code","valueString":"fmm-definition"},{"url":"value","valueString":"http://hl7.org/fhir/versions.html#maturity"}],"url":"http://hl7.org/fhir/tools/StructureDefinition/ig-parameter"},{"extension":[{"url":"code","valueString":"propagate-status"},{"url":"value","valueString":"true"}],"url":"http://hl7.org/fhir/tools/StructureDefinition/ig-parameter"},{"extension":[{"url":"code","valueString":"excludelogbinaryformat"},{"url":"value","valueString":"true"}],"url":"http://hl7.org/fhir/tools/StructureDefinition/ig-parameter"},{"extension":[{"url":"code","valueString":"tabbed-snapshots"},{"url":"value","valueString":"true"}],"url":"http://hl7.org/fhir/tools/StructureDefinition/ig-parameter"},{"extension":[{"url":"code","valueString":"copyrightyear"},{"url":"value","valueString":"2023+"}],"url":"http://hl7.org/fhir/tools/StructureDefinition/ig-parameter"},{"extension":[{"url":"code","valueString":"releaselabel"},{"url":"value","valueString":"CI Build"}],"url":"http://hl7.org/fhir/tools/StructureDefinition/ig-parameter"},{"extension":[{"url":"code","valueString":"path-binary"},{"url":"value","valueString":"input\\cql"}],"url":"http://hl7.org/fhir/tools/StructureDefinition/ig-parameter"},{"extension":[{"url":"code","valueString":"path-liquid"},{"url":"value","valueString":"templates\\liquid"}],"url":"http://hl7.org/fhir/tools/StructureDefinition/ig-parameter"},{"extension":[{"url":"code","valueString":"shownav"},{"url":"value","valueString":"true"}],"url":"http://hl7.org/fhir/tools/StructureDefinition/ig-parameter"},{"extension":[{"url":"code","valueString":"showsource"},{"url":"value","valueString":"true"}],"url":"http://hl7.org/fhir/tools/StructureDefinition/ig-parameter"},{"extension":[{"url":"code","valueString":"autoload-resources"},{"url":"value","valueString":"true"}],"url":"http://hl7.org/fhir/tools/StructureDefinition/ig-parameter"},{"extension":[{"url":"code","valueString":"path-liquid"},{"url":"value","valueString":"template/liquid"}],"url":"http://hl7.org/fhir/tools/StructureDefinition/ig-parameter"},{"extension":[{"url":"code","valueString":"path-liquid"},{"url":"value","valueString":"input/liquid"}],"url":"http://hl7.org/fhir/tools/StructureDefinition/ig-parameter"},{"extension":[{"url":"code","valueString":"path-qa"},{"url":"value","valueString":"temp/qa"}],"url":"http://hl7.org/fhir/tools/StructureDefinition/ig-parameter"},{"extension":[{"url":"code","valueString":"path-temp"},{"url":"value","valueString":"temp/pages"}],"url":"http://hl7.org/fhir/tools/StructureDefinition/ig-parameter"},{"extension":[{"url":"code","valueString":"path-output"},{"url":"value","valueString":"output"}],"url":"http://hl7.org/fhir/tools/StructureDefinition/ig-parameter"},{"extension":[{"url":"code","valueString":"path-suppressed-warnings"},{"url":"value","valueString":"input/ignoreWarnings.txt"}],"url":"http://hl7.org/fhir/tools/StructureDefinition/ig-parameter"},{"extension":[{"url":"code","valueString":"path-history"},{"url":"value","valueString":"http://somewhere.org/fhir/uv/myig/history.html"}],"url":"http://hl7.org/fhir/tools/StructureDefinition/ig-parameter"},{"extension":[{"url":"code","valueString":"template-html"},{"url":"value","valueString":"template-page.html"}],"url":"http://hl7.org/fhir/tools/StructureDefinition/ig-parameter"},{"extension":[{"url":"code","valueString":"template-md"},{"url":"value","valueString":"template-page-md.html"}],"url":"http://hl7.org/fhir/tools/StructureDefinition/ig-parameter"},{"extension":[{"url":"code","valueString":"apply-contact"},{"url":"value","valueString":"true"}],"url":"http://hl7.org/fhir/tools/StructureDefinition/ig-parameter"},{"extension":[{"url":"code","valueString":"apply-context"},{"url":"value","valueString":"true"}],"url":"http://hl7.org/fhir/tools/StructureDefinition/ig-parameter"},{"extension":[{"url":"code","valueString":"apply-copyright"},{"url":"value","valueString":"true"}],"url":"http://hl7.org/fhir/tools/StructureDefinition/ig-parameter"},{"extension":[{"url":"code","valueString":"apply-jurisdiction"},{"url":"value","valueString":"true"}],"url":"http://hl7.org/fhir/tools/StructureDefinition/ig-parameter"},{"extension":[{"url":"code","valueString":"apply-license"},{"url":"value","valueString":"true"}],"url":"http://hl7.org/fhir/tools/StructureDefinition/ig-parameter"},{"extension":[{"url":"code","valueString":"apply-publisher"},{"url":"value","valueString":"true"}],"url":"http://hl7.org/fhir/tools/StructureDefinition/ig-parameter"},{"extension":[{"url":"code","valueString":"apply-version"},{"url":"value","valueString":"true"}],"url":"http://hl7.org/fhir/tools/StructureDefinition/ig-parameter"},{"extension":[{"url":"code","valueString":"active-tables"},{"url":"value","valueString":"true"}],"url":"http://hl7.org/fhir/tools/StructureDefinition/ig-parameter"},{"extension":[{"url":"code","valueString":"fmm-definition"},{"url":"value","valueString":"http://hl7.org/fhir/versions.html#maturity"}],"url":"http://hl7.org/fhir/tools/StructureDefinition/ig-parameter"},{"extension":[{"url":"code","valueString":"propagate-status"},{"url":"value","valueString":"true"}],"url":"http://hl7.org/fhir/tools/StructureDefinition/ig-parameter"},{"extension":[{"url":"code","valueString":"excludelogbinaryformat"},{"url":"value","valueString":"true"}],"url":"http://hl7.org/fhir/tools/StructureDefinition/ig-parameter"},{"extension":[{"url":"code","valueString":"tabbed-snapshots"},{"url":"value","valueString":"true"}],"url":"http://hl7.org/fhir/tools/StructureDefinition/ig-parameter"}],"grouping":[{"id":"-ka-library","name":"Knowledge Artifacts: Libraries","description":"These define logic, asset collections and other libraries as part of content in this implementation guide."},{"id":"-str-logicalmodel","name":"Structures: Logical Models","description":"These define data models that represent the domain covered by this implementation guide in more business-friendly terms than the underlying FHIR resources."},{"id":"-str-abstractprofile","name":"Structures: Abstract Profiles","description":"These are profiles on resources or data types that describe patterns used by other profiles, but cannot be instantiated directly.  I.e. instances can conform to profiles *based* on these abstract profiles, but do not declare conformance to the abstract profiles themselves."},{"id":"-str-profile","name":"Structures: Resource Profiles","description":"These define constraints on FHIR resources for systems conforming to this implementation guide."},{"id":"-str-extension","name":"Structures: Extension Definitions","description":"These define constraints on FHIR data types for systems conforming to this implementation guide."},{"id":"-term-valueset","name":"Terminology: Value Sets","description":"These define sets of codes used by systems conforming to this implementation guide."},{"id":"-term-codesystem","name":"Terminology: Code Systems","description":"These define new code systems used by systems conforming to this implementation guide."},{"id":"-ex-example","name":"Example: Example Instances","description":"These are example instances that show what data produced and consumed by systems conforming with this implementation guide might look like."},{"id":"-other","name":"Other","description":"These are resources that are used within this implementation guide that do not fit into one of the other categories."}],"resource":[{"extension":[{"url":"http://hl7.org/fhir/StructureDefinition/implementationguide-page","valueUri":"StructureDefinition-mypatient.html"}],"reference":{"reference":"StructureDefinition/mypatient"},"name":"My Favorite Patient Profile","description":"Overriding description because we can","groupingId":"-str-profile"},{"extension":[{"url":"http://hl7.org/fhir/StructureDefinition/implementationguide-page","valueUri":"StructureDefinition-MyLogical.html"}],"reference":{"reference":"StructureDefinition/MyLogical"},"name":"My Logical Model","description":"Logical Model","groupingId":"-str-logicalmodel"},{"extension":[{"url":"http://hl7.org/fhir/StructureDefinition/implementationguide-page","valueUri":"Library-example-sql.html"}],"reference":{"reference":"Library/example-sql"},"name":"Example Library","description":"A test example","groupingId":"-ka-library"},{"extension":[{"url":"http://hl7.org/fhir/StructureDefinition/implementationguide-page","valueUri":"Library-example-image.html"}],"reference":{"reference":"Library/example-image"},"name":"Example Library Image","description":"A test image example","groupingId":"-ka-library"},{"extension":[{"url":"http://hl7.org/fhir/StructureDefinition/implementationguide-page","valueUri":"Patient-example.html"}],"reference":{"reference":"Patient/example"},"name":"Simple patient example","description":"A simple example showing how examples are defined and referenced","exampleCanonical":"http://somewhere.org/fhir/uv/myig/StructureDefinition/mypatient","groupingId":"-ex-example"},{"extension":[{"url":"http://hl7.org/fhir/StructureDefinition/implementationguide-page","valueUri":"Observation-example.html"}],"reference":{"reference":"Observation/example"},"name":"Observation patient example","description":"Example showing slicing","exampleCanonical":"http://somewhere.org/fhir/uv/myig/StructureDefinition/myObservation","groupingId":"-ex-example"},{"extension":[{"url":"http://hl7.org/fhir/StructureDefinition/implementationguide-page","valueUri":"Binary-example.html"}],"reference":{"reference":"Binary/example"},"name":"Example binary","description":"Example showing binary content","groupingId":"-other"},{"extension":[{"url":"http://hl7.org/fhir/StructureDefinition/implementationguide-resource-format","valueCode":"application/xml"},{"url":"http://hl7.org/fhir/StructureDefinition/implementationguide-page","valueUri":"Binary-logical-example.html"}],"reference":{"reference":"Binary/logical-example"},"name":"Example of Logical Model","description":"Example showing example content for a logical model","exampleCanonical":"http://somewhere.org/fhir/uv/myig/StructureDefinition/MyLogical","groupingId":"-ex-example"},{"extension":[{"url":"http://hl7.org/fhir/StructureDefinition/implementationguide-resource-format","valueCode":"image/jpeg"},{"url":"http://hl7.org/fhir/StructureDefinition/implementationguide-page","valueUri":"Binary-image-example.html"}],"reference":{"reference":"Binary/image-example"},"name":"Example of Binary Image","description":"Example showing example content for an image","groupingId":"-other"},{"extension":[{"url":"http://hl7.org/fhir/StructureDefinition/implementationguide-page","valueUri":"ValueSet-valueset-no-codesystem.html"}],"reference":{"reference":"ValueSet/valueset-no-codesystem"},"name":"Value set for no code system","description":"A sample value set where there's no known code system","groupingId":"-term-valueset"},{"reference":{"reference":"Bundle/h1"}},{"extension":[{"url":"http://hl7.org/fhir/StructureDefinition/implementationguide-page","valueUri":"Library-example.html"}],"reference":{"reference":"Library/example"},"name":"Example CQL Library","description":"Some example library","groupingId":"-ka-library"},{"extension":[{"url":"http://hl7.org/fhir/StructureDefinition/implementationguide-page","valueUri":"CodeSystem-cs-fake.html"}],"reference":{"reference":"CodeSystem/cs-fake"},"name":"CodeSystem fake","description":"A fake code system","groupingId":"-term-codesystem"},{"extension":[{"url":"http://hl7.org/fhir/StructureDefinition/implementationguide-page","valueUri":"StructureDefinition-myObservation.html"}],"reference":{"reference":"StructureDefinition/myObservation"},"name":"My Observation Profile","description":"A profile showing the use of XML to author profiles","groupingId":"-str-profile"},{"extension":[{"url":"http://hl7.org/fhir/StructureDefinition/implementationguide-page","valueUri":"ValueSet-valueset-fake.html"}],"reference":{"reference":"ValueSet/valueset-fake"},"name":"ValueSet fake","description":"A fake value","groupingId":"-term-valueset"},{"extension":[{"url":"http://hl7.org/fhir/StructureDefinition/implementationguide-page","valueUri":"StructureDefinition-cde-age-at-diagnosis-of-essential-hypertension.html"}],"reference":{"reference":"StructureDefinition/cde-age-at-diagnosis-of-essential-hypertension"},"name":"CDE Age At Diagnosis Of Essential Hypertension","description":"Dieses CDE enthält das Alter einer Person zum Zeitpunkt der Diagnose 'Essenzielle (primäre) Hypertonie'.","groupingId":"-str-profile"},{"extension":[{"url":"http://hl7.org/fhir/StructureDefinition/implementationguide-page","valueUri":"StructureDefinition-cde-age-at-stopped-smoking.html"}],"reference":{"reference":"StructureDefinition/cde-age-at-stopped-smoking"},"name":"CDE Age At Stopped Smoking","description":"Dieses CDE enthält das 'Alter' in dem eine Person mit dem Rauchen aufgehört hat.","groupingId":"-str-profile"},{"extension":[{"url":"http://hl7.org/fhir/StructureDefinition/implementationguide-page","valueUri":"StructureDefinition-cde-age.html"}],"reference":{"reference":"StructureDefinition/cde-age"},"name":"CDE Age","description":"Dieses CDE enthält das 'Alter'.","groupingId":"-str-profile"},{"extension":[{"url":"http://hl7.org/fhir/StructureDefinition/implementationguide-page","valueUri":"StructureDefinition-cde-birth-date.html"}],"reference":{"reference":"StructureDefinition/cde-birth-date"},"name":"CDE Birth Date","description":"Dieses CDE enthält das 'Geburtsdatum'.","groupingId":"-str-profile"},{"extension":[{"url":"http://hl7.org/fhir/StructureDefinition/implementationguide-page","valueUri":"StructureDefinition-cde-blood-pressure-diastolic.html"}],"reference":{"reference":"StructureDefinition/cde-blood-pressure-diastolic"},"name":"CDE Blood Pressure Diastolic","description":"Dieses CDE enthät den 'systolischen Blutdruck'.","groupingId":"-str-profile"},{"extension":[{"url":"http://hl7.org/fhir/StructureDefinition/implementationguide-page","valueUri":"StructureDefinition-cde-blood-pressure-systolic.html"}],"reference":{"reference":"StructureDefinition/cde-blood-pressure-systolic"},"name":"CDE Blood Pressure Systolic","description":"Dieses CDE enthät den 'systolischen Blutdruck'.","groupingId":"-str-profile"},{"extension":[{"url":"http://hl7.org/fhir/StructureDefinition/implementationguide-page","valueUri":"StructureDefinition-cde-body-height.html"}],"reference":{"reference":"StructureDefinition/cde-body-height"},"name":"CDE Body Height","description":"Dieses CDE enthält die 'Körpergröße'.","groupingId":"-str-profile"},{"extension":[{"url":"http://hl7.org/fhir/StructureDefinition/implementationguide-page","valueUri":"StructureDefinition-cde-body-mass-index.html"}],"reference":{"reference":"StructureDefinition/cde-body-mass-index"},"name":"CDE Body Mass Index","description":"Dieses CDE enthält den 'Body Mass Index (BMI)'.","groupingId":"-str-profile"},{"extension":[{"url":"http://hl7.org/fhir/StructureDefinition/implementationguide-page","valueUri":"StructureDefinition-cde-body-weight.html"}],"reference":{"reference":"StructureDefinition/cde-body-weight"},"name":"CDE Body Weight","description":"Dieses CDE enthält das 'Körpergewicht'.","groupingId":"-str-profile"},{"extension":[{"url":"http://hl7.org/fhir/StructureDefinition/implementationguide-page","valueUri":"StructureDefinition-cde-calcium-in-serum-or-plasma.html"}],"reference":{"reference":"StructureDefinition/cde-calcium-in-serum-or-plasma"},"name":"CDE Calcium In Serum Or Plasma","description":"Dieses CDE enthält den Messparameter 'Calcium in Serum oder Plasma'.","groupingId":"-str-profile"},{"extension":[{"url":"http://hl7.org/fhir/StructureDefinition/implementationguide-page","valueUri":"StructureDefinition-cde-chloride-in-serum-or-plasma.html"}],"reference":{"reference":"StructureDefinition/cde-chloride-in-serum-or-plasma"},"name":"CDE Chloride In Serum Or Plasma","description":"Dieses CDE enthält den Messparameter 'Chlorid in Serum oder Plasma'.","groupingId":"-str-profile"},{"extension":[{"url":"http://hl7.org/fhir/StructureDefinition/implementationguide-page","valueUri":"StructureDefinition-cde-creatinine-in-ser-or-plas.html"}],"reference":{"reference":"StructureDefinition/cde-creatinine-in-ser-or-plas"},"name":"CDE Creatinine In Serum Or Plasma","description":"Dieses CDE enthält den Messparameter 'Kreatinin in Serum oder Plasma'.","groupingId":"-str-profile"},{"extension":[{"url":"http://hl7.org/fhir/StructureDefinition/implementationguide-page","valueUri":"StructureDefinition-cde-current-age-calculated.html"}],"reference":{"reference":"StructureDefinition/cde-current-age-calculated"},"name":"CDE Current Age Calculated","description":"Dieses CDE enthält das 'aktuelle Alter - berechnet'. Berechnung erfolgt aus dem bekannten Geburtsdatum und Zeitpunkt eines bestimmten Ereignis.","groupingId":"-str-profile"},{"extension":[{"url":"http://hl7.org/fhir/StructureDefinition/implementationguide-page","valueUri":"StructureDefinition-cde-current-age-reported.html"}],"reference":{"reference":"StructureDefinition/cde-current-age-reported"},"name":"CDE Current Age Reported","description":"Dieses CDE enthält das 'aktuelle Alter - berichtet'. Alter zum Zeitpunkt der Befragung.","groupingId":"-str-profile"},{"extension":[{"url":"http://hl7.org/fhir/StructureDefinition/implementationguide-page","valueUri":"StructureDefinition-cde-date-of-diagnosis.html"}],"reference":{"reference":"StructureDefinition/cde-date-of-diagnosis"},"name":"CDE Date Of Diagnosis","description":"Dieses CDE enthält das 'Datum der Diagnose'.","groupingId":"-str-profile"},{"extension":[{"url":"http://hl7.org/fhir/StructureDefinition/implementationguide-page","valueUri":"StructureDefinition-cde-erythrocytes-in-blood.html"}],"reference":{"reference":"StructureDefinition/cde-erythrocytes-in-blood"},"name":"CDE Erythrocytes In Blood","description":"Dieses CDE enthält den Messparameter 'Erytrhozyten in Blut","groupingId":"-str-profile"},{"extension":[{"url":"http://hl7.org/fhir/StructureDefinition/implementationguide-page","valueUri":"StructureDefinition-cde-ethnicity.html"}],"reference":{"reference":"StructureDefinition/cde-ethnicity"},"name":"CDE Ethnicity","description":"Dieses CDE enthält die 'Ethnizität'.","groupingId":"-str-profile"},{"extension":[{"url":"http://hl7.org/fhir/StructureDefinition/implementationguide-page","valueUri":"StructureDefinition-cde-glasgow-coma-score.html"}],"reference":{"reference":"StructureDefinition/cde-glasgow-coma-score"},"name":"CDE Glasgow Coma Score","description":"Dieses CDE enthält den Glasgow Coma Score (GCS)","groupingId":"-str-profile"},{"extension":[{"url":"http://hl7.org/fhir/StructureDefinition/implementationguide-page","valueUri":"StructureDefinition-cde-glucose-in-serum-or-plasma.html"}],"reference":{"reference":"StructureDefinition/cde-glucose-in-serum-or-plasma"},"name":"CDE Glucose In Serum Or Plasma","description":"Dieses CDE enthält den Messparameter 'Glukose in Serum oder Plasma'.","groupingId":"-str-profile"},{"extension":[{"url":"http://hl7.org/fhir/StructureDefinition/implementationguide-page","valueUri":"StructureDefinition-cde-hematocrit-of-blood.html"}],"reference":{"reference":"StructureDefinition/cde-hematocrit-of-blood"},"name":"CDE Hematocrit Of Blood","description":"Dieses CDE enthält den Messparameter 'Hämoglobin von Blut'.","groupingId":"-str-profile"},{"extension":[{"url":"http://hl7.org/fhir/StructureDefinition/implementationguide-page","valueUri":"StructureDefinition-cde-hemoglobin-in-blood.html"}],"reference":{"reference":"StructureDefinition/cde-hemoglobin-in-blood"},"name":"CDE Hemoglobin In Blood","description":"Dieses CDE enthält den Messparameter 'Hämoglobin in Blut'.","groupingId":"-str-profile"},{"extension":[{"url":"http://hl7.org/fhir/StructureDefinition/implementationguide-page","valueUri":"StructureDefinition-cde-hip-circumference.html"}],"reference":{"reference":"StructureDefinition/cde-hip-circumference"},"name":"CDE Hip Circumference","description":"Dieses CDE enhält den 'Hüftumfang'.","groupingId":"-str-profile"},{"extension":[{"url":"http://hl7.org/fhir/StructureDefinition/implementationguide-page","valueUri":"StructureDefinition-cde-leukocytes-in-blood.html"}],"reference":{"reference":"StructureDefinition/cde-leukocytes-in-blood"},"name":"CDE Leukocytes In Blood","description":"Dieses CDE enthält den Messparameter 'Thrombozyten in Blut'.","groupingId":"-str-profile"},{"extension":[{"url":"http://hl7.org/fhir/StructureDefinition/implementationguide-page","valueUri":"StructureDefinition-cde-magnesium-in-serum-or-plasma.html"}],"reference":{"reference":"StructureDefinition/cde-magnesium-in-serum-or-plasma"},"name":"CDE Magnesium In Serum Or Plasma","description":"Dieses CDE enthält den Messparameter 'Magnesium in Serum oder Plasma'.","groupingId":"-str-profile"},{"extension":[{"url":"http://hl7.org/fhir/StructureDefinition/implementationguide-page","valueUri":"StructureDefinition-cde-phosphate-in-serum-or-plasma.html"}],"reference":{"reference":"StructureDefinition/cde-phosphate-in-serum-or-plasma"},"name":"CDE Phosphate In Serum Or Plasma","description":"Dieses CDE enthält den Messparameter 'Natrium in Serum oder Plasma'.","groupingId":"-str-profile"},{"extension":[{"url":"http://hl7.org/fhir/StructureDefinition/implementationguide-page","valueUri":"StructureDefinition-cde-potassium-in-serum-or-plasma.html"}],"reference":{"reference":"StructureDefinition/cde-potassium-in-serum-or-plasma"},"name":"CDE Potassium In Serum Or Plasma","description":"Dieses CDE enthält den Messparameter 'Kalium in Serum oder Plasma'.","groupingId":"-str-profile"},{"extension":[{"url":"http://hl7.org/fhir/StructureDefinition/implementationguide-page","valueUri":"StructureDefinition-cde-sex-assigned-at-birth.html"}],"reference":{"reference":"StructureDefinition/cde-sex-assigned-at-birth"},"name":"CDE Sex Assigned At Birth","description":"Dieses CDE enthält das 'bei Geburt zugewiesene Geschlecht'.","groupingId":"-str-profile"},{"extension":[{"url":"http://hl7.org/fhir/StructureDefinition/implementationguide-page","valueUri":"StructureDefinition-cde-sodium-in-serum-or-plasma.html"}],"reference":{"reference":"StructureDefinition/cde-sodium-in-serum-or-plasma"},"name":"CDE Sodium In Serum Or Plasma","description":"Dieses CDE enthält den Messparameter 'Natrium in Serum oder Plasma'.","groupingId":"-str-profile"},{"extension":[{"url":"http://hl7.org/fhir/StructureDefinition/implementationguide-page","valueUri":"StructureDefinition-cde-thrombocytes-in-blood.html"}],"reference":{"reference":"StructureDefinition/cde-thrombocytes-in-blood"},"name":"CDE Thrombocytes In Blood","description":"Dieses CDE enthält den Messparameter 'Thrombozyten in Blut'.","groupingId":"-str-profile"},{"extension":[{"url":"http://hl7.org/fhir/StructureDefinition/implementationguide-page","valueUri":"StructureDefinition-cde-tobacco-smoking-status.html"}],"reference":{"reference":"StructureDefinition/cde-tobacco-smoking-status"},"name":"CDE Smoking Status","description":"Dieses CDE enthält den Raucherstatus einer Person","groupingId":"-str-profile"},{"extension":[{"url":"http://hl7.org/fhir/StructureDefinition/implementationguide-page","valueUri":"StructureDefinition-cde-visit-date.html"}],"reference":{"reference":"StructureDefinition/cde-visit-date"},"name":"CDE Visit Date","description":"Dieses CDE enhält das 'Datum der Untersuchung'.","groupingId":"-str-profile"},{"extension":[{"url":"http://hl7.org/fhir/StructureDefinition/implementationguide-page","valueUri":"StructureDefinition-cde-waist-circumference.html"}],"reference":{"reference":"StructureDefinition/cde-waist-circumference"},"name":"CDE Waist Circumference","description":"Dieses CDE enhält den 'Taillenumfang'.","groupingId":"-str-profile"},{"extension":[{"url":"http://hl7.org/fhir/StructureDefinition/implementationguide-page","valueUri":"StructureDefinition-cls-l0-activity.html"}],"reference":{"reference":"StructureDefinition/cls-l0-activity"},"name":"CLS L0 Social History","description":"Dieses abstrakte Profil beschreibt die Kategorie 'Sozialanamnese'.","groupingId":"-str-abstractprofile"},{"extension":[{"url":"http://hl7.org/fhir/StructureDefinition/implementationguide-page","valueUri":"StructureDefinition-cls-l0-exam.html"}],"reference":{"reference":"StructureDefinition/cls-l0-exam"},"name":"CLS L0 Exam","description":"Dieses abstrakte Profil beschreibt die Kategorie 'Körperliche Untersuchung und direkte Beobachtungen durch medizinisches Personal'.","groupingId":"-str-abstractprofile"},{"extension":[{"url":"http://hl7.org/fhir/StructureDefinition/implementationguide-page","valueUri":"StructureDefinition-cls-l0-imaging.html"}],"reference":{"reference":"StructureDefinition/cls-l0-imaging"},"name":"CLS L0 Imaging","description":"Dieses abstrakte Profil beschreibt die Kategorie 'Bildgebung und bildgebende Verfahren'.","groupingId":"-str-abstractprofile"},{"extension":[{"url":"http://hl7.org/fhir/StructureDefinition/implementationguide-page","valueUri":"StructureDefinition-cls-l0-laboratory.html"}],"reference":{"reference":"StructureDefinition/cls-l0-laboratory"},"name":"CLS L0 Laboratory","description":"Dieses abstrakte Profil beschreibt die Kategorie 'Laboruntersuchungen'.","groupingId":"-str-abstractprofile"},{"extension":[{"url":"http://hl7.org/fhir/StructureDefinition/implementationguide-page","valueUri":"StructureDefinition-cls-l0-procedure.html"}],"reference":{"reference":"StructureDefinition/cls-l0-procedure"},"name":"CLS L0 Procedure","description":"Dieses abstrakte Profil beschreibt die Kategorie 'Prozeduren'.","groupingId":"-str-abstractprofile"},{"extension":[{"url":"http://hl7.org/fhir/StructureDefinition/implementationguide-page","valueUri":"StructureDefinition-cls-l0-social-history.html"}],"reference":{"reference":"StructureDefinition/cls-l0-social-history"},"name":"CLS L0 Social History","description":"Dieses abstrakte Profil beschreibt die Kategorie 'Sozialanamnese'.","groupingId":"-str-abstractprofile"},{"extension":[{"url":"http://hl7.org/fhir/StructureDefinition/implementationguide-page","valueUri":"StructureDefinition-cls-l0-survey.html"}],"reference":{"reference":"StructureDefinition/cls-l0-survey"},"name":"CLS L0 Survey","description":"Dieses abstrakte Profil beschreibt die Kategorie 'Beurteilungs- und Befragungsinstrumente'.","groupingId":"-str-abstractprofile"},{"extension":[{"url":"http://hl7.org/fhir/StructureDefinition/implementationguide-page","valueUri":"StructureDefinition-cls-l0-therapy.html"}],"reference":{"reference":"StructureDefinition/cls-l0-therapy"},"name":"CLS L0 Therapy","description":"Dieses abstrakte Profil beschreibt die Kategorie 'nicht-interventionelle Behandlungsprotokolle'.","groupingId":"-str-abstractprofile"},{"extension":[{"url":"http://hl7.org/fhir/StructureDefinition/implementationguide-page","valueUri":"StructureDefinition-cls-l0-vital-signs.html"}],"reference":{"reference":"StructureDefinition/cls-l0-vital-signs"},"name":"CLS L0 Vital Signs","description":"Dieses abstrakte Profil beschreibt die Kategorie 'Vitalfunktionen'.","groupingId":"-str-abstractprofile"},{"extension":[{"url":"http://hl7.org/fhir/StructureDefinition/implementationguide-page","valueUri":"StructureDefinition-cls-l1-administrative-information.html"}],"reference":{"reference":"StructureDefinition/cls-l1-administrative-information"},"name":"CLS L1 Administrative Information","description":"Dieses abstrakte Profil beschreibt die Kategorie 'Administrative Informationen","groupingId":"-str-abstractprofile"},{"extension":[{"url":"http://hl7.org/fhir/StructureDefinition/implementationguide-page","valueUri":"StructureDefinition-cls-l1-clinical-chemistry.html"}],"reference":{"reference":"StructureDefinition/cls-l1-clinical-chemistry"},"name":"CLS L1 Clincial Chemistry","description":"Dieses abstrakte Profil beschreibt die Kategorie 'Klinische Chemie'.","groupingId":"-str-abstractprofile"},{"extension":[{"url":"http://hl7.org/fhir/StructureDefinition/implementationguide-page","valueUri":"StructureDefinition-cls-l1-clinical-immunology.html"}],"reference":{"reference":"StructureDefinition/cls-l1-clinical-immunology"},"name":"CLS L1 Clincial Immunology","description":"Dieses abstrakte Profil beschreibt die Kategorie 'Klinische Immunologie'.","groupingId":"-str-abstractprofile"},{"extension":[{"url":"http://hl7.org/fhir/StructureDefinition/implementationguide-page","valueUri":"StructureDefinition-cls-l1-clinical-microbiology.html"}],"reference":{"reference":"StructureDefinition/cls-l1-clinical-microbiology"},"name":"CLS L1 Clincial Microbiology","description":"Dieses abstrakte Profil beschreibt die Kategorie 'Klinische Mikrobiologie'.","groupingId":"-str-abstractprofile"},{"extension":[{"url":"http://hl7.org/fhir/StructureDefinition/implementationguide-page","valueUri":"StructureDefinition-cls-l1-diseases-and-related-health-problems.html"}],"reference":{"reference":"StructureDefinition/cls-l1-diseases-and-related-health-problems"},"name":"CLS L1 Diseases And Related Health Problems","description":"Dieses abstrakte Profil beschreibt die Kategorie 'Krankheiten und krankheitsbezogene Probleme.","groupingId":"-str-abstractprofile"},{"extension":[{"url":"http://hl7.org/fhir/StructureDefinition/implementationguide-page","valueUri":"StructureDefinition-cls-l1-health-related-behavior-and-lifestyle.html"}],"reference":{"reference":"StructureDefinition/cls-l1-health-related-behavior-and-lifestyle"},"name":"CLS L1 Heatlh-related Behavior and Lifesytle","description":"Dieses abstrakte Profil beschreibt die Kategorie 'Gesundheitsbezogenes Verhalten & Lebensstil'.","groupingId":"-str-abstractprofile"},{"extension":[{"url":"http://hl7.org/fhir/StructureDefinition/implementationguide-page","valueUri":"StructureDefinition-cls-l1-physical-measurements-and-assessment.html"}],"reference":{"reference":"StructureDefinition/cls-l1-physical-measurements-and-assessment"},"name":"CLS L1 Physical Measurements And Assessment","description":"Dieses abstrakte Profil beschreibt die Kategorie 'Physikalische Messungen und Bewertungen.","groupingId":"-str-abstractprofile"},{"extension":[{"url":"http://hl7.org/fhir/StructureDefinition/implementationguide-page","valueUri":"StructureDefinition-cls-l1-social-personal-details.html"}],"reference":{"reference":"StructureDefinition/cls-l1-social-personal-details"},"name":"CLS L1 Social Personal Details","description":"Dieses abstrakte Profil beschreibt die Kategorie 'Soziale / Persönliche Details'.","groupingId":"-str-abstractprofile"},{"extension":[{"url":"http://hl7.org/fhir/StructureDefinition/implementationguide-page","valueUri":"StructureDefinition-cls-l1-substance-level.html"}],"reference":{"reference":"StructureDefinition/cls-l1-substance-level"},"name":"CLS L1 Substance Level","description":"Dieses abstrakte Profil beschreibt die Kategorie 'Substanzspiegel'.","groupingId":"-str-abstractprofile"},{"extension":[{"url":"http://hl7.org/fhir/StructureDefinition/implementationguide-page","valueUri":"StructureDefinition-cls-l2-age-and-birth-date.html"}],"reference":{"reference":"StructureDefinition/cls-l2-age-and-birth-date"},"name":"CLS L2 Age And Birth Date","description":"Dieses abstrakte Profil beschreibt die Kategorie 'Alter und Geburtsdatum'.","groupingId":"-str-abstractprofile"},{"extension":[{"url":"http://hl7.org/fhir/StructureDefinition/implementationguide-page","valueUri":"StructureDefinition-cls-l2-gender.html"}],"reference":{"reference":"StructureDefinition/cls-l2-gender"},"name":"CLS L2 Gender","description":"Dieses abstrakte Profil beschreibt die Kategorie 'Geschlecht'.","groupingId":"-str-abstractprofile"},{"extension":[{"url":"http://hl7.org/fhir/StructureDefinition/implementationguide-page","valueUri":"StructureDefinition-cls-l2-specimen-type.html"}],"reference":{"reference":"StructureDefinition/cls-l2-specimen-type"},"name":"CLS L2 Specimen","description":"Dieses abstrakte Profil beschreibt die Kategorie 'Probentyp'.","groupingId":"-str-abstractprofile"},{"extension":[{"url":"http://hl7.org/fhir/StructureDefinition/implementationguide-page","valueUri":"StructureDefinition-cls-l3-age-at-diagnosis.html"}],"reference":{"reference":"StructureDefinition/cls-l3-age-at-diagnosis"},"name":"CLS L3 Age At Diagnosis","description":"Dieses abstrakte Profil beschreibt die Kategorie 'Alter bei Diagnose'","groupingId":"-str-abstractprofile"},{"extension":[{"url":"http://hl7.org/fhir/StructureDefinition/implementationguide-page","valueUri":"StructureDefinition-cls-l3-blood.html"}],"reference":{"reference":"StructureDefinition/cls-l3-blood"},"name":"CLS L3 Blood","description":"Dieses abstrakte Profil beschreibt die Kategorie 'Blut'.","groupingId":"-str-abstractprofile"},{"extension":[{"url":"http://hl7.org/fhir/StructureDefinition/implementationguide-page","valueUri":"StructureDefinition-cls-l3-cerebrospinal-fluid.html"}],"reference":{"reference":"StructureDefinition/cls-l3-cerebrospinal-fluid"},"name":"CLS L3 Cerebrospinal Fluid","description":"Dieses abstrakte Profil beschreibt die Kategorie 'Cerebrospinal Flüssigkeit (CSF)'.","groupingId":"-str-abstractprofile"},{"extension":[{"url":"http://hl7.org/fhir/StructureDefinition/implementationguide-page","valueUri":"StructureDefinition-cls-l3-serum-or-plasma.html"}],"reference":{"reference":"StructureDefinition/cls-l3-serum-or-plasma"},"name":"CLS L3 Serum Or Plasma","description":"Dieses abstrakte Profil beschreibt die Kategorie 'Serum oder Plasma'.","groupingId":"-str-abstractprofile"},{"extension":[{"url":"http://hl7.org/fhir/StructureDefinition/implementationguide-page","valueUri":"StructureDefinition-cls-l3-urine.html"}],"reference":{"reference":"StructureDefinition/cls-l3-urine"},"name":"CLS L3 Urine","description":"Dieses abstrakte Profil beschreibt die Kategorie 'Urin'.","groupingId":"-str-abstractprofile"},{"extension":[{"url":"http://hl7.org/fhir/StructureDefinition/implementationguide-page","valueUri":"StructureDefinition-poi-patient.html"}],"reference":{"reference":"StructureDefinition/poi-patient"},"name":"POI Patient","description":"Dieses Profil beschreibt eine Person von Interesse als Patient oder Patientin.","groupingId":"-str-profile"},{"extension":[{"url":"http://hl7.org/fhir/StructureDefinition/implementationguide-page","valueUri":"StructureDefinition-poi-person.html"}],"reference":{"reference":"StructureDefinition/poi-person"},"name":"POI Person","description":"Dieses Profil beschreibt eine Person von Interesse als Person.","groupingId":"-str-profile"},{"extension":[{"url":"http://hl7.org/fhir/StructureDefinition/implementationguide-page","valueUri":"StructureDefinition-poi-research-subject.html"}],"reference":{"reference":"StructureDefinition/poi-research-subject"},"name":"POI Research Subject","description":"Dieses Profil beschreibt eine Person von Interesse als Proband oder Probandin.","groupingId":"-str-profile"},{"extension":[{"url":"http://hl7.org/fhir/StructureDefinition/implementationguide-page","valueUri":"ValueSet-vs-administrative-gender.html"}],"reference":{"reference":"ValueSet/vs-administrative-gender"},"name":"VS AdministrativeGender","description":"Dieses ValueSet enthält Codes für das administrative Geschlecht.","groupingId":"-term-valueset"},{"extension":[{"url":"http://hl7.org/fhir/StructureDefinition/implementationguide-page","valueUri":"ValueSet-vs-binary-decision-yes-or-no-as-snomed.html"}],"reference":{"reference":"ValueSet/vs-binary-decision-yes-or-no-as-snomed"},"name":"VS Binary Decision Yes Or No as Snomed","description":"Dieses ValueSet enthält Snomed-Codes für Ja oder Nein.","groupingId":"-term-valueset"},{"extension":[{"url":"http://hl7.org/fhir/StructureDefinition/implementationguide-page","valueUri":"ValueSet-vs-biological-gender.html"}],"reference":{"reference":"ValueSet/vs-biological-gender"},"name":"VS Biological Gender","description":"Dieses ValueSet enthält Snomed-Codes für das 'biologische Geschlecht'.","groupingId":"-term-valueset"},{"extension":[{"url":"http://hl7.org/fhir/StructureDefinition/implementationguide-page","valueUri":"ValueSet-vs-ethnic-groups.html"}],"reference":{"reference":"ValueSet/vs-ethnic-groups"},"name":"VS Ethnic Groups","description":"Diese ValueSet enhält SNOMED-Codes für 'ethnische Gruppen'.","groupingId":"-term-valueset"},{"extension":[{"url":"http://hl7.org/fhir/StructureDefinition/implementationguide-page","valueUri":"ValueSet-vs-glasgow-coma-scale-for-adults.html"}],"reference":{"reference":"ValueSet/vs-glasgow-coma-scale-for-adults"},"name":"VS Glasgow Coma Scale For Adults","description":"Dieses ValueSet enthält LOINC-Codes für den Glasgow Coma Scale (GCS) für Erwachsene","groupingId":"-term-valueset"},{"extension":[{"url":"http://hl7.org/fhir/StructureDefinition/implementationguide-page","valueUri":"ValueSet-vs-length-units.html"}],"reference":{"reference":"ValueSet/vs-length-units"},"name":"VS Length Units","description":"UCUM Codes für 'Länge'","groupingId":"-term-valueset"},{"extension":[{"url":"http://hl7.org/fhir/StructureDefinition/implementationguide-page","valueUri":"ValueSet-vs-mass-concentration-units.html"}],"reference":{"reference":"ValueSet/vs-mass-concentration-units"},"name":"VS Mass Concentration Units","description":"UCUM Codes für Massenkonzentration","groupingId":"-term-valueset"},{"extension":[{"url":"http://hl7.org/fhir/StructureDefinition/implementationguide-page","valueUri":"ValueSet-vs-mass-units.html"}],"reference":{"reference":"ValueSet/vs-mass-units"},"name":"VS Mass Units","description":"UCUM Codes für 'Masse'","groupingId":"-term-valueset"},{"extension":[{"url":"http://hl7.org/fhir/StructureDefinition/implementationguide-page","valueUri":"ValueSet-vs-missing-values-as-snomed.html"}],"reference":{"reference":"ValueSet/vs-missing-values-as-snomed"},"name":"VS Missing Values As Snomed","description":"Dieses ValueSet enthält Snomed-Codes für fehlende Werte.","groupingId":"-term-valueset"},{"extension":[{"url":"http://hl7.org/fhir/StructureDefinition/implementationguide-page","valueUri":"ValueSet-vs-molar-concentration-units.html"}],"reference":{"reference":"ValueSet/vs-molar-concentration-units"},"name":"VS Molar Concentration Units","description":"UCUM Codes für Stoffmengenkonzentration","groupingId":"-term-valueset"},{"extension":[{"url":"http://hl7.org/fhir/StructureDefinition/implementationguide-page","valueUri":"ValueSet-vs-number-concentration-units.html"}],"reference":{"reference":"ValueSet/vs-number-concentration-units"},"name":"VS Number Concentration Units","description":"UCUM Codes für 'Anzahl pro Volumen'.","groupingId":"-term-valueset"},{"extension":[{"url":"http://hl7.org/fhir/StructureDefinition/implementationguide-page","valueUri":"ValueSet-vs-smoking-status-as-snomed.html"}],"reference":{"reference":"ValueSet/vs-smoking-status-as-snomed"},"name":"VS Smoking Status as Loinc","description":"Dieses ValueSet enthält Snomed-Codes für den Raucherstatus.","groupingId":"-term-valueset"},{"extension":[{"url":"http://hl7.org/fhir/StructureDefinition/implementationguide-page","valueUri":"ValueSet-vs-specimen-types.html"}],"reference":{"reference":"ValueSet/vs-specimen-types"},"name":"VS Specimen Types","description":"LOINC Codes für 'Probenmaterial'","groupingId":"-term-valueset"},{"extension":[{"url":"http://hl7.org/fhir/StructureDefinition/implementationguide-page","valueUri":"ValueSet-vs-time-units.html"}],"reference":{"reference":"ValueSet/vs-time-units"},"name":"VS Time Units","description":"UCUM Codes für 'Zeit'","groupingId":"-term-valueset"},{"extension":[{"url":"http://hl7.org/fhir/StructureDefinition/implementationguide-page","valueUri":"ValueSet-vs-unity-units.html"}],"reference":{"reference":"ValueSet/vs-unity-units"},"name":"VS Unity Units","description":"UCUM Codes für Gesamtheit (auch 'Eins-Element').","groupingId":"-term-valueset"},{"extension":[{"url":"http://hl7.org/fhir/StructureDefinition/implementationguide-page","valueUri":"StructureDefinition-ext-myExtension.html"}],"reference":{"reference":"StructureDefinition/ext-myExtension"},"name":"MyExtension","description":"What this extension means.","groupingId":"-str-extension"},{"extension":[{"url":"http://hl7.org/fhir/StructureDefinition/implementationguide-page","valueUri":"StructureDefinition-mypractitioner.html"}],"reference":{"reference":"StructureDefinition/mypractitioner"},"name":"MyPractitionerName","description":"Description for the profile page","groupingId":"-str-profile"}],"page":{"extension":[{"url":"http://hl7.org/fhir/StructureDefinition/structuredefinition-standards-status","valueCode":"informative"},{"url":"http://hl7.org/fhir/tools/StructureDefinition/ig-page-name","valueUrl":"toc.html"}],"nameUrl":"toc.html","title":"Inhaltsverzeichnis","generation":"html","page":[{"extension":[{"url":"http://hl7.org/fhir/StructureDefinition/structuredefinition-standards-status","valueCode":"informative"},{"url":"http://hl7.org/fhir/tools/StructureDefinition/ig-page-name","valueUrl":"index.html"}],"nameUrl":"index.html","title":"CDE-Katalog","generation":"html"},{"extension":[{"url":"http://hl7.org/fhir/StructureDefinition/structuredefinition-standards-status","valueCode":"informative"},{"url":"http://hl7.org/fhir/tools/StructureDefinition/ig-page-name","valueUrl":"background.html"}],"nameUrl":"background.html","title":"Hintergrund","generation":"html"},{"extension":[{"url":"http://hl7.org/fhir/StructureDefinition/structuredefinition-standards-status","valueCode":"trial-use"},{"url":"http://hl7.org/fhir/StructureDefinition/structuredefinition-fmm","valueInteger":1},{"url":"http://hl7.org/fhir/tools/StructureDefinition/ig-page-name","valueUrl":"spec.html"}],"nameUrl":"spec.html","title":"Detaillierte Spezifikation","generation":"markdown","page":[{"extension":[{"url":"http://hl7.org/fhir/StructureDefinition/structuredefinition-standards-status","valueCode":"trial-use"},{"url":"http://hl7.org/fhir/StructureDefinition/structuredefinition-fmm","valueInteger":1},{"url":"http://hl7.org/fhir/tools/StructureDefinition/ig-page-name","valueUrl":"spec2.html"}],"nameUrl":"spec2.html","title":"Anmerkungen zu CDEs","generation":"markdown"}]},{"extension":[{"url":"http://hl7.org/fhir/StructureDefinition/structuredefinition-standards-status","valueCode":"informative"},{"url":"http://hl7.org/fhir/tools/StructureDefinition/ig-page-name","valueUrl":"downloads.html"}],"nameUrl":"downloads.html","title":"Hilfreiche Downloads","generation":"html"},{"extension":[{"url":"http://hl7.org/fhir/StructureDefinition/structuredefinition-standards-status","valueCode":"informative"},{"url":"http://hl7.org/fhir/tools/StructureDefinition/ig-page-name","valueUrl":"changes.html"}],"nameUrl":"changes.html","title":"IG Change History","generation":"html"},{"extension":[{"url":"http://hl7.org/fhir/tools/StructureDefinition/ig-page-name","valueUrl":"artifacts.html"}],"nameUrl":"artifacts.html","title":"Artifacts Summary","generation":"html","page":[{"extension":[{"url":"http://hl7.org/fhir/tools/StructureDefinition/ig-page-name","valueUrl":"Library-example-sql.html"}],"nameUrl":"Library-example-sql.html","title":"Example Library","generation":"generated"},{"extension":[{"url":"http://hl7.org/fhir/tools/StructureDefinition/ig-page-name","valueUrl":"Library-example-image.html"}],"nameUrl":"Library-example-image.html","title":"Example Library Image","generation":"generated"},{"extension":[{"url":"http://hl7.org/fhir/tools/StructureDefinition/ig-page-name","valueUrl":"Library-example.html"}],"nameUrl":"Library-example.html","title":"Example CQL Library","generation":"generated"},{"extension":[{"url":"http://hl7.org/fhir/tools/StructureDefinition/ig-page-name","valueUrl":"StructureDefinition-MyLogical.html"}],"nameUrl":"StructureDefinition-MyLogical.html","title":"My Logical Model","generation":"generated"},{"extension":[{"url":"http://hl7.org/fhir/tools/StructureDefinition/ig-page-name","valueUrl":"StructureDefinition-cls-l0-activity.html"}],"nameUrl":"StructureDefinition-cls-l0-activity.html","title":"CLS L0 Social History","generation":"generated"},{"extension":[{"url":"http://hl7.org/fhir/tools/StructureDefinition/ig-page-name","valueUrl":"StructureDefinition-cls-l0-exam.html"}],"nameUrl":"StructureDefinition-cls-l0-exam.html","title":"CLS L0 Exam","generation":"generated"},{"extension":[{"url":"http://hl7.org/fhir/tools/StructureDefinition/ig-page-name","valueUrl":"StructureDefinition-cls-l0-imaging.html"}],"nameUrl":"StructureDefinition-cls-l0-imaging.html","title":"CLS L0 Imaging","generation":"generated"},{"extension":[{"url":"http://hl7.org/fhir/tools/StructureDefinition/ig-page-name","valueUrl":"StructureDefinition-cls-l0-laboratory.html"}],"nameUrl":"StructureDefinition-cls-l0-laboratory.html","title":"CLS L0 Laboratory","generation":"generated"},{"extension":[{"url":"http://hl7.org/fhir/tools/StructureDefinition/ig-page-name","valueUrl":"StructureDefinition-cls-l0-procedure.html"}],"nameUrl":"StructureDefinition-cls-l0-procedure.html","title":"CLS L0 Procedure","generation":"generated"},{"extension":[{"url":"http://hl7.org/fhir/tools/StructureDefinition/ig-page-name","valueUrl":"StructureDefinition-cls-l0-social-history.html"}],"nameUrl":"StructureDefinition-cls-l0-social-history.html","title":"CLS L0 Social History","generation":"generated"},{"extension":[{"url":"http://hl7.org/fhir/tools/StructureDefinition/ig-page-name","valueUrl":"StructureDefinition-cls-l0-survey.html"}],"nameUrl":"StructureDefinition-cls-l0-survey.html","title":"CLS L0 Survey","generation":"generated"},{"extension":[{"url":"http://hl7.org/fhir/tools/StructureDefinition/ig-page-name","valueUrl":"StructureDefinition-cls-l0-therapy.html"}],"nameUrl":"StructureDefinition-cls-l0-therapy.html","title":"CLS L0 Therapy","generation":"generated"},{"extension":[{"url":"http://hl7.org/fhir/tools/StructureDefinition/ig-page-name","valueUrl":"StructureDefinition-cls-l0-vital-signs.html"}],"nameUrl":"StructureDefinition-cls-l0-vital-signs.html","title":"CLS L0 Vital Signs","generation":"generated"},{"extension":[{"url":"http://hl7.org/fhir/tools/StructureDefinition/ig-page-name","valueUrl":"StructureDefinition-cls-l1-administrative-information.html"}],"nameUrl":"StructureDefinition-cls-l1-administrative-information.html","title":"CLS L1 Administrative Information","generation":"generated"},{"extension":[{"url":"http://hl7.org/fhir/tools/StructureDefinition/ig-page-name","valueUrl":"StructureDefinition-cls-l1-clinical-chemistry.html"}],"nameUrl":"StructureDefinition-cls-l1-clinical-chemistry.html","title":"CLS L1 Clincial Chemistry","generation":"generated"},{"extension":[{"url":"http://hl7.org/fhir/tools/StructureDefinition/ig-page-name","valueUrl":"StructureDefinition-cls-l1-clinical-immunology.html"}],"nameUrl":"StructureDefinition-cls-l1-clinical-immunology.html","title":"CLS L1 Clincial Immunology","generation":"generated"},{"extension":[{"url":"http://hl7.org/fhir/tools/StructureDefinition/ig-page-name","valueUrl":"StructureDefinition-cls-l1-clinical-microbiology.html"}],"nameUrl":"StructureDefinition-cls-l1-clinical-microbiology.html","title":"CLS L1 Clincial Microbiology","generation":"generated"},{"extension":[{"url":"http://hl7.org/fhir/tools/StructureDefinition/ig-page-name","valueUrl":"StructureDefinition-cls-l1-diseases-and-related-health-problems.html"}],"nameUrl":"StructureDefinition-cls-l1-diseases-and-related-health-problems.html","title":"CLS L1 Diseases And Related Health Problems","generation":"generated"},{"extension":[{"url":"http://hl7.org/fhir/tools/StructureDefinition/ig-page-name","valueUrl":"StructureDefinition-cls-l1-health-related-behavior-and-lifestyle.html"}],"nameUrl":"StructureDefinition-cls-l1-health-related-behavior-and-lifestyle.html","title":"CLS L1 Heatlh-related Behavior and Lifesytle","generation":"generated"},{"extension":[{"url":"http://hl7.org/fhir/tools/StructureDefinition/ig-page-name","valueUrl":"StructureDefinition-cls-l1-physical-measurements-and-assessment.html"}],"nameUrl":"StructureDefinition-cls-l1-physical-measurements-and-assessment.html","title":"CLS L1 Physical Measurements And Assessment","generation":"generated"},{"extension":[{"url":"http://hl7.org/fhir/tools/StructureDefinition/ig-page-name","valueUrl":"StructureDefinition-cls-l1-social-personal-details.html"}],"nameUrl":"StructureDefinition-cls-l1-social-personal-details.html","title":"CLS L1 Social Personal Details","generation":"generated"},{"extension":[{"url":"http://hl7.org/fhir/tools/StructureDefinition/ig-page-name","valueUrl":"StructureDefinition-cls-l1-substance-level.html"}],"nameUrl":"StructureDefinition-cls-l1-substance-level.html","title":"CLS L1 Substance Level","generation":"generated"},{"extension":[{"url":"http://hl7.org/fhir/tools/StructureDefinition/ig-page-name","valueUrl":"StructureDefinition-cls-l2-age-and-birth-date.html"}],"nameUrl":"StructureDefinition-cls-l2-age-and-birth-date.html","title":"CLS L2 Age And Birth Date","generation":"generated"},{"extension":[{"url":"http://hl7.org/fhir/tools/StructureDefinition/ig-page-name","valueUrl":"StructureDefinition-cls-l2-gender.html"}],"nameUrl":"StructureDefinition-cls-l2-gender.html","title":"CLS L2 Gender","generation":"generated"},{"extension":[{"url":"http://hl7.org/fhir/tools/StructureDefinition/ig-page-name","valueUrl":"StructureDefinition-cls-l2-specimen-type.html"}],"nameUrl":"StructureDefinition-cls-l2-specimen-type.html","title":"CLS L2 Specimen","generation":"generated"},{"extension":[{"url":"http://hl7.org/fhir/tools/StructureDefinition/ig-page-name","valueUrl":"StructureDefinition-cls-l3-age-at-diagnosis.html"}],"nameUrl":"StructureDefinition-cls-l3-age-at-diagnosis.html","title":"CLS L3 Age At Diagnosis","generation":"generated"},{"extension":[{"url":"http://hl7.org/fhir/tools/StructureDefinition/ig-page-name","valueUrl":"StructureDefinition-cls-l3-blood.html"}],"nameUrl":"StructureDefinition-cls-l3-blood.html","title":"CLS L3 Blood","generation":"generated"},{"extension":[{"url":"http://hl7.org/fhir/tools/StructureDefinition/ig-page-name","valueUrl":"StructureDefinition-cls-l3-cerebrospinal-fluid.html"}],"nameUrl":"StructureDefinition-cls-l3-cerebrospinal-fluid.html","title":"CLS L3 Cerebrospinal Fluid","generation":"generated"},{"extension":[{"url":"http://hl7.org/fhir/tools/StructureDefinition/ig-page-name","valueUrl":"StructureDefinition-cls-l3-serum-or-plasma.html"}],"nameUrl":"StructureDefinition-cls-l3-serum-or-plasma.html","title":"CLS L3 Serum Or Plasma","generation":"generated"},{"extension":[{"url":"http://hl7.org/fhir/tools/StructureDefinition/ig-page-name","valueUrl":"StructureDefinition-cls-l3-urine.html"}],"nameUrl":"StructureDefinition-cls-l3-urine.html","title":"CLS L3 Urine","generation":"generated"},{"extension":[{"url":"http://hl7.org/fhir/tools/StructureDefinition/ig-page-name","valueUrl":"StructureDefinition-mypatient.html"}],"nameUrl":"StructureDefinition-mypatient.html","title":"My Favorite Patient Profile","generation":"generated"},{"extension":[{"url":"http://hl7.org/fhir/tools/StructureDefinition/ig-page-name","valueUrl":"StructureDefinition-myObservation.html"}],"nameUrl":"StructureDefinition-myObservation.html","title":"My Observation Profile","generation":"generated"},{"extension":[{"url":"http://hl7.org/fhir/tools/StructureDefinition/ig-page-name","valueUrl":"StructureDefinition-cde-age-at-diagnosis-of-essential-hypertension.html"}],"nameUrl":"StructureDefinition-cde-age-at-diagnosis-of-essential-hypertension.html","title":"CDE Age At Diagnosis Of Essential Hypertension","generation":"generated"},{"extension":[{"url":"http://hl7.org/fhir/tools/StructureDefinition/ig-page-name","valueUrl":"StructureDefinition-cde-age-at-stopped-smoking.html"}],"nameUrl":"StructureDefinition-cde-age-at-stopped-smoking.html","title":"CDE Age At Stopped Smoking","generation":"generated"},{"extension":[{"url":"http://hl7.org/fhir/tools/StructureDefinition/ig-page-name","valueUrl":"StructureDefinition-cde-age.html"}],"nameUrl":"StructureDefinition-cde-age.html","title":"CDE Age","generation":"generated"},{"extension":[{"url":"http://hl7.org/fhir/tools/StructureDefinition/ig-page-name","valueUrl":"StructureDefinition-cde-birth-date.html"}],"nameUrl":"StructureDefinition-cde-birth-date.html","title":"CDE Birth Date","generation":"generated"},{"extension":[{"url":"http://hl7.org/fhir/tools/StructureDefinition/ig-page-name","valueUrl":"StructureDefinition-cde-blood-pressure-diastolic.html"}],"nameUrl":"StructureDefinition-cde-blood-pressure-diastolic.html","title":"CDE Blood Pressure Diastolic","generation":"generated"},{"extension":[{"url":"http://hl7.org/fhir/tools/StructureDefinition/ig-page-name","valueUrl":"StructureDefinition-cde-blood-pressure-systolic.html"}],"nameUrl":"StructureDefinition-cde-blood-pressure-systolic.html","title":"CDE Blood Pressure Systolic","generation":"generated"},{"extension":[{"url":"http://hl7.org/fhir/tools/StructureDefinition/ig-page-name","valueUrl":"StructureDefinition-cde-body-height.html"}],"nameUrl":"StructureDefinition-cde-body-height.html","title":"CDE Body Height","generation":"generated"},{"extension":[{"url":"http://hl7.org/fhir/tools/StructureDefinition/ig-page-name","valueUrl":"StructureDefinition-cde-body-mass-index.html"}],"nameUrl":"StructureDefinition-cde-body-mass-index.html","title":"CDE Body Mass Index","generation":"generated"},{"extension":[{"url":"http://hl7.org/fhir/tools/StructureDefinition/ig-page-name","valueUrl":"StructureDefinition-cde-body-weight.html"}],"nameUrl":"StructureDefinition-cde-body-weight.html","title":"CDE Body Weight","generation":"generated"},{"extension":[{"url":"http://hl7.org/fhir/tools/StructureDefinition/ig-page-name","valueUrl":"StructureDefinition-cde-calcium-in-serum-or-plasma.html"}],"nameUrl":"StructureDefinition-cde-calcium-in-serum-or-plasma.html","title":"CDE Calcium In Serum Or Plasma","generation":"generated"},{"extension":[{"url":"http://hl7.org/fhir/tools/StructureDefinition/ig-page-name","valueUrl":"StructureDefinition-cde-chloride-in-serum-or-plasma.html"}],"nameUrl":"StructureDefinition-cde-chloride-in-serum-or-plasma.html","title":"CDE Chloride In Serum Or Plasma","generation":"generated"},{"extension":[{"url":"http://hl7.org/fhir/tools/StructureDefinition/ig-page-name","valueUrl":"StructureDefinition-cde-creatinine-in-ser-or-plas.html"}],"nameUrl":"StructureDefinition-cde-creatinine-in-ser-or-plas.html","title":"CDE Creatinine In Serum Or Plasma","generation":"generated"},{"extension":[{"url":"http://hl7.org/fhir/tools/StructureDefinition/ig-page-name","valueUrl":"StructureDefinition-cde-current-age-calculated.html"}],"nameUrl":"StructureDefinition-cde-current-age-calculated.html","title":"CDE Current Age Calculated","generation":"generated"},{"extension":[{"url":"http://hl7.org/fhir/tools/StructureDefinition/ig-page-name","valueUrl":"StructureDefinition-cde-current-age-reported.html"}],"nameUrl":"StructureDefinition-cde-current-age-reported.html","title":"CDE Current Age Reported","generation":"generated"},{"extension":[{"url":"http://hl7.org/fhir/tools/StructureDefinition/ig-page-name","valueUrl":"StructureDefinition-cde-date-of-diagnosis.html"}],"nameUrl":"StructureDefinition-cde-date-of-diagnosis.html","title":"CDE Date Of Diagnosis","generation":"generated"},{"extension":[{"url":"http://hl7.org/fhir/tools/StructureDefinition/ig-page-name","valueUrl":"StructureDefinition-cde-erythrocytes-in-blood.html"}],"nameUrl":"StructureDefinition-cde-erythrocytes-in-blood.html","title":"CDE Erythrocytes In Blood","generation":"generated"},{"extension":[{"url":"http://hl7.org/fhir/tools/StructureDefinition/ig-page-name","valueUrl":"StructureDefinition-cde-ethnicity.html"}],"nameUrl":"StructureDefinition-cde-ethnicity.html","title":"CDE Ethnicity","generation":"generated"},{"extension":[{"url":"http://hl7.org/fhir/tools/StructureDefinition/ig-page-name","valueUrl":"StructureDefinition-cde-glasgow-coma-score.html"}],"nameUrl":"StructureDefinition-cde-glasgow-coma-score.html","title":"CDE Glasgow Coma Score","generation":"generated"},{"extension":[{"url":"http://hl7.org/fhir/tools/StructureDefinition/ig-page-name","valueUrl":"StructureDefinition-cde-glucose-in-serum-or-plasma.html"}],"nameUrl":"StructureDefinition-cde-glucose-in-serum-or-plasma.html","title":"CDE Glucose In Serum Or Plasma","generation":"generated"},{"extension":[{"url":"http://hl7.org/fhir/tools/StructureDefinition/ig-page-name","valueUrl":"StructureDefinition-cde-hematocrit-of-blood.html"}],"nameUrl":"StructureDefinition-cde-hematocrit-of-blood.html","title":"CDE Hematocrit Of Blood","generation":"generated"},{"extension":[{"url":"http://hl7.org/fhir/tools/StructureDefinition/ig-page-name","valueUrl":"StructureDefinition-cde-hemoglobin-in-blood.html"}],"nameUrl":"StructureDefinition-cde-hemoglobin-in-blood.html","title":"CDE Hemoglobin In Blood","generation":"generated"},{"extension":[{"url":"http://hl7.org/fhir/tools/StructureDefinition/ig-page-name","valueUrl":"StructureDefinition-cde-hip-circumference.html"}],"nameUrl":"StructureDefinition-cde-hip-circumference.html","title":"CDE Hip Circumference","generation":"generated"},{"extension":[{"url":"http://hl7.org/fhir/tools/StructureDefinition/ig-page-name","valueUrl":"StructureDefinition-cde-leukocytes-in-blood.html"}],"nameUrl":"StructureDefinition-cde-leukocytes-in-blood.html","title":"CDE Leukocytes In Blood","generation":"generated"},{"extension":[{"url":"http://hl7.org/fhir/tools/StructureDefinition/ig-page-name","valueUrl":"StructureDefinition-cde-magnesium-in-serum-or-plasma.html"}],"nameUrl":"StructureDefinition-cde-magnesium-in-serum-or-plasma.html","title":"CDE Magnesium In Serum Or Plasma","generation":"generated"},{"extension":[{"url":"http://hl7.org/fhir/tools/StructureDefinition/ig-page-name","valueUrl":"StructureDefinition-cde-phosphate-in-serum-or-plasma.html"}],"nameUrl":"StructureDefinition-cde-phosphate-in-serum-or-plasma.html","title":"CDE Phosphate In Serum Or Plasma","generation":"generated"},{"extension":[{"url":"http://hl7.org/fhir/tools/StructureDefinition/ig-page-name","valueUrl":"StructureDefinition-cde-potassium-in-serum-or-plasma.html"}],"nameUrl":"StructureDefinition-cde-potassium-in-serum-or-plasma.html","title":"CDE Potassium In Serum Or Plasma","generation":"generated"},{"extension":[{"url":"http://hl7.org/fhir/tools/StructureDefinition/ig-page-name","valueUrl":"StructureDefinition-cde-sex-assigned-at-birth.html"}],"nameUrl":"StructureDefinition-cde-sex-assigned-at-birth.html","title":"CDE Sex Assigned At Birth","generation":"generated"},{"extension":[{"url":"http://hl7.org/fhir/tools/StructureDefinition/ig-page-name","valueUrl":"StructureDefinition-cde-sodium-in-serum-or-plasma.html"}],"nameUrl":"StructureDefinition-cde-sodium-in-serum-or-plasma.html","title":"CDE Sodium In Serum Or Plasma","generation":"generated"},{"extension":[{"url":"http://hl7.org/fhir/tools/StructureDefinition/ig-page-name","valueUrl":"StructureDefinition-cde-thrombocytes-in-blood.html"}],"nameUrl":"StructureDefinition-cde-thrombocytes-in-blood.html","title":"CDE Thrombocytes In Blood","generation":"generated"},{"extension":[{"url":"http://hl7.org/fhir/tools/StructureDefinition/ig-page-name","valueUrl":"StructureDefinition-cde-tobacco-smoking-status.html"}],"nameUrl":"StructureDefinition-cde-tobacco-smoking-status.html","title":"CDE Smoking Status","generation":"generated"},{"extension":[{"url":"http://hl7.org/fhir/tools/StructureDefinition/ig-page-name","valueUrl":"StructureDefinition-cde-visit-date.html"}],"nameUrl":"StructureDefinition-cde-visit-date.html","title":"CDE Visit Date","generation":"generated"},{"extension":[{"url":"http://hl7.org/fhir/tools/StructureDefinition/ig-page-name","valueUrl":"StructureDefinition-cde-waist-circumference.html"}],"nameUrl":"StructureDefinition-cde-waist-circumference.html","title":"CDE Waist Circumference","generation":"generated"},{"extension":[{"url":"http://hl7.org/fhir/tools/StructureDefinition/ig-page-name","valueUrl":"StructureDefinition-poi-patient.html"}],"nameUrl":"StructureDefinition-poi-patient.html","title":"POI Patient","generation":"generated"},{"extension":[{"url":"http://hl7.org/fhir/tools/StructureDefinition/ig-page-name","valueUrl":"StructureDefinition-poi-person.html"}],"nameUrl":"StructureDefinition-poi-person.html","title":"POI Person","generation":"generated"},{"extension":[{"url":"http://hl7.org/fhir/tools/StructureDefinition/ig-page-name","valueUrl":"StructureDefinition-poi-research-subject.html"}],"nameUrl":"StructureDefinition-poi-research-subject.html","title":"POI Research Subject","generation":"generated"},{"extension":[{"url":"http://hl7.org/fhir/tools/StructureDefinition/ig-page-name","valueUrl":"StructureDefinition-mypractitioner.html"}],"nameUrl":"StructureDefinition-mypractitioner.html","title":"MyPractitionerName","generation":"generated"},{"extension":[{"url":"http://hl7.org/fhir/tools/StructureDefinition/ig-page-name","valueUrl":"StructureDefinition-ext-myExtension.html"}],"nameUrl":"StructureDefinition-ext-myExtension.html","title":"MyExtension","generation":"generated"},{"extension":[{"url":"http://hl7.org/fhir/tools/StructureDefinition/ig-page-name","valueUrl":"ValueSet-valueset-no-codesystem.html"}],"nameUrl":"ValueSet-valueset-no-codesystem.html","title":"Value set for no code system","generation":"generated"},{"extension":[{"url":"http://hl7.org/fhir/tools/StructureDefinition/ig-page-name","valueUrl":"ValueSet-valueset-fake.html"}],"nameUrl":"ValueSet-valueset-fake.html","title":"ValueSet fake","generation":"generated"},{"extension":[{"url":"http://hl7.org/fhir/tools/StructureDefinition/ig-page-name","valueUrl":"ValueSet-vs-administrative-gender.html"}],"nameUrl":"ValueSet-vs-administrative-gender.html","title":"VS AdministrativeGender","generation":"generated"},{"extension":[{"url":"http://hl7.org/fhir/tools/StructureDefinition/ig-page-name","valueUrl":"ValueSet-vs-binary-decision-yes-or-no-as-snomed.html"}],"nameUrl":"ValueSet-vs-binary-decision-yes-or-no-as-snomed.html","title":"VS Binary Decision Yes Or No as Snomed","generation":"generated"},{"extension":[{"url":"http://hl7.org/fhir/tools/StructureDefinition/ig-page-name","valueUrl":"ValueSet-vs-biological-gender.html"}],"nameUrl":"ValueSet-vs-biological-gender.html","title":"VS Biological Gender","generation":"generated"},{"extension":[{"url":"http://hl7.org/fhir/tools/StructureDefinition/ig-page-name","valueUrl":"ValueSet-vs-ethnic-groups.html"}],"nameUrl":"ValueSet-vs-ethnic-groups.html","title":"VS Ethnic Groups","generation":"generated"},{"extension":[{"url":"http://hl7.org/fhir/tools/StructureDefinition/ig-page-name","valueUrl":"ValueSet-vs-glasgow-coma-scale-for-adults.html"}],"nameUrl":"ValueSet-vs-glasgow-coma-scale-for-adults.html","title":"VS Glasgow Coma Scale For Adults","generation":"generated"},{"extension":[{"url":"http://hl7.org/fhir/tools/StructureDefinition/ig-page-name","valueUrl":"ValueSet-vs-length-units.html"}],"nameUrl":"ValueSet-vs-length-units.html","title":"VS Length Units","generation":"generated"},{"extension":[{"url":"http://hl7.org/fhir/tools/StructureDefinition/ig-page-name","valueUrl":"ValueSet-vs-mass-concentration-units.html"}],"nameUrl":"ValueSet-vs-mass-concentration-units.html","title":"VS Mass Concentration Units","generation":"generated"},{"extension":[{"url":"http://hl7.org/fhir/tools/StructureDefinition/ig-page-name","valueUrl":"ValueSet-vs-mass-units.html"}],"nameUrl":"ValueSet-vs-mass-units.html","title":"VS Mass Units","generation":"generated"},{"extension":[{"url":"http://hl7.org/fhir/tools/StructureDefinition/ig-page-name","valueUrl":"ValueSet-vs-missing-values-as-snomed.html"}],"nameUrl":"ValueSet-vs-missing-values-as-snomed.html","title":"VS Missing Values As Snomed","generation":"generated"},{"extension":[{"url":"http://hl7.org/fhir/tools/StructureDefinition/ig-page-name","valueUrl":"ValueSet-vs-molar-concentration-units.html"}],"nameUrl":"ValueSet-vs-molar-concentration-units.html","title":"VS Molar Concentration Units","generation":"generated"},{"extension":[{"url":"http://hl7.org/fhir/tools/StructureDefinition/ig-page-name","valueUrl":"ValueSet-vs-number-concentration-units.html"}],"nameUrl":"ValueSet-vs-number-concentration-units.html","title":"VS Number Concentration Units","generation":"generated"},{"extension":[{"url":"http://hl7.org/fhir/tools/StructureDefinition/ig-page-name","valueUrl":"ValueSet-vs-smoking-status-as-snomed.html"}],"nameUrl":"ValueSet-vs-smoking-status-as-snomed.html","title":"VS Smoking Status as Loinc","generation":"generated"},{"extension":[{"url":"http://hl7.org/fhir/tools/StructureDefinition/ig-page-name","valueUrl":"ValueSet-vs-specimen-types.html"}],"nameUrl":"ValueSet-vs-specimen-types.html","title":"VS Specimen Types","generation":"generated"},{"extension":[{"url":"http://hl7.org/fhir/tools/StructureDefinition/ig-page-name","valueUrl":"ValueSet-vs-time-units.html"}],"nameUrl":"ValueSet-vs-time-units.html","title":"VS Time Units","generation":"generated"},{"extension":[{"url":"http://hl7.org/fhir/tools/StructureDefinition/ig-page-name","valueUrl":"ValueSet-vs-unity-units.html"}],"nameUrl":"ValueSet-vs-unity-units.html","title":"VS Unity Units","generation":"generated"},{"extension":[{"url":"http://hl7.org/fhir/tools/StructureDefinition/ig-page-name","valueUrl":"CodeSystem-cs-fake.html"}],"nameUrl":"CodeSystem-cs-fake.html","title":"CodeSystem fake","generation":"generated"},{"extension":[{"url":"http://hl7.org/fhir/tools/StructureDefinition/ig-page-name","valueUrl":"Patient-example.html"}],"nameUrl":"Patient-example.html","title":"Simple patient example","generation":"generated"},{"extension":[{"url":"http://hl7.org/fhir/tools/StructureDefinition/ig-page-name","valueUrl":"Observation-example.html"}],"nameUrl":"Observation-example.html","title":"Observation patient example","generation":"generated"},{"extension":[{"url":"http://hl7.org/fhir/tools/StructureDefinition/ig-page-name","valueUrl":"Binary-logical-example.html"}],"nameUrl":"Binary-logical-example.html","title":"Example of Logical Model","generation":"generated"},{"extension":[{"url":"http://hl7.org/fhir/tools/StructureDefinition/ig-page-name","valueUrl":"Binary-example.html"}],"nameUrl":"Binary-example.html","title":"Example binary","generation":"generated"},{"extension":[{"url":"http://hl7.org/fhir/tools/StructureDefinition/ig-page-name","valueUrl":"Binary-image-example.html"}],"nameUrl":"Binary-image-example.html","title":"Example of Binary Image","generation":"generated"}]}]},"parameter":[{"code":"path-resource","value":"input\\history"},{"code":"path-resource","value":"input/capabilities"},{"code":"path-resource","value":"input/examples"},{"code":"path-resource","value":"input/extensions"},{"code":"path-resource","value":"input/models"},{"code":"path-resource","value":"input/operations"},{"code":"path-resource","value":"input/profiles"},{"code":"path-resource","value":"input/resources"},{"code":"path-resource","value":"input/vocabulary"},{"code":"path-resource","value":"input/testing"},{"code":"path-resource","value":"input/history"},{"code":"path-resource","value":"fsh-generated/resources"},{"code":"path-pages","value":"template/config"},{"code":"path-pages","value":"input/images"},{"code":"path-tx-cache","value":"input-cache/txcache"}]}}