{"resourceType":"ImplementationGuide","id":"fhir.cde-catalog","text":{"status":"extensions","div":"<div xmlns=\"http://www.w3.org/1999/xhtml\"><h2>CDE-katalog</h2><p>The official URL for this implementation guide is: </p><pre>http://fhir.org/de/ImplementationGuide/cde-catalog</pre><div><p>A brief description of what MyIG is about (probably the same text as in your readme)</p>\n</div></div>"},"extension":[{"url":"http://hl7.org/fhir/StructureDefinition/structuredefinition-standards-status","valueCode":"informative"},{"url":"http://hl7.org/fhir/StructureDefinition/structuredefinition-fmm","valueInteger":1}],"url":"http://fhir.org/de/ImplementationGuide/cde-catalog","version":"0.2.0","name":"CDE-katalog","title":"Common Data Element Katalog","status":"draft","experimental":false,"date":"2023-03-16T15:14:40+01:00","publisher":"HL7 International - CDE Katalog Arbeitsgruppe","contact":[{"telecom":[{"system":"url","value":"http://hl7.org/Special/committees/[something]"}]}],"description":"A brief description of what MyIG is about (probably the same text as in your readme)","jurisdiction":[{"coding":[{"system":"http://unstats.un.org/unsd/methods/m49/m49.htm","code":"001"}]}],"packageId":"cde-katalog","license":"CC0-1.0","fhirVersion":["4.0.1"],"dependsOn":[{"id":"hl7tx","extension":[{"url":"http://hl7.org/fhir/tools/StructureDefinition/implementationguide-dependency-comment","valueMarkdown":"Automatically added as a dependency - all IGs depend on HL7 Terminology"}],"uri":"http://terminology.hl7.org/ImplementationGuide/hl7.terminology","packageId":"hl7.terminology.r4","version":"5.0.0"}],"definition":{"extension":[{"extension":[{"url":"code","valueString":"copyrightyear"},{"url":"value","valueString":"2023+"}],"url":"http://hl7.org/fhir/tools/StructureDefinition/ig-parameter"},{"extension":[{"url":"code","valueString":"releaselabel"},{"url":"value","valueString":"CI Build"}],"url":"http://hl7.org/fhir/tools/StructureDefinition/ig-parameter"},{"extension":[{"url":"code","valueString":"path-liquid"},{"url":"value","valueString":"templates\\liquid"}],"url":"http://hl7.org/fhir/tools/StructureDefinition/ig-parameter"},{"extension":[{"url":"code","valueString":"shownav"},{"url":"value","valueString":"true"}],"url":"http://hl7.org/fhir/tools/StructureDefinition/ig-parameter"},{"extension":[{"url":"code","valueString":"showsource"},{"url":"value","valueString":"true"}],"url":"http://hl7.org/fhir/tools/StructureDefinition/ig-parameter"},{"extension":[{"url":"code","valueString":"autoload-resources"},{"url":"value","valueString":"true"}],"url":"http://hl7.org/fhir/tools/StructureDefinition/ig-parameter"},{"extension":[{"url":"code","valueString":"path-liquid"},{"url":"value","valueString":"template/liquid"}],"url":"http://hl7.org/fhir/tools/StructureDefinition/ig-parameter"},{"extension":[{"url":"code","valueString":"path-liquid"},{"url":"value","valueString":"input/liquid"}],"url":"http://hl7.org/fhir/tools/StructureDefinition/ig-parameter"},{"extension":[{"url":"code","valueString":"path-qa"},{"url":"value","valueString":"temp/qa"}],"url":"http://hl7.org/fhir/tools/StructureDefinition/ig-parameter"},{"extension":[{"url":"code","valueString":"path-temp"},{"url":"value","valueString":"temp/pages"}],"url":"http://hl7.org/fhir/tools/StructureDefinition/ig-parameter"},{"extension":[{"url":"code","valueString":"path-output"},{"url":"value","valueString":"output"}],"url":"http://hl7.org/fhir/tools/StructureDefinition/ig-parameter"},{"extension":[{"url":"code","valueString":"path-suppressed-warnings"},{"url":"value","valueString":"input/ignoreWarnings.txt"}],"url":"http://hl7.org/fhir/tools/StructureDefinition/ig-parameter"},{"extension":[{"url":"code","valueString":"path-history"},{"url":"value","valueString":"http://fhir.org/de/history.html"}],"url":"http://hl7.org/fhir/tools/StructureDefinition/ig-parameter"},{"extension":[{"url":"code","valueString":"template-html"},{"url":"value","valueString":"template-page.html"}],"url":"http://hl7.org/fhir/tools/StructureDefinition/ig-parameter"},{"extension":[{"url":"code","valueString":"template-md"},{"url":"value","valueString":"template-page-md.html"}],"url":"http://hl7.org/fhir/tools/StructureDefinition/ig-parameter"},{"extension":[{"url":"code","valueString":"apply-contact"},{"url":"value","valueString":"true"}],"url":"http://hl7.org/fhir/tools/StructureDefinition/ig-parameter"},{"extension":[{"url":"code","valueString":"apply-context"},{"url":"value","valueString":"true"}],"url":"http://hl7.org/fhir/tools/StructureDefinition/ig-parameter"},{"extension":[{"url":"code","valueString":"apply-copyright"},{"url":"value","valueString":"true"}],"url":"http://hl7.org/fhir/tools/StructureDefinition/ig-parameter"},{"extension":[{"url":"code","valueString":"apply-jurisdiction"},{"url":"value","valueString":"true"}],"url":"http://hl7.org/fhir/tools/StructureDefinition/ig-parameter"},{"extension":[{"url":"code","valueString":"apply-license"},{"url":"value","valueString":"true"}],"url":"http://hl7.org/fhir/tools/StructureDefinition/ig-parameter"},{"extension":[{"url":"code","valueString":"apply-publisher"},{"url":"value","valueString":"true"}],"url":"http://hl7.org/fhir/tools/StructureDefinition/ig-parameter"},{"extension":[{"url":"code","valueString":"apply-version"},{"url":"value","valueString":"true"}],"url":"http://hl7.org/fhir/tools/StructureDefinition/ig-parameter"},{"extension":[{"url":"code","valueString":"active-tables"},{"url":"value","valueString":"true"}],"url":"http://hl7.org/fhir/tools/StructureDefinition/ig-parameter"},{"extension":[{"url":"code","valueString":"fmm-definition"},{"url":"value","valueString":"http://hl7.org/fhir/versions.html#maturity"}],"url":"http://hl7.org/fhir/tools/StructureDefinition/ig-parameter"},{"extension":[{"url":"code","valueString":"propagate-status"},{"url":"value","valueString":"true"}],"url":"http://hl7.org/fhir/tools/StructureDefinition/ig-parameter"},{"extension":[{"url":"code","valueString":"excludelogbinaryformat"},{"url":"value","valueString":"true"}],"url":"http://hl7.org/fhir/tools/StructureDefinition/ig-parameter"},{"extension":[{"url":"code","valueString":"tabbed-snapshots"},{"url":"value","valueString":"true"}],"url":"http://hl7.org/fhir/tools/StructureDefinition/ig-parameter"},{"extension":[{"url":"code","valueString":"copyrightyear"},{"url":"value","valueString":"2023+"}],"url":"http://hl7.org/fhir/tools/StructureDefinition/ig-parameter"},{"extension":[{"url":"code","valueString":"releaselabel"},{"url":"value","valueString":"CI Build"}],"url":"http://hl7.org/fhir/tools/StructureDefinition/ig-parameter"},{"extension":[{"url":"code","valueString":"path-liquid"},{"url":"value","valueString":"templates\\liquid"}],"url":"http://hl7.org/fhir/tools/StructureDefinition/ig-parameter"},{"extension":[{"url":"code","valueString":"shownav"},{"url":"value","valueString":"true"}],"url":"http://hl7.org/fhir/tools/StructureDefinition/ig-parameter"},{"extension":[{"url":"code","valueString":"showsource"},{"url":"value","valueString":"true"}],"url":"http://hl7.org/fhir/tools/StructureDefinition/ig-parameter"},{"extension":[{"url":"code","valueString":"autoload-resources"},{"url":"value","valueString":"true"}],"url":"http://hl7.org/fhir/tools/StructureDefinition/ig-parameter"},{"extension":[{"url":"code","valueString":"path-liquid"},{"url":"value","valueString":"template/liquid"}],"url":"http://hl7.org/fhir/tools/StructureDefinition/ig-parameter"},{"extension":[{"url":"code","valueString":"path-liquid"},{"url":"value","valueString":"input/liquid"}],"url":"http://hl7.org/fhir/tools/StructureDefinition/ig-parameter"},{"extension":[{"url":"code","valueString":"path-qa"},{"url":"value","valueString":"temp/qa"}],"url":"http://hl7.org/fhir/tools/StructureDefinition/ig-parameter"},{"extension":[{"url":"code","valueString":"path-temp"},{"url":"value","valueString":"temp/pages"}],"url":"http://hl7.org/fhir/tools/StructureDefinition/ig-parameter"},{"extension":[{"url":"code","valueString":"path-output"},{"url":"value","valueString":"output"}],"url":"http://hl7.org/fhir/tools/StructureDefinition/ig-parameter"},{"extension":[{"url":"code","valueString":"path-suppressed-warnings"},{"url":"value","valueString":"input/ignoreWarnings.txt"}],"url":"http://hl7.org/fhir/tools/StructureDefinition/ig-parameter"},{"extension":[{"url":"code","valueString":"path-history"},{"url":"value","valueString":"http://fhir.org/de/history.html"}],"url":"http://hl7.org/fhir/tools/StructureDefinition/ig-parameter"},{"extension":[{"url":"code","valueString":"template-html"},{"url":"value","valueString":"template-page.html"}],"url":"http://hl7.org/fhir/tools/StructureDefinition/ig-parameter"},{"extension":[{"url":"code","valueString":"template-md"},{"url":"value","valueString":"template-page-md.html"}],"url":"http://hl7.org/fhir/tools/StructureDefinition/ig-parameter"},{"extension":[{"url":"code","valueString":"apply-contact"},{"url":"value","valueString":"true"}],"url":"http://hl7.org/fhir/tools/StructureDefinition/ig-parameter"},{"extension":[{"url":"code","valueString":"apply-context"},{"url":"value","valueString":"true"}],"url":"http://hl7.org/fhir/tools/StructureDefinition/ig-parameter"},{"extension":[{"url":"code","valueString":"apply-copyright"},{"url":"value","valueString":"true"}],"url":"http://hl7.org/fhir/tools/StructureDefinition/ig-parameter"},{"extension":[{"url":"code","valueString":"apply-jurisdiction"},{"url":"value","valueString":"true"}],"url":"http://hl7.org/fhir/tools/StructureDefinition/ig-parameter"},{"extension":[{"url":"code","valueString":"apply-license"},{"url":"value","valueString":"true"}],"url":"http://hl7.org/fhir/tools/StructureDefinition/ig-parameter"},{"extension":[{"url":"code","valueString":"apply-publisher"},{"url":"value","valueString":"true"}],"url":"http://hl7.org/fhir/tools/StructureDefinition/ig-parameter"},{"extension":[{"url":"code","valueString":"apply-version"},{"url":"value","valueString":"true"}],"url":"http://hl7.org/fhir/tools/StructureDefinition/ig-parameter"},{"extension":[{"url":"code","valueString":"active-tables"},{"url":"value","valueString":"true"}],"url":"http://hl7.org/fhir/tools/StructureDefinition/ig-parameter"},{"extension":[{"url":"code","valueString":"fmm-definition"},{"url":"value","valueString":"http://hl7.org/fhir/versions.html#maturity"}],"url":"http://hl7.org/fhir/tools/StructureDefinition/ig-parameter"},{"extension":[{"url":"code","valueString":"propagate-status"},{"url":"value","valueString":"true"}],"url":"http://hl7.org/fhir/tools/StructureDefinition/ig-parameter"},{"extension":[{"url":"code","valueString":"excludelogbinaryformat"},{"url":"value","valueString":"true"}],"url":"http://hl7.org/fhir/tools/StructureDefinition/ig-parameter"},{"extension":[{"url":"code","valueString":"tabbed-snapshots"},{"url":"value","valueString":"true"}],"url":"http://hl7.org/fhir/tools/StructureDefinition/ig-parameter"},{"extension":[{"url":"code","valueString":"copyrightyear"},{"url":"value","valueString":"2023+"}],"url":"http://hl7.org/fhir/tools/StructureDefinition/ig-parameter"},{"extension":[{"url":"code","valueString":"releaselabel"},{"url":"value","valueString":"CI Build"}],"url":"http://hl7.org/fhir/tools/StructureDefinition/ig-parameter"},{"extension":[{"url":"code","valueString":"path-liquid"},{"url":"value","valueString":"templates\\liquid"}],"url":"http://hl7.org/fhir/tools/StructureDefinition/ig-parameter"},{"extension":[{"url":"code","valueString":"shownav"},{"url":"value","valueString":"true"}],"url":"http://hl7.org/fhir/tools/StructureDefinition/ig-parameter"},{"extension":[{"url":"code","valueString":"showsource"},{"url":"value","valueString":"true"}],"url":"http://hl7.org/fhir/tools/StructureDefinition/ig-parameter"},{"extension":[{"url":"code","valueString":"autoload-resources"},{"url":"value","valueString":"true"}],"url":"http://hl7.org/fhir/tools/StructureDefinition/ig-parameter"},{"extension":[{"url":"code","valueString":"path-liquid"},{"url":"value","valueString":"template/liquid"}],"url":"http://hl7.org/fhir/tools/StructureDefinition/ig-parameter"},{"extension":[{"url":"code","valueString":"path-liquid"},{"url":"value","valueString":"input/liquid"}],"url":"http://hl7.org/fhir/tools/StructureDefinition/ig-parameter"},{"extension":[{"url":"code","valueString":"path-qa"},{"url":"value","valueString":"temp/qa"}],"url":"http://hl7.org/fhir/tools/StructureDefinition/ig-parameter"},{"extension":[{"url":"code","valueString":"path-temp"},{"url":"value","valueString":"temp/pages"}],"url":"http://hl7.org/fhir/tools/StructureDefinition/ig-parameter"},{"extension":[{"url":"code","valueString":"path-output"},{"url":"value","valueString":"output"}],"url":"http://hl7.org/fhir/tools/StructureDefinition/ig-parameter"},{"extension":[{"url":"code","valueString":"path-suppressed-warnings"},{"url":"value","valueString":"input/ignoreWarnings.txt"}],"url":"http://hl7.org/fhir/tools/StructureDefinition/ig-parameter"},{"extension":[{"url":"code","valueString":"path-history"},{"url":"value","valueString":"http://fhir.org/de/history.html"}],"url":"http://hl7.org/fhir/tools/StructureDefinition/ig-parameter"},{"extension":[{"url":"code","valueString":"template-html"},{"url":"value","valueString":"template-page.html"}],"url":"http://hl7.org/fhir/tools/StructureDefinition/ig-parameter"},{"extension":[{"url":"code","valueString":"template-md"},{"url":"value","valueString":"template-page-md.html"}],"url":"http://hl7.org/fhir/tools/StructureDefinition/ig-parameter"},{"extension":[{"url":"code","valueString":"apply-contact"},{"url":"value","valueString":"true"}],"url":"http://hl7.org/fhir/tools/StructureDefinition/ig-parameter"},{"extension":[{"url":"code","valueString":"apply-context"},{"url":"value","valueString":"true"}],"url":"http://hl7.org/fhir/tools/StructureDefinition/ig-parameter"},{"extension":[{"url":"code","valueString":"apply-copyright"},{"url":"value","valueString":"true"}],"url":"http://hl7.org/fhir/tools/StructureDefinition/ig-parameter"},{"extension":[{"url":"code","valueString":"apply-jurisdiction"},{"url":"value","valueString":"true"}],"url":"http://hl7.org/fhir/tools/StructureDefinition/ig-parameter"},{"extension":[{"url":"code","valueString":"apply-license"},{"url":"value","valueString":"true"}],"url":"http://hl7.org/fhir/tools/StructureDefinition/ig-parameter"},{"extension":[{"url":"code","valueString":"apply-publisher"},{"url":"value","valueString":"true"}],"url":"http://hl7.org/fhir/tools/StructureDefinition/ig-parameter"},{"extension":[{"url":"code","valueString":"apply-version"},{"url":"value","valueString":"true"}],"url":"http://hl7.org/fhir/tools/StructureDefinition/ig-parameter"},{"extension":[{"url":"code","valueString":"active-tables"},{"url":"value","valueString":"true"}],"url":"http://hl7.org/fhir/tools/StructureDefinition/ig-parameter"},{"extension":[{"url":"code","valueString":"fmm-definition"},{"url":"value","valueString":"http://hl7.org/fhir/versions.html#maturity"}],"url":"http://hl7.org/fhir/tools/StructureDefinition/ig-parameter"},{"extension":[{"url":"code","valueString":"propagate-status"},{"url":"value","valueString":"true"}],"url":"http://hl7.org/fhir/tools/StructureDefinition/ig-parameter"},{"extension":[{"url":"code","valueString":"excludelogbinaryformat"},{"url":"value","valueString":"true"}],"url":"http://hl7.org/fhir/tools/StructureDefinition/ig-parameter"},{"extension":[{"url":"code","valueString":"tabbed-snapshots"},{"url":"value","valueString":"true"}],"url":"http://hl7.org/fhir/tools/StructureDefinition/ig-parameter"}],"grouping":[{"id":"-str-questionnaire","name":"Structures: Questionnaires","description":"These define forms used by systems conforming to this implementation guide to capture or expose data to end users."},{"id":"-str-abstractprofile","name":"Structures: Abstract Profiles","description":"These are profiles on resources or data types that describe patterns used by other profiles, but cannot be instantiated directly.  I.e. instances can conform to profiles *based* on these abstract profiles, but do not declare conformance to the abstract profiles themselves."},{"id":"-str-profile","name":"Structures: Resource Profiles","description":"These define constraints on FHIR resources for systems conforming to this implementation guide."},{"id":"-term-valueset","name":"Terminology: Value Sets","description":"These define sets of codes used by systems conforming to this implementation guide."}],"resource":[{"extension":[{"url":"http://hl7.org/fhir/StructureDefinition/implementationguide-page","valueUri":"Questionnaire-Top300Loinc.html"}],"reference":{"reference":"Questionnaire/Top300Loinc"},"name":"Top 300 Laboratory Value Dataset of the Medical Informatics Initiative Germany (MII) (Extended Version);","description":"The Top 300 Dataset (Kerndatensatz Labor) was developed by the Medical Informatics Initiative Germany (MII) and contains frequency-sorted, LOINC-coded analyses of the university clinics in Göttingen, Gießen, Munich, Greifswald and Erlangen. This form shows a detailed description containing primary and secondary LOINC codes of the 300 most common laboratory parameters. For each of the 300 laboratory parameters an itemgroup was created with all accepted variants of the laboratory parameters as items (secondary LOINC codes), the first item being the preferred LOINC variant of the MII (primary LOINC code). The itemgroup title is based on the primary LOINC code. The list is divided into subforms by the associated classes of laboratory parameters. If more than one class, the parameters can be found in the MIXED subform. An overview of the preferred presentation can also be found in the MDM portal (Laboratory Tests (Overview)). https://www.medizininformatik-initiative.de/de/labordaten-in-der-medizininformatik-initiative Explanation of abbreviations for types of specimen and classes/subforms: Type of specimen: Bld &amp;#61; Blood BldA &amp;#61; arterial blood Ser &amp;#61; Serum Plas &amp;#61; Plasma RBC &amp;#61; Red blood cells PPP &amp;#61; Platelet poor plasma Urine sed &amp;#61; Urine sediment CSF &amp;#61; Cerebral spinal fluid Body fld &amp;#61; Body fluid Classes (Subforms): CHEM &amp;#61; Chemistry HEM/BC &amp;#61; Hematology/Blood Cell Count COAG &amp;#61; Coagulation study UA &amp;#61; Urinalysis CELLMARK &amp;#61; Cell markers CLIN &amp;#61; clinical not elsewhere classified DRUG/TOX &amp;#61; drug levels &amp; toxicology SERO &amp;#61; serology MICRO &amp;#61; Microbiology SPEC &amp;#61; Specimen characteristics","groupingId":"-str-questionnaire"},{"extension":[{"url":"http://hl7.org/fhir/StructureDefinition/implementationguide-page","valueUri":"StructureDefinition-c-chronological-age.html"}],"reference":{"reference":"StructureDefinition/c-chronological-age"},"name":"C Chronological Age","description":"Dieses abstrakte Profil beschreibt die Kategorie 'Detail der demografischen Geschichte'.","groupingId":"-str-abstractprofile"},{"extension":[{"url":"http://hl7.org/fhir/StructureDefinition/implementationguide-page","valueUri":"StructureDefinition-cd-age-of-person.html"}],"reference":{"reference":"StructureDefinition/cd-age-of-person"},"name":"CD Age Of Person","description":"Das chronologische Alter bezieht sich auf das Alter einer Person in Bezug auf die Anzahl der vergangenen Kalenderjahre seit ihrer Geburt.","groupingId":"-str-abstractprofile"},{"extension":[{"url":"http://hl7.org/fhir/StructureDefinition/implementationguide-page","valueUri":"StructureDefinition-cde-age-at-diagnosis-of-essential-hypertension.html"}],"reference":{"reference":"StructureDefinition/cde-age-at-diagnosis-of-essential-hypertension"},"name":"CDE Age At Diagnosis Of Essential Hypertension","description":"Dieses CDE enthält das 'Alter zum Zeitpunkt der Diagnose Essenzielle (primäre) Hypertonie'.","groupingId":"-str-profile"},{"extension":[{"url":"http://hl7.org/fhir/StructureDefinition/implementationguide-page","valueUri":"StructureDefinition-cde-age.html"}],"reference":{"reference":"StructureDefinition/cde-age"},"name":"CDE Age","description":"Dieses CDE enthält das 'Alter'.","groupingId":"-str-profile"},{"extension":[{"url":"http://hl7.org/fhir/StructureDefinition/implementationguide-page","valueUri":"StructureDefinition-cde-birth-date.html"}],"reference":{"reference":"StructureDefinition/cde-birth-date"},"name":"CDE Birth Date","description":"Dieses CDE enthält das 'Geburtsdatum'.","groupingId":"-str-profile"},{"extension":[{"url":"http://hl7.org/fhir/StructureDefinition/implementationguide-page","valueUri":"StructureDefinition-cde-blood-pressure-diastolic.html"}],"reference":{"reference":"StructureDefinition/cde-blood-pressure-diastolic"},"name":"CDE Blood Pressure Diastolic","description":"Dieses CDE enthät den 'diastolischen Blutdruck'.","groupingId":"-str-profile"},{"extension":[{"url":"http://hl7.org/fhir/StructureDefinition/implementationguide-page","valueUri":"StructureDefinition-cde-blood-pressure-systolic.html"}],"reference":{"reference":"StructureDefinition/cde-blood-pressure-systolic"},"name":"CDE Blood Pressure Systolic","description":"Dieses CDE enthät den 'systolischen Blutdruck'.","groupingId":"-str-profile"},{"extension":[{"url":"http://hl7.org/fhir/StructureDefinition/implementationguide-page","valueUri":"StructureDefinition-cde-body-height.html"}],"reference":{"reference":"StructureDefinition/cde-body-height"},"name":"CDE Body Height","description":"Dieses CDE enthält die 'Körpergröße'.","groupingId":"-str-profile"},{"extension":[{"url":"http://hl7.org/fhir/StructureDefinition/implementationguide-page","valueUri":"StructureDefinition-cde-body-mass-index.html"}],"reference":{"reference":"StructureDefinition/cde-body-mass-index"},"name":"CDE Body Mass Index","description":"Dieses CDE enthält den 'Body Mass Index (BMI) [Verhältnis]'.","groupingId":"-str-profile"},{"extension":[{"url":"http://hl7.org/fhir/StructureDefinition/implementationguide-page","valueUri":"StructureDefinition-cde-body-weight.html"}],"reference":{"reference":"StructureDefinition/cde-body-weight"},"name":"CDE Body Weight","description":"Dieses CDE enthält das 'Körpergewicht'.","groupingId":"-str-profile"},{"extension":[{"url":"http://hl7.org/fhir/StructureDefinition/implementationguide-page","valueUri":"StructureDefinition-cde-calcium-in-serum-or-plasma-mass-concentration.html"}],"reference":{"reference":"StructureDefinition/cde-calcium-in-serum-or-plasma-mass-concentration"},"name":"CDE Calcium In Serum Or Plasma Mass Concentration","description":"Dieses CDE enthält den Messparameter 'Kalzium [Mass/Volumen] in Serum oder Plasma'.","groupingId":"-str-profile"},{"extension":[{"url":"http://hl7.org/fhir/StructureDefinition/implementationguide-page","valueUri":"StructureDefinition-cde-calcium-in-serum-or-plasma-mole-concentration.html"}],"reference":{"reference":"StructureDefinition/cde-calcium-in-serum-or-plasma-mole-concentration"},"name":"CDE Calcium In Serum Or Plasma Mole Concentration","description":"Dieses CDE enthält den Messparameter 'Kalzium [Mol/Volumen] in Serum oder Plasma'.","groupingId":"-str-profile"},{"extension":[{"url":"http://hl7.org/fhir/StructureDefinition/implementationguide-page","valueUri":"StructureDefinition-cde-chloride-in-serum-or-plasma-mole-concentration.html"}],"reference":{"reference":"StructureDefinition/cde-chloride-in-serum-or-plasma-mole-concentration"},"name":"CDE Chloride In Serum Or Plasma Mole Concentration","description":"Dieses CDE enthält den Messparameter 'Chlorid [Mol/Volumen] in Serum oder Plasma'.","groupingId":"-str-profile"},{"extension":[{"url":"http://hl7.org/fhir/StructureDefinition/implementationguide-page","valueUri":"StructureDefinition-cde-cholesterol-inserum-or-plasma-mole-conentration.html"}],"reference":{"reference":"StructureDefinition/cde-cholesterol-inserum-or-plasma-mole-conentration"},"name":"CDE cholesterol Inserum Or Plasma Mole Conentration","description":"Dieses CDE enthält den Messparameter 'Cholsterin [Mol/Volumen] in Serum oder Plasma'.","groupingId":"-str-profile"},{"extension":[{"url":"http://hl7.org/fhir/StructureDefinition/implementationguide-page","valueUri":"StructureDefinition-cde-creatinine-in-serum-or-plasma-mole-concentration.html"}],"reference":{"reference":"StructureDefinition/cde-creatinine-in-serum-or-plasma-mole-concentration"},"name":"CDE Creatinine In Serum Or Plasma Mole Concentration","description":"Dieses CDE enthält den Messparameter 'Kreatinin [Mol/Volumen] in Serum oder Plasma'.","groupingId":"-str-profile"},{"extension":[{"url":"http://hl7.org/fhir/StructureDefinition/implementationguide-page","valueUri":"StructureDefinition-cde-current-age-calculated.html"}],"reference":{"reference":"StructureDefinition/cde-current-age-calculated"},"name":"CDE Current Age Calculated","description":"Dieses CDE enthält das 'aktuelle Alter - berechnet'.","groupingId":"-str-profile"},{"extension":[{"url":"http://hl7.org/fhir/StructureDefinition/implementationguide-page","valueUri":"StructureDefinition-cde-current-age-reported.html"}],"reference":{"reference":"StructureDefinition/cde-current-age-reported"},"name":"CDE Current Age Reported","description":"Dieses CDE enthält das 'aktuelle Alter - berichtet'.","groupingId":"-str-profile"},{"extension":[{"url":"http://hl7.org/fhir/StructureDefinition/implementationguide-page","valueUri":"StructureDefinition-cde-date-of-diagnosis.html"}],"reference":{"reference":"StructureDefinition/cde-date-of-diagnosis"},"name":"CDE Date Of Diagnosis","description":"Dieses CDE enthält das 'Datum der Diagnose'.","groupingId":"-str-profile"},{"extension":[{"url":"http://hl7.org/fhir/StructureDefinition/implementationguide-page","valueUri":"StructureDefinition-cde-diabetes-mellitus-status-yes-or-no.html"}],"reference":{"reference":"StructureDefinition/cde-diabetes-mellitus-status-yes-or-no"},"name":"CDE diabetes Mellitus Status Yes Or No","description":"Dieses CDE enthält den 'Status für eine Diabetes Mellitus Erkrankung'","groupingId":"-str-profile"},{"extension":[{"url":"http://hl7.org/fhir/StructureDefinition/implementationguide-page","valueUri":"StructureDefinition-cde-diagnosis.html"}],"reference":{"reference":"StructureDefinition/cde-diagnosis"},"name":"CDE Diagnosis","description":"Dieses CDE enthält eine 'Diagnose'","groupingId":"-str-profile"},{"extension":[{"url":"http://hl7.org/fhir/StructureDefinition/implementationguide-page","valueUri":"StructureDefinition-cde-erythrocytes-in-blood-count-per-volume.html"}],"reference":{"reference":"StructureDefinition/cde-erythrocytes-in-blood-count-per-volume"},"name":"CDE Erythrocytes In Blood Count Per Volume","description":"Dieses CDE enthält den Messparameter 'Erytrhozyten [Anzahl/Volumen] in Blut","groupingId":"-str-profile"},{"extension":[{"url":"http://hl7.org/fhir/StructureDefinition/implementationguide-page","valueUri":"StructureDefinition-cde-ethnicity.html"}],"reference":{"reference":"StructureDefinition/cde-ethnicity"},"name":"CDE Ethnicity","description":"Dieses CDE enthält die 'Ethnizität'.","groupingId":"-str-profile"},{"extension":[{"url":"http://hl7.org/fhir/StructureDefinition/implementationguide-page","valueUri":"StructureDefinition-cde-glasgow-coma-score.html"}],"reference":{"reference":"StructureDefinition/cde-glasgow-coma-score"},"name":"CDE Glasgow Coma Score","description":"Dieses CDE enthält den Glasgow Coma Score (GCS)","groupingId":"-str-profile"},{"extension":[{"url":"http://hl7.org/fhir/StructureDefinition/implementationguide-page","valueUri":"StructureDefinition-cde-glucose-in-serum-or-plasma-mole-concentration.html"}],"reference":{"reference":"StructureDefinition/cde-glucose-in-serum-or-plasma-mole-concentration"},"name":"CDE Glucose In Serum Or Plasma Mole Concentration","description":"Dieses CDE enthält den Messparameter 'Glukose [Mol/Volumen] in Serum oder Plasma'.","groupingId":"-str-profile"},{"extension":[{"url":"http://hl7.org/fhir/StructureDefinition/implementationguide-page","valueUri":"StructureDefinition-cde-heart-rate-beats-per-minute.html"}],"reference":{"reference":"StructureDefinition/cde-heart-rate-beats-per-minute"},"name":"CDE heart Rate Beats Per Minute","description":"Dieses CDE enthät die 'Herzfrequenz'.","groupingId":"-str-profile"},{"extension":[{"url":"http://hl7.org/fhir/StructureDefinition/implementationguide-page","valueUri":"StructureDefinition-cde-hematocrit-of-blood.html"}],"reference":{"reference":"StructureDefinition/cde-hematocrit-of-blood"},"name":"CDE Hematocrit Of Blood","description":"Dieses CDE enthält den Messparameter 'Hämoglobin von Blut'.","groupingId":"-str-profile"},{"extension":[{"url":"http://hl7.org/fhir/StructureDefinition/implementationguide-page","valueUri":"StructureDefinition-cde-hemoglobin-in-blood-mole-concentration.html"}],"reference":{"reference":"StructureDefinition/cde-hemoglobin-in-blood-mole-concentration"},"name":"CDE Hemoglobin In Blood Mole Concentration","description":"Dieses CDE enthält den Messparameter 'Hämoglobin [Mol/Volumen] in Blut'.","groupingId":"-str-profile"},{"extension":[{"url":"http://hl7.org/fhir/StructureDefinition/implementationguide-page","valueUri":"StructureDefinition-cde-hip-circumference.html"}],"reference":{"reference":"StructureDefinition/cde-hip-circumference"},"name":"CDE Hip Circumference","description":"Dieses CDE enhält den 'Hüftumfang'.","groupingId":"-str-profile"},{"extension":[{"url":"http://hl7.org/fhir/StructureDefinition/implementationguide-page","valueUri":"StructureDefinition-cde-leucocyctes-in-urine-dipstick-test.html"}],"reference":{"reference":"StructureDefinition/cde-leucocyctes-in-urine-dipstick-test"},"name":"CDE Leucocyctes In Urine Dipstick Test","description":"Dieses CDE enthält den Messparameter 'Leukozyten [Anwesenheit] in Urin gemessen mit Messtäbchen'.","groupingId":"-str-profile"},{"extension":[{"url":"http://hl7.org/fhir/StructureDefinition/implementationguide-page","valueUri":"StructureDefinition-cde-leukocytes-in-blood-count-per-volume.html"}],"reference":{"reference":"StructureDefinition/cde-leukocytes-in-blood-count-per-volume"},"name":"CDE Leukocytes In Blood Count Per Volume","description":"Dieses CDE enthält den Messparameter 'Leukozyten [Anzahl/Volumen] in Blut'.","groupingId":"-str-profile"},{"extension":[{"url":"http://hl7.org/fhir/StructureDefinition/implementationguide-page","valueUri":"StructureDefinition-cde-magnesium-in-serum-or-plasma-mole-concentration.html"}],"reference":{"reference":"StructureDefinition/cde-magnesium-in-serum-or-plasma-mole-concentration"},"name":"CDE Magnesium In Serum Or Plasma Mole Concentration","description":"Dieses CDE enthält den Messparameter 'Magnesium [Mol/Volumen] in Serum oder Plasma'.","groupingId":"-str-profile"},{"extension":[{"url":"http://hl7.org/fhir/StructureDefinition/implementationguide-page","valueUri":"StructureDefinition-cde-mean-corpuscular-hemoglobin-level-entitic-mass.html"}],"reference":{"reference":"StructureDefinition/cde-mean-corpuscular-hemoglobin-level-entitic-mass"},"name":"CDE Mean Corpuscular Hemoglobin Level Entitic Mass","description":"Dieses CDE enhält das 'Mittlere korpuskuläre Hämoglobin [Entitische Masse]'.","groupingId":"-str-profile"},{"extension":[{"url":"http://hl7.org/fhir/StructureDefinition/implementationguide-page","valueUri":"StructureDefinition-cde-mean-corpuscular-volume-entitic-volume.html"}],"reference":{"reference":"StructureDefinition/cde-mean-corpuscular-volume-entitic-volume"},"name":"CDE Mean Corpuscular Volume Entitic Volume","description":"Dieses CDE enthält den Messparameter 'Mittleres korpuskuläre Volumen [Entitische Volume]'.","groupingId":"-str-profile"},{"extension":[{"url":"http://hl7.org/fhir/StructureDefinition/implementationguide-page","valueUri":"StructureDefinition-cde-phosphate-in-serum-or-plasma-mole-concentration.html"}],"reference":{"reference":"StructureDefinition/cde-phosphate-in-serum-or-plasma-mole-concentration"},"name":"CDE Phosphate In Serum Or Plasma Mole Concentration","description":"Dieses CDE enthält den Messparameter 'Natrium [Mol/Volumen] in Serum oder Plasma'.","groupingId":"-str-profile"},{"extension":[{"url":"http://hl7.org/fhir/StructureDefinition/implementationguide-page","valueUri":"StructureDefinition-cde-potassium-in-serum-or-plasma-mole-concentration.html"}],"reference":{"reference":"StructureDefinition/cde-potassium-in-serum-or-plasma-mole-concentration"},"name":"CDE Potassium In Serum Or Plasma Mole Concentration","description":"Dieses CDE enthält den Messparameter 'Kalium [Mol/Volumen] in Serum oder Plasma'.","groupingId":"-str-profile"},{"extension":[{"url":"http://hl7.org/fhir/StructureDefinition/implementationguide-page","valueUri":"StructureDefinition-cde-sex-assigned-at-birth.html"}],"reference":{"reference":"StructureDefinition/cde-sex-assigned-at-birth"},"name":"CDE Sex Assigned At Birth","description":"Dieses CDE enthält das 'bei Geburt zugewiesene Geschlecht'.","groupingId":"-str-profile"},{"extension":[{"url":"http://hl7.org/fhir/StructureDefinition/implementationguide-page","valueUri":"StructureDefinition-cde-sodium-in-serum-or-plasma-mole-concentration.html"}],"reference":{"reference":"StructureDefinition/cde-sodium-in-serum-or-plasma-mole-concentration"},"name":"CDE Sodium In Serum Or Plasma Mole Concentration","description":"Dieses CDE enthält den Messparameter 'Natrium [Mol/Volumen] in Serum oder Plasma'.","groupingId":"-str-profile"},{"extension":[{"url":"http://hl7.org/fhir/StructureDefinition/implementationguide-page","valueUri":"StructureDefinition-cde-thrombocytes-in-blood-count-per-volume.html"}],"reference":{"reference":"StructureDefinition/cde-thrombocytes-in-blood-count-per-volume"},"name":"CDE Thrombocytes In Blood Count Per Volume","description":"Dieses CDE enthält den Messparameter 'Thrombozyten [Anzahl/Volumen] in Blut'.","groupingId":"-str-profile"},{"extension":[{"url":"http://hl7.org/fhir/StructureDefinition/implementationguide-page","valueUri":"StructureDefinition-cde-tobacco-smoking-cessation-age.html"}],"reference":{"reference":"StructureDefinition/cde-tobacco-smoking-cessation-age"},"name":"CDE tobacco Smoking Cessation Age","description":"Dieses CDE enthält das 'Alter' in dem eine Person mit dem Rauchen aufgehört hat.","groupingId":"-str-profile"},{"extension":[{"url":"http://hl7.org/fhir/StructureDefinition/implementationguide-page","valueUri":"StructureDefinition-cde-tobacco-smoking-cessation-year.html"}],"reference":{"reference":"StructureDefinition/cde-tobacco-smoking-cessation-year"},"name":"CDE Tobacco Smoking Cessation Year","description":"Dieses CDE enhält das 'Jahr in dem mit Rauchen aufgehört wurde'.","groupingId":"-str-profile"},{"extension":[{"url":"http://hl7.org/fhir/StructureDefinition/implementationguide-page","valueUri":"StructureDefinition-cde-tobacco-smoking-pack-year.html"}],"reference":{"reference":"StructureDefinition/cde-tobacco-smoking-pack-year"},"name":"CDE Tobacco Smoking Pack Year","description":"Dieses CDE enthält den 'Packungsjahr'.","groupingId":"-str-profile"},{"extension":[{"url":"http://hl7.org/fhir/StructureDefinition/implementationguide-page","valueUri":"StructureDefinition-cde-tobacco-smoking-status-yes-or-no.html"}],"reference":{"reference":"StructureDefinition/cde-tobacco-smoking-status-yes-or-no"},"name":"CDE tobacco Smoking Status Yes Or No","description":"Dieses CDE enthält den 'Raucherstatus'.","groupingId":"-str-profile"},{"extension":[{"url":"http://hl7.org/fhir/StructureDefinition/implementationguide-page","valueUri":"StructureDefinition-cde-tobacco-smoking-status.html"}],"reference":{"reference":"StructureDefinition/cde-tobacco-smoking-status"},"name":"CDE Smoking Status","description":"Dieses CDE enthält den 'Raucherstatus'.","groupingId":"-str-profile"},{"extension":[{"url":"http://hl7.org/fhir/StructureDefinition/implementationguide-page","valueUri":"StructureDefinition-cde-triglyceride-in-serum-or-plasma-mole-concentration.html"}],"reference":{"reference":"StructureDefinition/cde-triglyceride-in-serum-or-plasma-mole-concentration"},"name":"CDE Triglyceride In Serum Or Plasma Mole Concentration","description":"Dieses CDE enthält den Messparameter 'Triglyceride [Mol/Volumen] in Serum oder Plasma'.","groupingId":"-str-profile"},{"extension":[{"url":"http://hl7.org/fhir/StructureDefinition/implementationguide-page","valueUri":"StructureDefinition-cde-visit-date.html"}],"reference":{"reference":"StructureDefinition/cde-visit-date"},"name":"CDE Visit Date","description":"Dieses CDE enhält das 'Datum der Untersuchung'.","groupingId":"-str-profile"},{"extension":[{"url":"http://hl7.org/fhir/StructureDefinition/implementationguide-page","valueUri":"StructureDefinition-cde-waist-circumference.html"}],"reference":{"reference":"StructureDefinition/cde-waist-circumference"},"name":"CDE Waist Circumference","description":"Dieses CDE enhält den 'Taillenumfang'.","groupingId":"-str-profile"},{"extension":[{"url":"http://hl7.org/fhir/StructureDefinition/implementationguide-page","valueUri":"StructureDefinition-cls-obo-cmo-blood-calcium-level.html"}],"reference":{"reference":"StructureDefinition/cls-obo-cmo-blood-calcium-level"},"name":"CLS CMO Blood Calcium Level","description":"Dieses abstrakte Profil beschreibt die Kategorie 'Kalziumspiegel im Blut'.","groupingId":"-str-abstractprofile"},{"extension":[{"url":"http://hl7.org/fhir/StructureDefinition/implementationguide-page","valueUri":"StructureDefinition-cls-obo-cmo-blood-chloride-level.html"}],"reference":{"reference":"StructureDefinition/cls-obo-cmo-blood-chloride-level"},"name":"CLS OBO CMO Blood Chloride Level","description":"Dieses abstrakte Profil beschreibt die Kategorie 'Chloridspiegel im Blut'.","groupingId":"-str-abstractprofile"},{"extension":[{"url":"http://hl7.org/fhir/StructureDefinition/implementationguide-page","valueUri":"StructureDefinition-cls-obo-cmo-blood-cholesterol-level.html"}],"reference":{"reference":"StructureDefinition/cls-obo-cmo-blood-cholesterol-level"},"name":"CLS OBO CMO Blood Cholesterol Level","description":"Dieses abstrakte Profil beschreibt die Kategorie 'Cholesterinspiegel im Blut'.","groupingId":"-str-abstractprofile"},{"extension":[{"url":"http://hl7.org/fhir/StructureDefinition/implementationguide-page","valueUri":"StructureDefinition-cls-obo-cmo-blood-electrolyte-measurement.html"}],"reference":{"reference":"StructureDefinition/cls-obo-cmo-blood-electrolyte-measurement"},"name":"CLS OBO CMO Blood Electrolyte Measurement","description":"Dieses abstrakte Profil beschreibt die Kategorie 'Elektrolyt Messungen im Blut'.","groupingId":"-str-abstractprofile"},{"extension":[{"url":"http://hl7.org/fhir/StructureDefinition/implementationguide-page","valueUri":"StructureDefinition-cls-obo-cmo-blood-glucose-level.html"}],"reference":{"reference":"StructureDefinition/cls-obo-cmo-blood-glucose-level"},"name":"CLS OBO CMO Blood Glucose Level","description":"Dieses abstrakte Profil beschreibt die Kategorie 'Glukosespiegel im Blut'.","groupingId":"-str-abstractprofile"},{"extension":[{"url":"http://hl7.org/fhir/StructureDefinition/implementationguide-page","valueUri":"StructureDefinition-cls-obo-cmo-blood-magnesium-level.html"}],"reference":{"reference":"StructureDefinition/cls-obo-cmo-blood-magnesium-level"},"name":"CLS OBO CMO Blood Magnesium Level","description":"Dieses abstrakte Profil beschreibt die Kategorie 'Magnesiumspiegel im Blut'.","groupingId":"-str-abstractprofile"},{"extension":[{"url":"http://hl7.org/fhir/StructureDefinition/implementationguide-page","valueUri":"StructureDefinition-cls-obo-cmo-blood-phosphate-level.html"}],"reference":{"reference":"StructureDefinition/cls-obo-cmo-blood-phosphate-level"},"name":"CLS OBO CMO Blood Phosphate Level","description":"Dieses abstrakte Profil beschreibt die Kategorie 'Phosphatspiegel im Blut'.","groupingId":"-str-abstractprofile"},{"extension":[{"url":"http://hl7.org/fhir/StructureDefinition/implementationguide-page","valueUri":"StructureDefinition-cls-obo-cmo-blood-potassium-level.html"}],"reference":{"reference":"StructureDefinition/cls-obo-cmo-blood-potassium-level"},"name":"CLS OBO CMO Blood Potassium Level","description":"Dieses abstrakte Profil beschreibt die Kategorie 'Kaliumspiegel im Blut'.","groupingId":"-str-abstractprofile"},{"extension":[{"url":"http://hl7.org/fhir/StructureDefinition/implementationguide-page","valueUri":"StructureDefinition-cls-obo-cmo-blood-pressure-measurement.html"}],"reference":{"reference":"StructureDefinition/cls-obo-cmo-blood-pressure-measurement"},"name":"CLS OBO CMO Blood Pressure Measurement","description":"Dieses abstrakte Profil beschreibt die Kategorie 'Blutdruck-Messung'.","groupingId":"-str-abstractprofile"},{"extension":[{"url":"http://hl7.org/fhir/StructureDefinition/implementationguide-page","valueUri":"StructureDefinition-cls-obo-cmo-blood-sodium-level.html"}],"reference":{"reference":"StructureDefinition/cls-obo-cmo-blood-sodium-level"},"name":"CLS OBO CMO Blood Sodium Level","description":"Dieses abstrakte Profil beschreibt die Kategorie 'Natriumspiegel im Blut'.","groupingId":"-str-abstractprofile"},{"extension":[{"url":"http://hl7.org/fhir/StructureDefinition/implementationguide-page","valueUri":"StructureDefinition-cls-obo-cmo-blood-triglyceride-level.html"}],"reference":{"reference":"StructureDefinition/cls-obo-cmo-blood-triglyceride-level"},"name":"CLS OBO CMO Blood Triglyceride Level","description":"Dieses abstrakte Profil beschreibt die Kategorie 'Triglyceridspiegel im Blut'.","groupingId":"-str-abstractprofile"},{"extension":[{"url":"http://hl7.org/fhir/StructureDefinition/implementationguide-page","valueUri":"StructureDefinition-cls-obo-cmo-body-height.html"}],"reference":{"reference":"StructureDefinition/cls-obo-cmo-body-height"},"name":"CLS OBO CMO Body Height","description":"Dieses abstrakte Profil beschreibt die Kategorie 'Körpergröße'.","groupingId":"-str-abstractprofile"},{"extension":[{"url":"http://hl7.org/fhir/StructureDefinition/implementationguide-page","valueUri":"StructureDefinition-cls-obo-cmo-body-mass-index.html"}],"reference":{"reference":"StructureDefinition/cls-obo-cmo-body-mass-index"},"name":"CLS OBO CMO Body Mass Index","description":"Dieses abstrakte Profil beschreibt die Kategorie 'Body Mass Index (BMI)'.","groupingId":"-str-abstractprofile"},{"extension":[{"url":"http://hl7.org/fhir/StructureDefinition/implementationguide-page","valueUri":"StructureDefinition-cls-obo-cmo-body-weight.html"}],"reference":{"reference":"StructureDefinition/cls-obo-cmo-body-weight"},"name":"CLS OBO CMO Body Weight","description":"Dieses abstrakte Profil beschreibt die Kategorie 'Körpergewicht'.","groupingId":"-str-abstractprofile"},{"extension":[{"url":"http://hl7.org/fhir/StructureDefinition/implementationguide-page","valueUri":"StructureDefinition-cls-obo-cmo-diastolic-blood-pressure.html"}],"reference":{"reference":"StructureDefinition/cls-obo-cmo-diastolic-blood-pressure"},"name":"CLS OBO CMO Diastolic Blood Pressure","description":"Dieses abstrakte Profil beschreibt die Kategorie 'Kalziumspiegel im Blut'.","groupingId":"-str-abstractprofile"},{"extension":[{"url":"http://hl7.org/fhir/StructureDefinition/implementationguide-page","valueUri":"StructureDefinition-cls-obo-cmo-heart-rate.html"}],"reference":{"reference":"StructureDefinition/cls-obo-cmo-heart-rate"},"name":"CLS OBO CMO Heart Rate","groupingId":"-str-abstractprofile"},{"extension":[{"url":"http://hl7.org/fhir/StructureDefinition/implementationguide-page","valueUri":"StructureDefinition-cls-obo-cmo-hematocrit-measurement.html"}],"reference":{"reference":"StructureDefinition/cls-obo-cmo-hematocrit-measurement"},"name":"CLS OBO CMO Hematocrit Measurement","description":"Dieses abstrakte Profil beschreibt die Kategorie 'Hämatokrit-Messung'.","groupingId":"-str-abstractprofile"},{"extension":[{"url":"http://hl7.org/fhir/StructureDefinition/implementationguide-page","valueUri":"StructureDefinition-cls-obo-cmo-hemoglobin-measurement.html"}],"reference":{"reference":"StructureDefinition/cls-obo-cmo-hemoglobin-measurement"},"name":"CLS OBO CMO Hemoglobin Measurement","description":"Dieses abstrakte Profil beschreibt die Kategorie 'Hämoglobin-Messung'.","groupingId":"-str-abstractprofile"},{"extension":[{"url":"http://hl7.org/fhir/StructureDefinition/implementationguide-page","valueUri":"StructureDefinition-cls-obo-cmo-hip-circumference.html"}],"reference":{"reference":"StructureDefinition/cls-obo-cmo-hip-circumference"},"name":"CLS OBO CMO Hip Circumference","description":"Dieses abstrakte Profil beschreibt die Kategorie 'Hüftumfang'.","groupingId":"-str-abstractprofile"},{"extension":[{"url":"http://hl7.org/fhir/StructureDefinition/implementationguide-page","valueUri":"StructureDefinition-cls-obo-cmo-mean-corpuscular-hemoglobin-concentration.html"}],"reference":{"reference":"StructureDefinition/cls-obo-cmo-mean-corpuscular-hemoglobin-concentration"},"name":"CLS OBO CMO Mean Corpuscular Hemoglobin Concentration","description":"Dieses abstrakte Profil beschreibt die Kategorie 'Mittlere korpuskuläre Hämoglobin Konzentration'.","groupingId":"-str-abstractprofile"},{"extension":[{"url":"http://hl7.org/fhir/StructureDefinition/implementationguide-page","valueUri":"StructureDefinition-cls-obo-cmo-mean-corpuscular-hemoglobin-level.html"}],"reference":{"reference":"StructureDefinition/cls-obo-cmo-mean-corpuscular-hemoglobin-level"},"name":"CLS OBO CMO Mean Corpuscular Hemoglobin Level","description":"Dieses abstrakte Profil beschreibt die Kategorie 'Mittleres korpuskuläres Hämoglobin Level'.","groupingId":"-str-abstractprofile"},{"extension":[{"url":"http://hl7.org/fhir/StructureDefinition/implementationguide-page","valueUri":"StructureDefinition-cls-obo-cmo-mean-corpuscular-volume.html"}],"reference":{"reference":"StructureDefinition/cls-obo-cmo-mean-corpuscular-volume"},"name":"CLS OBO CMO Mean Corpuscular Volume","description":"Dieses abstrakte Profil beschreibt die Kategorie 'Mittlere korpuskuläre Volumen'.","groupingId":"-str-abstractprofile"},{"extension":[{"url":"http://hl7.org/fhir/StructureDefinition/implementationguide-page","valueUri":"StructureDefinition-cls-obo-cmo-platelet-measurement.html"}],"reference":{"reference":"StructureDefinition/cls-obo-cmo-platelet-measurement"},"name":"CLS OBO CMO Platelet Measurement","description":"Dieses abstrakte Profil beschreibt die Kategorie 'Messung der Thrombozyten'.","groupingId":"-str-abstractprofile"},{"extension":[{"url":"http://hl7.org/fhir/StructureDefinition/implementationguide-page","valueUri":"StructureDefinition-cls-obo-cmo-red-blood-cell-measurement.html"}],"reference":{"reference":"StructureDefinition/cls-obo-cmo-red-blood-cell-measurement"},"name":"CLS OBO CMO Red Blood Cell Measurement","description":"Dieses abstrakte Profil beschreibt die Kategorie 'Messung der roten Blutkörperchen'.","groupingId":"-str-abstractprofile"},{"extension":[{"url":"http://hl7.org/fhir/StructureDefinition/implementationguide-page","valueUri":"StructureDefinition-cls-obo-cmo-systolic-blood-pressure.html"}],"reference":{"reference":"StructureDefinition/cls-obo-cmo-systolic-blood-pressure"},"name":"CLS OBO CMO Systolic Blood Pressure","description":"Dieses abstrakte Profil beschreibt die Kategorie 'Systolischer Blutdruck'.","groupingId":"-str-abstractprofile"},{"extension":[{"url":"http://hl7.org/fhir/StructureDefinition/implementationguide-page","valueUri":"StructureDefinition-cls-obo-cmo-urine-measurement.html"}],"reference":{"reference":"StructureDefinition/cls-obo-cmo-urine-measurement"},"name":"CLS OBO CMO Urine Measurement","description":"Dieses abstrakte Profil beschreibt die Kategorie 'Urin Messung'.","groupingId":"-str-abstractprofile"},{"extension":[{"url":"http://hl7.org/fhir/StructureDefinition/implementationguide-page","valueUri":"StructureDefinition-cls-obo-cmo-waist-circumference.html"}],"reference":{"reference":"StructureDefinition/cls-obo-cmo-waist-circumference"},"name":"CLS OBO CMO Waist Circumference","description":"Dieses abstrakte Profil beschreibt die Kategorie 'Taillenumfang'.","groupingId":"-str-abstractprofile"},{"extension":[{"url":"http://hl7.org/fhir/StructureDefinition/implementationguide-page","valueUri":"StructureDefinition-cls-obo-cmo-white-blood-cell-measurement.html"}],"reference":{"reference":"StructureDefinition/cls-obo-cmo-white-blood-cell-measurement"},"name":"CLS OBO CMO White Blood Cell Measurement","description":"Dieses abstrakte Profil beschreibt die Kategorie 'Weiße Blutkörperchen Messung'.","groupingId":"-str-abstractprofile"},{"extension":[{"url":"http://hl7.org/fhir/StructureDefinition/implementationguide-page","valueUri":"StructureDefinition-cls-obo-ncit-age-at-diagnosis.html"}],"reference":{"reference":"StructureDefinition/cls-obo-ncit-age-at-diagnosis"},"name":"CLS OBO CMO Age At Diagnosis","description":"Dieses abstrakte Profil beschreibt die Kategorie 'Alter bei Diagnose'.","groupingId":"-str-abstractprofile"},{"extension":[{"url":"http://hl7.org/fhir/StructureDefinition/implementationguide-page","valueUri":"StructureDefinition-cls-obo-ncit-age.html"}],"reference":{"reference":"StructureDefinition/cls-obo-ncit-age"},"name":"CLS OBO NCIT Age","description":"Dieses abstrakte Profil beschreibt die Kategorie 'Alter'.","groupingId":"-str-abstractprofile"},{"extension":[{"url":"http://hl7.org/fhir/StructureDefinition/implementationguide-page","valueUri":"StructureDefinition-cls-obo-ncit-birth-date.html"}],"reference":{"reference":"StructureDefinition/cls-obo-ncit-birth-date"},"name":"CLS OBO NCIT Birth Date","description":"Dieses abstrakte Profil beschreibt die Kategorie 'Geburtsdatum'.","groupingId":"-str-abstractprofile"},{"extension":[{"url":"http://hl7.org/fhir/StructureDefinition/implementationguide-page","valueUri":"StructureDefinition-cls-obo-ncit-date-of-diagnosis.html"}],"reference":{"reference":"StructureDefinition/cls-obo-ncit-date-of-diagnosis"},"name":"CLS OBO NCIT Date Of Diagnosis","description":"Dieses abstrakte Profil beschreibt die Kategorie 'Datum der Diagnose'.","groupingId":"-str-abstractprofile"},{"extension":[{"url":"http://hl7.org/fhir/StructureDefinition/implementationguide-page","valueUri":"StructureDefinition-cls-obo-ncit-date.html"}],"reference":{"reference":"StructureDefinition/cls-obo-ncit-date"},"name":"CLS OBO NCIT Date","description":"Dieses abstrakte Profil beschreibt die Kategorie 'Datum'.","groupingId":"-str-abstractprofile"},{"extension":[{"url":"http://hl7.org/fhir/StructureDefinition/implementationguide-page","valueUri":"StructureDefinition-cls-obo-ncit-visit-date.html"}],"reference":{"reference":"StructureDefinition/cls-obo-ncit-visit-date"},"name":"CLS OBO NCIT Visit Date","description":"Dieses abstrakte Profil beschreibt die Kategorie 'Besuchsdatum'.","groupingId":"-str-abstractprofile"},{"extension":[{"url":"http://hl7.org/fhir/StructureDefinition/implementationguide-page","valueUri":"StructureDefinition-cls-obo-ncit-year-date.html"}],"reference":{"reference":"StructureDefinition/cls-obo-ncit-year-date"},"name":"CLS OBO NCIT Year Date","description":"Dieses abstrakte Profil beschreibt die Kategorie 'Jahr (Temporal Qualifier)'.","groupingId":"-str-abstractprofile"},{"extension":[{"url":"http://hl7.org/fhir/StructureDefinition/implementationguide-page","valueUri":"StructureDefinition-cls-obo-snomed-blood-creatinine-level.html"}],"reference":{"reference":"StructureDefinition/cls-obo-snomed-blood-creatinine-level"},"name":"CLS OBO SNOMED Blood Creatinine Level","description":"Dieses abstrakte Profil beschreibt die Kategorie 'Kreatininspiegel im Blut'.","groupingId":"-str-abstractprofile"},{"extension":[{"url":"http://hl7.org/fhir/StructureDefinition/implementationguide-page","valueUri":"StructureDefinition-cls-snomed-age-at-smoking-cessation.html"}],"reference":{"reference":"StructureDefinition/cls-snomed-age-at-smoking-cessation"},"name":"CLS SNOMED Age At Smoking Cessation","description":"Dieses abstrakte Profil beschreibt die Kategorie 'Alter beim Rauchstopp'.","groupingId":"-str-abstractprofile"},{"extension":[{"url":"http://hl7.org/fhir/StructureDefinition/implementationguide-page","valueUri":"StructureDefinition-cls-snomed-demographic-history-detail.html"}],"reference":{"reference":"StructureDefinition/cls-snomed-demographic-history-detail"},"name":"CLS SNOMED Demographic History Detail","description":"Dieses abstrakte Profil beschreibt die Kategorie 'Detail der demografischen Geschichte'.","groupingId":"-str-abstractprofile"},{"extension":[{"url":"http://hl7.org/fhir/StructureDefinition/implementationguide-page","valueUri":"StructureDefinition-cls-snomed-diagnosis.html"}],"reference":{"reference":"StructureDefinition/cls-snomed-diagnosis"},"name":"CLS SNOMED Diagnosis","description":"Dieses abstrakte Profil beschreibt die Kategorie 'Diagnose'.","groupingId":"-str-abstractprofile"},{"extension":[{"url":"http://hl7.org/fhir/StructureDefinition/implementationguide-page","valueUri":"StructureDefinition-cls-snomed-finding-of-tobacco-use-and-exposure.html"}],"reference":{"reference":"StructureDefinition/cls-snomed-finding-of-tobacco-use-and-exposure"},"name":"CLS SNOMED Finding Of Tobacco Use And Exposure","description":"Dieses abstrakte Profil beschreibt die Kategorie 'Ermittlung des Tabakkonsums und der Exposition'.","groupingId":"-str-abstractprofile"},{"extension":[{"url":"http://hl7.org/fhir/StructureDefinition/implementationguide-page","valueUri":"StructureDefinition-cls-snomed-pack-years.html"}],"reference":{"reference":"StructureDefinition/cls-snomed-pack-years"},"name":"CLS SNOMED Pack Years","description":"Dieses abstrakte Profil beschreibt die Kategorie 'Packungsjahre'.","groupingId":"-str-abstractprofile"},{"extension":[{"url":"http://hl7.org/fhir/StructureDefinition/implementationguide-page","valueUri":"StructureDefinition-cls-snomed-patient-sex.html"}],"reference":{"reference":"StructureDefinition/cls-snomed-patient-sex"},"name":"CLS SNOMED Patient Sex","description":"Dieses abstrakte Profil beschreibt die Kategorie 'Patientengeschlecht'.","groupingId":"-str-abstractprofile"},{"extension":[{"url":"http://hl7.org/fhir/StructureDefinition/implementationguide-page","valueUri":"StructureDefinition-poi-patient.html"}],"reference":{"reference":"StructureDefinition/poi-patient"},"name":"POI Patient","description":"Dieses Profil beschreibt eine Person von Interesse als Patient oder Patientin.","groupingId":"-str-profile"},{"extension":[{"url":"http://hl7.org/fhir/StructureDefinition/implementationguide-page","valueUri":"StructureDefinition-poi-person.html"}],"reference":{"reference":"StructureDefinition/poi-person"},"name":"POI Person","description":"Dieses Profil beschreibt eine Person von Interesse als Person.","groupingId":"-str-profile"},{"extension":[{"url":"http://hl7.org/fhir/StructureDefinition/implementationguide-page","valueUri":"StructureDefinition-poi-research-subject.html"}],"reference":{"reference":"StructureDefinition/poi-research-subject"},"name":"POI Research Subject","description":"Dieses Profil beschreibt eine Person von Interesse als Proband oder Probandin.","groupingId":"-str-profile"},{"extension":[{"url":"http://hl7.org/fhir/StructureDefinition/implementationguide-page","valueUri":"StructureDefinition-rv-age.html"}],"reference":{"reference":"StructureDefinition/rv-age"},"name":"RV Age","description":"Das Alter einer Person in Jahren.","groupingId":"-str-profile"},{"extension":[{"url":"http://hl7.org/fhir/StructureDefinition/implementationguide-page","valueUri":"ValueSet-vs-administrative-gender.html"}],"reference":{"reference":"ValueSet/vs-administrative-gender"},"name":"Administrative gender","description":"Dieses ValueSet enthält Codes für das administrative Geschlecht.","groupingId":"-term-valueset"},{"extension":[{"url":"http://hl7.org/fhir/StructureDefinition/implementationguide-page","valueUri":"ValueSet-vs-binary-decision-yes-or-no.html"}],"reference":{"reference":"ValueSet/vs-binary-decision-yes-or-no"},"name":"Binary decision (yes or no)","description":"Dieses ValueSet enthält Snomed-Codes für Ja oder Nein.","groupingId":"-term-valueset"},{"extension":[{"url":"http://hl7.org/fhir/StructureDefinition/implementationguide-page","valueUri":"ValueSet-vs-biological-gender.html"}],"reference":{"reference":"ValueSet/vs-biological-gender"},"name":"Biological sex types","description":"Dieses ValueSet enthält Snomed-Codes für das 'biologische Geschlecht'.","groupingId":"-term-valueset"},{"extension":[{"url":"http://hl7.org/fhir/StructureDefinition/implementationguide-page","valueUri":"ValueSet-vs-ethnic-groups.html"}],"reference":{"reference":"ValueSet/vs-ethnic-groups"},"name":"Ethnic groups","description":"Diese ValueSet enhält SNOMED-Codes für 'ethnische Gruppen'.","groupingId":"-term-valueset"},{"extension":[{"url":"http://hl7.org/fhir/StructureDefinition/implementationguide-page","valueUri":"ValueSet-vs-glasgow-coma-scale-for-adults.html"}],"reference":{"reference":"ValueSet/vs-glasgow-coma-scale-for-adults"},"name":"Present Qualifers (negativ until three plus)","description":"Dieses ValueSet enthält LOINC-Codes für den Glasgow Coma Scale (GCS) für Erwachsene","groupingId":"-term-valueset"},{"extension":[{"url":"http://hl7.org/fhir/StructureDefinition/implementationguide-page","valueUri":"ValueSet-vs-length-units.html"}],"reference":{"reference":"ValueSet/vs-length-units"},"name":"Common units for 'lenght'","description":"UCUM Codes für 'Länge'","groupingId":"-term-valueset"},{"extension":[{"url":"http://hl7.org/fhir/StructureDefinition/implementationguide-page","valueUri":"ValueSet-vs-mass-concentration-units.html"}],"reference":{"reference":"ValueSet/vs-mass-concentration-units"},"name":"Common units for 'mass concentration'","description":"UCUM Codes für Massenkonzentration","groupingId":"-term-valueset"},{"extension":[{"url":"http://hl7.org/fhir/StructureDefinition/implementationguide-page","valueUri":"ValueSet-vs-mass-units.html"}],"reference":{"reference":"ValueSet/vs-mass-units"},"name":"Common units for 'mass'","description":"UCUM Codes für 'Masse'","groupingId":"-term-valueset"},{"extension":[{"url":"http://hl7.org/fhir/StructureDefinition/implementationguide-page","valueUri":"ValueSet-vs-molar-concentration-units.html"}],"reference":{"reference":"ValueSet/vs-molar-concentration-units"},"name":"Common units for 'mole concentration'","description":"UCUM Codes für Stoffmengenkonzentration","groupingId":"-term-valueset"},{"extension":[{"url":"http://hl7.org/fhir/StructureDefinition/implementationguide-page","valueUri":"ValueSet-vs-number-concentration-units.html"}],"reference":{"reference":"ValueSet/vs-number-concentration-units"},"name":"Common units for 'number concentration'","description":"UCUM Codes für 'Anzahl pro Volumen'.","groupingId":"-term-valueset"},{"extension":[{"url":"http://hl7.org/fhir/StructureDefinition/implementationguide-page","valueUri":"ValueSet-vs-qualifier-for-presence.html"}],"reference":{"reference":"ValueSet/vs-qualifier-for-presence"},"name":"Present Qualifers (negativ until three plus)","description":"Dieses ValueSet enthält SNOMED-Codes der das Vorhandensein des Zustands oder der zu testenden Substanz anzeigt.","groupingId":"-term-valueset"},{"extension":[{"url":"http://hl7.org/fhir/StructureDefinition/implementationguide-page","valueUri":"ValueSet-vs-sentinel-conceptual-domain.html"}],"reference":{"reference":"ValueSet/vs-sentinel-conceptual-domain"},"name":"Reasons for missing data (sentinel)","description":"Dieses ValueSet enthält SNOMED-Codes für Sentinel-Kategorien.","groupingId":"-term-valueset"},{"extension":[{"url":"http://hl7.org/fhir/StructureDefinition/implementationguide-page","valueUri":"ValueSet-vs-smoking-status.html"}],"reference":{"reference":"ValueSet/vs-smoking-status"},"name":"Smoking Status Types","description":"Dieses ValueSet enthält Snomed-Codes für den Raucherstatus.","groupingId":"-term-valueset"},{"extension":[{"url":"http://hl7.org/fhir/StructureDefinition/implementationguide-page","valueUri":"ValueSet-vs-specimen-types.html"}],"reference":{"reference":"ValueSet/vs-specimen-types"},"name":"Specimen Types (for Clinical Chemistry)","description":"LOINC Codes für 'Probenmaterial'","groupingId":"-term-valueset"},{"extension":[{"url":"http://hl7.org/fhir/StructureDefinition/implementationguide-page","valueUri":"ValueSet-vs-time-units.html"}],"reference":{"reference":"ValueSet/vs-time-units"},"name":"Common units for 'time span'","description":"UCUM Codes für 'Zeit'","groupingId":"-term-valueset"},{"extension":[{"url":"http://hl7.org/fhir/StructureDefinition/implementationguide-page","valueUri":"ValueSet-vs-unity-units.html"}],"reference":{"reference":"ValueSet/vs-unity-units"},"name":"Common units for 'unity element'","description":"UCUM Codes für Gesamtheit (auch 'Eins-Element').","groupingId":"-term-valueset"}],"page":{"extension":[{"url":"http://hl7.org/fhir/StructureDefinition/structuredefinition-standards-status","valueCode":"informative"},{"url":"http://hl7.org/fhir/tools/StructureDefinition/ig-page-name","valueUrl":"toc.html"}],"nameUrl":"toc.html","title":"Inhaltsverzeichnis","generation":"html","page":[{"extension":[{"url":"http://hl7.org/fhir/StructureDefinition/structuredefinition-standards-status","valueCode":"informative"},{"url":"http://hl7.org/fhir/tools/StructureDefinition/ig-page-name","valueUrl":"index.html"}],"nameUrl":"index.html","title":"CDE-Katalog","generation":"html"},{"extension":[{"url":"http://hl7.org/fhir/StructureDefinition/structuredefinition-standards-status","valueCode":"informative"},{"url":"http://hl7.org/fhir/tools/StructureDefinition/ig-page-name","valueUrl":"background.html"}],"nameUrl":"background.html","title":"Hintergrund","generation":"html"},{"extension":[{"url":"http://hl7.org/fhir/StructureDefinition/structuredefinition-standards-status","valueCode":"trial-use"},{"url":"http://hl7.org/fhir/StructureDefinition/structuredefinition-fmm","valueInteger":1},{"url":"http://hl7.org/fhir/tools/StructureDefinition/ig-page-name","valueUrl":"spec.html"}],"nameUrl":"spec.html","title":"Detaillierte Spezifikation","generation":"markdown","page":[{"extension":[{"url":"http://hl7.org/fhir/StructureDefinition/structuredefinition-standards-status","valueCode":"trial-use"},{"url":"http://hl7.org/fhir/StructureDefinition/structuredefinition-fmm","valueInteger":1},{"url":"http://hl7.org/fhir/tools/StructureDefinition/ig-page-name","valueUrl":"spec2.html"}],"nameUrl":"spec2.html","title":"Anmerkungen zu CDEs","generation":"markdown"}]},{"extension":[{"url":"http://hl7.org/fhir/StructureDefinition/structuredefinition-standards-status","valueCode":"informative"},{"url":"http://hl7.org/fhir/tools/StructureDefinition/ig-page-name","valueUrl":"downloads.html"}],"nameUrl":"downloads.html","title":"Hilfreiche Downloads","generation":"html"},{"extension":[{"url":"http://hl7.org/fhir/StructureDefinition/structuredefinition-standards-status","valueCode":"informative"},{"url":"http://hl7.org/fhir/tools/StructureDefinition/ig-page-name","valueUrl":"changes.html"}],"nameUrl":"changes.html","title":"IG Change History","generation":"html"},{"extension":[{"url":"http://hl7.org/fhir/tools/StructureDefinition/ig-page-name","valueUrl":"artifacts.html"}],"nameUrl":"artifacts.html","title":"Artifacts Summary","generation":"html","page":[{"extension":[{"url":"http://hl7.org/fhir/tools/StructureDefinition/ig-page-name","valueUrl":"Questionnaire-Top300Loinc.html"}],"nameUrl":"Questionnaire-Top300Loinc.html","title":"Top 300 Laboratory Value Dataset of the Medical Informatics Initiative Germany (MII) (Extended Version);","generation":"generated"},{"extension":[{"url":"http://hl7.org/fhir/tools/StructureDefinition/ig-page-name","valueUrl":"StructureDefinition-c-chronological-age.html"}],"nameUrl":"StructureDefinition-c-chronological-age.html","title":"C Chronological Age","generation":"generated"},{"extension":[{"url":"http://hl7.org/fhir/tools/StructureDefinition/ig-page-name","valueUrl":"StructureDefinition-cd-age-of-person.html"}],"nameUrl":"StructureDefinition-cd-age-of-person.html","title":"CD Age Of Person","generation":"generated"},{"extension":[{"url":"http://hl7.org/fhir/tools/StructureDefinition/ig-page-name","valueUrl":"StructureDefinition-cls-obo-cmo-blood-calcium-level.html"}],"nameUrl":"StructureDefinition-cls-obo-cmo-blood-calcium-level.html","title":"CLS CMO Blood Calcium Level","generation":"generated"},{"extension":[{"url":"http://hl7.org/fhir/tools/StructureDefinition/ig-page-name","valueUrl":"StructureDefinition-cls-obo-cmo-blood-chloride-level.html"}],"nameUrl":"StructureDefinition-cls-obo-cmo-blood-chloride-level.html","title":"CLS OBO CMO Blood Chloride Level","generation":"generated"},{"extension":[{"url":"http://hl7.org/fhir/tools/StructureDefinition/ig-page-name","valueUrl":"StructureDefinition-cls-obo-cmo-blood-cholesterol-level.html"}],"nameUrl":"StructureDefinition-cls-obo-cmo-blood-cholesterol-level.html","title":"CLS OBO CMO Blood Cholesterol Level","generation":"generated"},{"extension":[{"url":"http://hl7.org/fhir/tools/StructureDefinition/ig-page-name","valueUrl":"StructureDefinition-cls-obo-cmo-blood-electrolyte-measurement.html"}],"nameUrl":"StructureDefinition-cls-obo-cmo-blood-electrolyte-measurement.html","title":"CLS OBO CMO Blood Electrolyte Measurement","generation":"generated"},{"extension":[{"url":"http://hl7.org/fhir/tools/StructureDefinition/ig-page-name","valueUrl":"StructureDefinition-cls-obo-cmo-blood-glucose-level.html"}],"nameUrl":"StructureDefinition-cls-obo-cmo-blood-glucose-level.html","title":"CLS OBO CMO Blood Glucose Level","generation":"generated"},{"extension":[{"url":"http://hl7.org/fhir/tools/StructureDefinition/ig-page-name","valueUrl":"StructureDefinition-cls-obo-cmo-blood-magnesium-level.html"}],"nameUrl":"StructureDefinition-cls-obo-cmo-blood-magnesium-level.html","title":"CLS OBO CMO Blood Magnesium Level","generation":"generated"},{"extension":[{"url":"http://hl7.org/fhir/tools/StructureDefinition/ig-page-name","valueUrl":"StructureDefinition-cls-obo-cmo-blood-phosphate-level.html"}],"nameUrl":"StructureDefinition-cls-obo-cmo-blood-phosphate-level.html","title":"CLS OBO CMO Blood Phosphate Level","generation":"generated"},{"extension":[{"url":"http://hl7.org/fhir/tools/StructureDefinition/ig-page-name","valueUrl":"StructureDefinition-cls-obo-cmo-blood-potassium-level.html"}],"nameUrl":"StructureDefinition-cls-obo-cmo-blood-potassium-level.html","title":"CLS OBO CMO Blood Potassium Level","generation":"generated"},{"extension":[{"url":"http://hl7.org/fhir/tools/StructureDefinition/ig-page-name","valueUrl":"StructureDefinition-cls-obo-cmo-blood-pressure-measurement.html"}],"nameUrl":"StructureDefinition-cls-obo-cmo-blood-pressure-measurement.html","title":"CLS OBO CMO Blood Pressure Measurement","generation":"generated"},{"extension":[{"url":"http://hl7.org/fhir/tools/StructureDefinition/ig-page-name","valueUrl":"StructureDefinition-cls-obo-cmo-blood-sodium-level.html"}],"nameUrl":"StructureDefinition-cls-obo-cmo-blood-sodium-level.html","title":"CLS OBO CMO Blood Sodium Level","generation":"generated"},{"extension":[{"url":"http://hl7.org/fhir/tools/StructureDefinition/ig-page-name","valueUrl":"StructureDefinition-cls-obo-cmo-blood-triglyceride-level.html"}],"nameUrl":"StructureDefinition-cls-obo-cmo-blood-triglyceride-level.html","title":"CLS OBO CMO Blood Triglyceride Level","generation":"generated"},{"extension":[{"url":"http://hl7.org/fhir/tools/StructureDefinition/ig-page-name","valueUrl":"StructureDefinition-cls-obo-cmo-body-height.html"}],"nameUrl":"StructureDefinition-cls-obo-cmo-body-height.html","title":"CLS OBO CMO Body Height","generation":"generated"},{"extension":[{"url":"http://hl7.org/fhir/tools/StructureDefinition/ig-page-name","valueUrl":"StructureDefinition-cls-obo-cmo-body-mass-index.html"}],"nameUrl":"StructureDefinition-cls-obo-cmo-body-mass-index.html","title":"CLS OBO CMO Body Mass Index","generation":"generated"},{"extension":[{"url":"http://hl7.org/fhir/tools/StructureDefinition/ig-page-name","valueUrl":"StructureDefinition-cls-obo-cmo-body-weight.html"}],"nameUrl":"StructureDefinition-cls-obo-cmo-body-weight.html","title":"CLS OBO CMO Body Weight","generation":"generated"},{"extension":[{"url":"http://hl7.org/fhir/tools/StructureDefinition/ig-page-name","valueUrl":"StructureDefinition-cls-obo-cmo-diastolic-blood-pressure.html"}],"nameUrl":"StructureDefinition-cls-obo-cmo-diastolic-blood-pressure.html","title":"CLS OBO CMO Diastolic Blood Pressure","generation":"generated"},{"extension":[{"url":"http://hl7.org/fhir/tools/StructureDefinition/ig-page-name","valueUrl":"StructureDefinition-cls-obo-cmo-heart-rate.html"}],"nameUrl":"StructureDefinition-cls-obo-cmo-heart-rate.html","title":"CLS OBO CMO Heart Rate","generation":"generated"},{"extension":[{"url":"http://hl7.org/fhir/tools/StructureDefinition/ig-page-name","valueUrl":"StructureDefinition-cls-obo-cmo-hematocrit-measurement.html"}],"nameUrl":"StructureDefinition-cls-obo-cmo-hematocrit-measurement.html","title":"CLS OBO CMO Hematocrit Measurement","generation":"generated"},{"extension":[{"url":"http://hl7.org/fhir/tools/StructureDefinition/ig-page-name","valueUrl":"StructureDefinition-cls-obo-cmo-hemoglobin-measurement.html"}],"nameUrl":"StructureDefinition-cls-obo-cmo-hemoglobin-measurement.html","title":"CLS OBO CMO Hemoglobin Measurement","generation":"generated"},{"extension":[{"url":"http://hl7.org/fhir/tools/StructureDefinition/ig-page-name","valueUrl":"StructureDefinition-cls-obo-cmo-hip-circumference.html"}],"nameUrl":"StructureDefinition-cls-obo-cmo-hip-circumference.html","title":"CLS OBO CMO Hip Circumference","generation":"generated"},{"extension":[{"url":"http://hl7.org/fhir/tools/StructureDefinition/ig-page-name","valueUrl":"StructureDefinition-cls-obo-cmo-mean-corpuscular-hemoglobin-concentration.html"}],"nameUrl":"StructureDefinition-cls-obo-cmo-mean-corpuscular-hemoglobin-concentration.html","title":"CLS OBO CMO Mean Corpuscular Hemoglobin Concentration","generation":"generated"},{"extension":[{"url":"http://hl7.org/fhir/tools/StructureDefinition/ig-page-name","valueUrl":"StructureDefinition-cls-obo-cmo-mean-corpuscular-hemoglobin-level.html"}],"nameUrl":"StructureDefinition-cls-obo-cmo-mean-corpuscular-hemoglobin-level.html","title":"CLS OBO CMO Mean Corpuscular Hemoglobin Level","generation":"generated"},{"extension":[{"url":"http://hl7.org/fhir/tools/StructureDefinition/ig-page-name","valueUrl":"StructureDefinition-cls-obo-cmo-mean-corpuscular-volume.html"}],"nameUrl":"StructureDefinition-cls-obo-cmo-mean-corpuscular-volume.html","title":"CLS OBO CMO Mean Corpuscular Volume","generation":"generated"},{"extension":[{"url":"http://hl7.org/fhir/tools/StructureDefinition/ig-page-name","valueUrl":"StructureDefinition-cls-obo-cmo-platelet-measurement.html"}],"nameUrl":"StructureDefinition-cls-obo-cmo-platelet-measurement.html","title":"CLS OBO CMO Platelet Measurement","generation":"generated"},{"extension":[{"url":"http://hl7.org/fhir/tools/StructureDefinition/ig-page-name","valueUrl":"StructureDefinition-cls-obo-cmo-red-blood-cell-measurement.html"}],"nameUrl":"StructureDefinition-cls-obo-cmo-red-blood-cell-measurement.html","title":"CLS OBO CMO Red Blood Cell Measurement","generation":"generated"},{"extension":[{"url":"http://hl7.org/fhir/tools/StructureDefinition/ig-page-name","valueUrl":"StructureDefinition-cls-obo-cmo-systolic-blood-pressure.html"}],"nameUrl":"StructureDefinition-cls-obo-cmo-systolic-blood-pressure.html","title":"CLS OBO CMO Systolic Blood Pressure","generation":"generated"},{"extension":[{"url":"http://hl7.org/fhir/tools/StructureDefinition/ig-page-name","valueUrl":"StructureDefinition-cls-obo-cmo-urine-measurement.html"}],"nameUrl":"StructureDefinition-cls-obo-cmo-urine-measurement.html","title":"CLS OBO CMO Urine Measurement","generation":"generated"},{"extension":[{"url":"http://hl7.org/fhir/tools/StructureDefinition/ig-page-name","valueUrl":"StructureDefinition-cls-obo-cmo-waist-circumference.html"}],"nameUrl":"StructureDefinition-cls-obo-cmo-waist-circumference.html","title":"CLS OBO CMO Waist Circumference","generation":"generated"},{"extension":[{"url":"http://hl7.org/fhir/tools/StructureDefinition/ig-page-name","valueUrl":"StructureDefinition-cls-obo-cmo-white-blood-cell-measurement.html"}],"nameUrl":"StructureDefinition-cls-obo-cmo-white-blood-cell-measurement.html","title":"CLS OBO CMO White Blood Cell Measurement","generation":"generated"},{"extension":[{"url":"http://hl7.org/fhir/tools/StructureDefinition/ig-page-name","valueUrl":"StructureDefinition-cls-obo-ncit-age-at-diagnosis.html"}],"nameUrl":"StructureDefinition-cls-obo-ncit-age-at-diagnosis.html","title":"CLS OBO CMO Age At Diagnosis","generation":"generated"},{"extension":[{"url":"http://hl7.org/fhir/tools/StructureDefinition/ig-page-name","valueUrl":"StructureDefinition-cls-obo-ncit-age.html"}],"nameUrl":"StructureDefinition-cls-obo-ncit-age.html","title":"CLS OBO NCIT Age","generation":"generated"},{"extension":[{"url":"http://hl7.org/fhir/tools/StructureDefinition/ig-page-name","valueUrl":"StructureDefinition-cls-obo-ncit-birth-date.html"}],"nameUrl":"StructureDefinition-cls-obo-ncit-birth-date.html","title":"CLS OBO NCIT Birth Date","generation":"generated"},{"extension":[{"url":"http://hl7.org/fhir/tools/StructureDefinition/ig-page-name","valueUrl":"StructureDefinition-cls-obo-ncit-date-of-diagnosis.html"}],"nameUrl":"StructureDefinition-cls-obo-ncit-date-of-diagnosis.html","title":"CLS OBO NCIT Date Of Diagnosis","generation":"generated"},{"extension":[{"url":"http://hl7.org/fhir/tools/StructureDefinition/ig-page-name","valueUrl":"StructureDefinition-cls-obo-ncit-date.html"}],"nameUrl":"StructureDefinition-cls-obo-ncit-date.html","title":"CLS OBO NCIT Date","generation":"generated"},{"extension":[{"url":"http://hl7.org/fhir/tools/StructureDefinition/ig-page-name","valueUrl":"StructureDefinition-cls-obo-ncit-visit-date.html"}],"nameUrl":"StructureDefinition-cls-obo-ncit-visit-date.html","title":"CLS OBO NCIT Visit Date","generation":"generated"},{"extension":[{"url":"http://hl7.org/fhir/tools/StructureDefinition/ig-page-name","valueUrl":"StructureDefinition-cls-obo-ncit-year-date.html"}],"nameUrl":"StructureDefinition-cls-obo-ncit-year-date.html","title":"CLS OBO NCIT Year Date","generation":"generated"},{"extension":[{"url":"http://hl7.org/fhir/tools/StructureDefinition/ig-page-name","valueUrl":"StructureDefinition-cls-obo-snomed-blood-creatinine-level.html"}],"nameUrl":"StructureDefinition-cls-obo-snomed-blood-creatinine-level.html","title":"CLS OBO SNOMED Blood Creatinine Level","generation":"generated"},{"extension":[{"url":"http://hl7.org/fhir/tools/StructureDefinition/ig-page-name","valueUrl":"StructureDefinition-cls-snomed-age-at-smoking-cessation.html"}],"nameUrl":"StructureDefinition-cls-snomed-age-at-smoking-cessation.html","title":"CLS SNOMED Age At Smoking Cessation","generation":"generated"},{"extension":[{"url":"http://hl7.org/fhir/tools/StructureDefinition/ig-page-name","valueUrl":"StructureDefinition-cls-snomed-demographic-history-detail.html"}],"nameUrl":"StructureDefinition-cls-snomed-demographic-history-detail.html","title":"CLS SNOMED Demographic History Detail","generation":"generated"},{"extension":[{"url":"http://hl7.org/fhir/tools/StructureDefinition/ig-page-name","valueUrl":"StructureDefinition-cls-snomed-diagnosis.html"}],"nameUrl":"StructureDefinition-cls-snomed-diagnosis.html","title":"CLS SNOMED Diagnosis","generation":"generated"},{"extension":[{"url":"http://hl7.org/fhir/tools/StructureDefinition/ig-page-name","valueUrl":"StructureDefinition-cls-snomed-finding-of-tobacco-use-and-exposure.html"}],"nameUrl":"StructureDefinition-cls-snomed-finding-of-tobacco-use-and-exposure.html","title":"CLS SNOMED Finding Of Tobacco Use And Exposure","generation":"generated"},{"extension":[{"url":"http://hl7.org/fhir/tools/StructureDefinition/ig-page-name","valueUrl":"StructureDefinition-cls-snomed-pack-years.html"}],"nameUrl":"StructureDefinition-cls-snomed-pack-years.html","title":"CLS SNOMED Pack Years","generation":"generated"},{"extension":[{"url":"http://hl7.org/fhir/tools/StructureDefinition/ig-page-name","valueUrl":"StructureDefinition-cls-snomed-patient-sex.html"}],"nameUrl":"StructureDefinition-cls-snomed-patient-sex.html","title":"CLS SNOMED Patient Sex","generation":"generated"},{"extension":[{"url":"http://hl7.org/fhir/tools/StructureDefinition/ig-page-name","valueUrl":"StructureDefinition-cde-age-at-diagnosis-of-essential-hypertension.html"}],"nameUrl":"StructureDefinition-cde-age-at-diagnosis-of-essential-hypertension.html","title":"CDE Age At Diagnosis Of Essential Hypertension","generation":"generated"},{"extension":[{"url":"http://hl7.org/fhir/tools/StructureDefinition/ig-page-name","valueUrl":"StructureDefinition-cde-age.html"}],"nameUrl":"StructureDefinition-cde-age.html","title":"CDE Age","generation":"generated"},{"extension":[{"url":"http://hl7.org/fhir/tools/StructureDefinition/ig-page-name","valueUrl":"StructureDefinition-cde-birth-date.html"}],"nameUrl":"StructureDefinition-cde-birth-date.html","title":"CDE Birth Date","generation":"generated"},{"extension":[{"url":"http://hl7.org/fhir/tools/StructureDefinition/ig-page-name","valueUrl":"StructureDefinition-cde-blood-pressure-diastolic.html"}],"nameUrl":"StructureDefinition-cde-blood-pressure-diastolic.html","title":"CDE Blood Pressure Diastolic","generation":"generated"},{"extension":[{"url":"http://hl7.org/fhir/tools/StructureDefinition/ig-page-name","valueUrl":"StructureDefinition-cde-blood-pressure-systolic.html"}],"nameUrl":"StructureDefinition-cde-blood-pressure-systolic.html","title":"CDE Blood Pressure Systolic","generation":"generated"},{"extension":[{"url":"http://hl7.org/fhir/tools/StructureDefinition/ig-page-name","valueUrl":"StructureDefinition-cde-body-height.html"}],"nameUrl":"StructureDefinition-cde-body-height.html","title":"CDE Body Height","generation":"generated"},{"extension":[{"url":"http://hl7.org/fhir/tools/StructureDefinition/ig-page-name","valueUrl":"StructureDefinition-cde-body-mass-index.html"}],"nameUrl":"StructureDefinition-cde-body-mass-index.html","title":"CDE Body Mass Index","generation":"generated"},{"extension":[{"url":"http://hl7.org/fhir/tools/StructureDefinition/ig-page-name","valueUrl":"StructureDefinition-cde-body-weight.html"}],"nameUrl":"StructureDefinition-cde-body-weight.html","title":"CDE Body Weight","generation":"generated"},{"extension":[{"url":"http://hl7.org/fhir/tools/StructureDefinition/ig-page-name","valueUrl":"StructureDefinition-cde-calcium-in-serum-or-plasma-mass-concentration.html"}],"nameUrl":"StructureDefinition-cde-calcium-in-serum-or-plasma-mass-concentration.html","title":"CDE Calcium In Serum Or Plasma Mass Concentration","generation":"generated"},{"extension":[{"url":"http://hl7.org/fhir/tools/StructureDefinition/ig-page-name","valueUrl":"StructureDefinition-cde-calcium-in-serum-or-plasma-mole-concentration.html"}],"nameUrl":"StructureDefinition-cde-calcium-in-serum-or-plasma-mole-concentration.html","title":"CDE Calcium In Serum Or Plasma Mole Concentration","generation":"generated"},{"extension":[{"url":"http://hl7.org/fhir/tools/StructureDefinition/ig-page-name","valueUrl":"StructureDefinition-cde-chloride-in-serum-or-plasma-mole-concentration.html"}],"nameUrl":"StructureDefinition-cde-chloride-in-serum-or-plasma-mole-concentration.html","title":"CDE Chloride In Serum Or Plasma Mole Concentration","generation":"generated"},{"extension":[{"url":"http://hl7.org/fhir/tools/StructureDefinition/ig-page-name","valueUrl":"StructureDefinition-cde-cholesterol-inserum-or-plasma-mole-conentration.html"}],"nameUrl":"StructureDefinition-cde-cholesterol-inserum-or-plasma-mole-conentration.html","title":"CDE cholesterol Inserum Or Plasma Mole Conentration","generation":"generated"},{"extension":[{"url":"http://hl7.org/fhir/tools/StructureDefinition/ig-page-name","valueUrl":"StructureDefinition-cde-creatinine-in-serum-or-plasma-mole-concentration.html"}],"nameUrl":"StructureDefinition-cde-creatinine-in-serum-or-plasma-mole-concentration.html","title":"CDE Creatinine In Serum Or Plasma Mole Concentration","generation":"generated"},{"extension":[{"url":"http://hl7.org/fhir/tools/StructureDefinition/ig-page-name","valueUrl":"StructureDefinition-cde-current-age-calculated.html"}],"nameUrl":"StructureDefinition-cde-current-age-calculated.html","title":"CDE Current Age Calculated","generation":"generated"},{"extension":[{"url":"http://hl7.org/fhir/tools/StructureDefinition/ig-page-name","valueUrl":"StructureDefinition-cde-current-age-reported.html"}],"nameUrl":"StructureDefinition-cde-current-age-reported.html","title":"CDE Current Age Reported","generation":"generated"},{"extension":[{"url":"http://hl7.org/fhir/tools/StructureDefinition/ig-page-name","valueUrl":"StructureDefinition-cde-date-of-diagnosis.html"}],"nameUrl":"StructureDefinition-cde-date-of-diagnosis.html","title":"CDE Date Of Diagnosis","generation":"generated"},{"extension":[{"url":"http://hl7.org/fhir/tools/StructureDefinition/ig-page-name","valueUrl":"StructureDefinition-cde-diabetes-mellitus-status-yes-or-no.html"}],"nameUrl":"StructureDefinition-cde-diabetes-mellitus-status-yes-or-no.html","title":"CDE diabetes Mellitus Status Yes Or No","generation":"generated"},{"extension":[{"url":"http://hl7.org/fhir/tools/StructureDefinition/ig-page-name","valueUrl":"StructureDefinition-cde-diagnosis.html"}],"nameUrl":"StructureDefinition-cde-diagnosis.html","title":"CDE Diagnosis","generation":"generated"},{"extension":[{"url":"http://hl7.org/fhir/tools/StructureDefinition/ig-page-name","valueUrl":"StructureDefinition-cde-erythrocytes-in-blood-count-per-volume.html"}],"nameUrl":"StructureDefinition-cde-erythrocytes-in-blood-count-per-volume.html","title":"CDE Erythrocytes In Blood Count Per Volume","generation":"generated"},{"extension":[{"url":"http://hl7.org/fhir/tools/StructureDefinition/ig-page-name","valueUrl":"StructureDefinition-cde-ethnicity.html"}],"nameUrl":"StructureDefinition-cde-ethnicity.html","title":"CDE Ethnicity","generation":"generated"},{"extension":[{"url":"http://hl7.org/fhir/tools/StructureDefinition/ig-page-name","valueUrl":"StructureDefinition-cde-glasgow-coma-score.html"}],"nameUrl":"StructureDefinition-cde-glasgow-coma-score.html","title":"CDE Glasgow Coma Score","generation":"generated"},{"extension":[{"url":"http://hl7.org/fhir/tools/StructureDefinition/ig-page-name","valueUrl":"StructureDefinition-cde-glucose-in-serum-or-plasma-mole-concentration.html"}],"nameUrl":"StructureDefinition-cde-glucose-in-serum-or-plasma-mole-concentration.html","title":"CDE Glucose In Serum Or Plasma Mole Concentration","generation":"generated"},{"extension":[{"url":"http://hl7.org/fhir/tools/StructureDefinition/ig-page-name","valueUrl":"StructureDefinition-cde-heart-rate-beats-per-minute.html"}],"nameUrl":"StructureDefinition-cde-heart-rate-beats-per-minute.html","title":"CDE heart Rate Beats Per Minute","generation":"generated"},{"extension":[{"url":"http://hl7.org/fhir/tools/StructureDefinition/ig-page-name","valueUrl":"StructureDefinition-cde-hematocrit-of-blood.html"}],"nameUrl":"StructureDefinition-cde-hematocrit-of-blood.html","title":"CDE Hematocrit Of Blood","generation":"generated"},{"extension":[{"url":"http://hl7.org/fhir/tools/StructureDefinition/ig-page-name","valueUrl":"StructureDefinition-cde-hemoglobin-in-blood-mole-concentration.html"}],"nameUrl":"StructureDefinition-cde-hemoglobin-in-blood-mole-concentration.html","title":"CDE Hemoglobin In Blood Mole Concentration","generation":"generated"},{"extension":[{"url":"http://hl7.org/fhir/tools/StructureDefinition/ig-page-name","valueUrl":"StructureDefinition-cde-hip-circumference.html"}],"nameUrl":"StructureDefinition-cde-hip-circumference.html","title":"CDE Hip Circumference","generation":"generated"},{"extension":[{"url":"http://hl7.org/fhir/tools/StructureDefinition/ig-page-name","valueUrl":"StructureDefinition-cde-leucocyctes-in-urine-dipstick-test.html"}],"nameUrl":"StructureDefinition-cde-leucocyctes-in-urine-dipstick-test.html","title":"CDE Leucocyctes In Urine Dipstick Test","generation":"generated"},{"extension":[{"url":"http://hl7.org/fhir/tools/StructureDefinition/ig-page-name","valueUrl":"StructureDefinition-cde-leukocytes-in-blood-count-per-volume.html"}],"nameUrl":"StructureDefinition-cde-leukocytes-in-blood-count-per-volume.html","title":"CDE Leukocytes In Blood Count Per Volume","generation":"generated"},{"extension":[{"url":"http://hl7.org/fhir/tools/StructureDefinition/ig-page-name","valueUrl":"StructureDefinition-cde-magnesium-in-serum-or-plasma-mole-concentration.html"}],"nameUrl":"StructureDefinition-cde-magnesium-in-serum-or-plasma-mole-concentration.html","title":"CDE Magnesium In Serum Or Plasma Mole Concentration","generation":"generated"},{"extension":[{"url":"http://hl7.org/fhir/tools/StructureDefinition/ig-page-name","valueUrl":"StructureDefinition-cde-mean-corpuscular-hemoglobin-level-entitic-mass.html"}],"nameUrl":"StructureDefinition-cde-mean-corpuscular-hemoglobin-level-entitic-mass.html","title":"CDE Mean Corpuscular Hemoglobin Level Entitic Mass","generation":"generated"},{"extension":[{"url":"http://hl7.org/fhir/tools/StructureDefinition/ig-page-name","valueUrl":"StructureDefinition-cde-mean-corpuscular-volume-entitic-volume.html"}],"nameUrl":"StructureDefinition-cde-mean-corpuscular-volume-entitic-volume.html","title":"CDE Mean Corpuscular Volume Entitic Volume","generation":"generated"},{"extension":[{"url":"http://hl7.org/fhir/tools/StructureDefinition/ig-page-name","valueUrl":"StructureDefinition-cde-phosphate-in-serum-or-plasma-mole-concentration.html"}],"nameUrl":"StructureDefinition-cde-phosphate-in-serum-or-plasma-mole-concentration.html","title":"CDE Phosphate In Serum Or Plasma Mole Concentration","generation":"generated"},{"extension":[{"url":"http://hl7.org/fhir/tools/StructureDefinition/ig-page-name","valueUrl":"StructureDefinition-cde-potassium-in-serum-or-plasma-mole-concentration.html"}],"nameUrl":"StructureDefinition-cde-potassium-in-serum-or-plasma-mole-concentration.html","title":"CDE Potassium In Serum Or Plasma Mole Concentration","generation":"generated"},{"extension":[{"url":"http://hl7.org/fhir/tools/StructureDefinition/ig-page-name","valueUrl":"StructureDefinition-cde-sex-assigned-at-birth.html"}],"nameUrl":"StructureDefinition-cde-sex-assigned-at-birth.html","title":"CDE Sex Assigned At Birth","generation":"generated"},{"extension":[{"url":"http://hl7.org/fhir/tools/StructureDefinition/ig-page-name","valueUrl":"StructureDefinition-cde-sodium-in-serum-or-plasma-mole-concentration.html"}],"nameUrl":"StructureDefinition-cde-sodium-in-serum-or-plasma-mole-concentration.html","title":"CDE Sodium In Serum Or Plasma Mole Concentration","generation":"generated"},{"extension":[{"url":"http://hl7.org/fhir/tools/StructureDefinition/ig-page-name","valueUrl":"StructureDefinition-cde-thrombocytes-in-blood-count-per-volume.html"}],"nameUrl":"StructureDefinition-cde-thrombocytes-in-blood-count-per-volume.html","title":"CDE Thrombocytes In Blood Count Per Volume","generation":"generated"},{"extension":[{"url":"http://hl7.org/fhir/tools/StructureDefinition/ig-page-name","valueUrl":"StructureDefinition-cde-tobacco-smoking-cessation-age.html"}],"nameUrl":"StructureDefinition-cde-tobacco-smoking-cessation-age.html","title":"CDE tobacco Smoking Cessation Age","generation":"generated"},{"extension":[{"url":"http://hl7.org/fhir/tools/StructureDefinition/ig-page-name","valueUrl":"StructureDefinition-cde-tobacco-smoking-cessation-year.html"}],"nameUrl":"StructureDefinition-cde-tobacco-smoking-cessation-year.html","title":"CDE Tobacco Smoking Cessation Year","generation":"generated"},{"extension":[{"url":"http://hl7.org/fhir/tools/StructureDefinition/ig-page-name","valueUrl":"StructureDefinition-cde-tobacco-smoking-pack-year.html"}],"nameUrl":"StructureDefinition-cde-tobacco-smoking-pack-year.html","title":"CDE Tobacco Smoking Pack Year","generation":"generated"},{"extension":[{"url":"http://hl7.org/fhir/tools/StructureDefinition/ig-page-name","valueUrl":"StructureDefinition-cde-tobacco-smoking-status-yes-or-no.html"}],"nameUrl":"StructureDefinition-cde-tobacco-smoking-status-yes-or-no.html","title":"CDE tobacco Smoking Status Yes Or No","generation":"generated"},{"extension":[{"url":"http://hl7.org/fhir/tools/StructureDefinition/ig-page-name","valueUrl":"StructureDefinition-cde-tobacco-smoking-status.html"}],"nameUrl":"StructureDefinition-cde-tobacco-smoking-status.html","title":"CDE Smoking Status","generation":"generated"},{"extension":[{"url":"http://hl7.org/fhir/tools/StructureDefinition/ig-page-name","valueUrl":"StructureDefinition-cde-triglyceride-in-serum-or-plasma-mole-concentration.html"}],"nameUrl":"StructureDefinition-cde-triglyceride-in-serum-or-plasma-mole-concentration.html","title":"CDE Triglyceride In Serum Or Plasma Mole Concentration","generation":"generated"},{"extension":[{"url":"http://hl7.org/fhir/tools/StructureDefinition/ig-page-name","valueUrl":"StructureDefinition-cde-visit-date.html"}],"nameUrl":"StructureDefinition-cde-visit-date.html","title":"CDE Visit Date","generation":"generated"},{"extension":[{"url":"http://hl7.org/fhir/tools/StructureDefinition/ig-page-name","valueUrl":"StructureDefinition-cde-waist-circumference.html"}],"nameUrl":"StructureDefinition-cde-waist-circumference.html","title":"CDE Waist Circumference","generation":"generated"},{"extension":[{"url":"http://hl7.org/fhir/tools/StructureDefinition/ig-page-name","valueUrl":"StructureDefinition-poi-patient.html"}],"nameUrl":"StructureDefinition-poi-patient.html","title":"POI Patient","generation":"generated"},{"extension":[{"url":"http://hl7.org/fhir/tools/StructureDefinition/ig-page-name","valueUrl":"StructureDefinition-poi-person.html"}],"nameUrl":"StructureDefinition-poi-person.html","title":"POI Person","generation":"generated"},{"extension":[{"url":"http://hl7.org/fhir/tools/StructureDefinition/ig-page-name","valueUrl":"StructureDefinition-poi-research-subject.html"}],"nameUrl":"StructureDefinition-poi-research-subject.html","title":"POI Research Subject","generation":"generated"},{"extension":[{"url":"http://hl7.org/fhir/tools/StructureDefinition/ig-page-name","valueUrl":"StructureDefinition-rv-age.html"}],"nameUrl":"StructureDefinition-rv-age.html","title":"RV Age","generation":"generated"},{"extension":[{"url":"http://hl7.org/fhir/tools/StructureDefinition/ig-page-name","valueUrl":"ValueSet-vs-administrative-gender.html"}],"nameUrl":"ValueSet-vs-administrative-gender.html","title":"Administrative gender","generation":"generated"},{"extension":[{"url":"http://hl7.org/fhir/tools/StructureDefinition/ig-page-name","valueUrl":"ValueSet-vs-binary-decision-yes-or-no.html"}],"nameUrl":"ValueSet-vs-binary-decision-yes-or-no.html","title":"Binary decision (yes or no)","generation":"generated"},{"extension":[{"url":"http://hl7.org/fhir/tools/StructureDefinition/ig-page-name","valueUrl":"ValueSet-vs-biological-gender.html"}],"nameUrl":"ValueSet-vs-biological-gender.html","title":"Biological sex types","generation":"generated"},{"extension":[{"url":"http://hl7.org/fhir/tools/StructureDefinition/ig-page-name","valueUrl":"ValueSet-vs-ethnic-groups.html"}],"nameUrl":"ValueSet-vs-ethnic-groups.html","title":"Ethnic groups","generation":"generated"},{"extension":[{"url":"http://hl7.org/fhir/tools/StructureDefinition/ig-page-name","valueUrl":"ValueSet-vs-glasgow-coma-scale-for-adults.html"}],"nameUrl":"ValueSet-vs-glasgow-coma-scale-for-adults.html","title":"Present Qualifers (negativ until three plus)","generation":"generated"},{"extension":[{"url":"http://hl7.org/fhir/tools/StructureDefinition/ig-page-name","valueUrl":"ValueSet-vs-length-units.html"}],"nameUrl":"ValueSet-vs-length-units.html","title":"Common units for 'lenght'","generation":"generated"},{"extension":[{"url":"http://hl7.org/fhir/tools/StructureDefinition/ig-page-name","valueUrl":"ValueSet-vs-mass-concentration-units.html"}],"nameUrl":"ValueSet-vs-mass-concentration-units.html","title":"Common units for 'mass concentration'","generation":"generated"},{"extension":[{"url":"http://hl7.org/fhir/tools/StructureDefinition/ig-page-name","valueUrl":"ValueSet-vs-mass-units.html"}],"nameUrl":"ValueSet-vs-mass-units.html","title":"Common units for 'mass'","generation":"generated"},{"extension":[{"url":"http://hl7.org/fhir/tools/StructureDefinition/ig-page-name","valueUrl":"ValueSet-vs-molar-concentration-units.html"}],"nameUrl":"ValueSet-vs-molar-concentration-units.html","title":"Common units for 'mole concentration'","generation":"generated"},{"extension":[{"url":"http://hl7.org/fhir/tools/StructureDefinition/ig-page-name","valueUrl":"ValueSet-vs-number-concentration-units.html"}],"nameUrl":"ValueSet-vs-number-concentration-units.html","title":"Common units for 'number concentration'","generation":"generated"},{"extension":[{"url":"http://hl7.org/fhir/tools/StructureDefinition/ig-page-name","valueUrl":"ValueSet-vs-qualifier-for-presence.html"}],"nameUrl":"ValueSet-vs-qualifier-for-presence.html","title":"Present Qualifers (negativ until three plus)","generation":"generated"},{"extension":[{"url":"http://hl7.org/fhir/tools/StructureDefinition/ig-page-name","valueUrl":"ValueSet-vs-sentinel-conceptual-domain.html"}],"nameUrl":"ValueSet-vs-sentinel-conceptual-domain.html","title":"Reasons for missing data (sentinel)","generation":"generated"},{"extension":[{"url":"http://hl7.org/fhir/tools/StructureDefinition/ig-page-name","valueUrl":"ValueSet-vs-smoking-status.html"}],"nameUrl":"ValueSet-vs-smoking-status.html","title":"Smoking Status Types","generation":"generated"},{"extension":[{"url":"http://hl7.org/fhir/tools/StructureDefinition/ig-page-name","valueUrl":"ValueSet-vs-specimen-types.html"}],"nameUrl":"ValueSet-vs-specimen-types.html","title":"Specimen Types (for Clinical Chemistry)","generation":"generated"},{"extension":[{"url":"http://hl7.org/fhir/tools/StructureDefinition/ig-page-name","valueUrl":"ValueSet-vs-time-units.html"}],"nameUrl":"ValueSet-vs-time-units.html","title":"Common units for 'time span'","generation":"generated"},{"extension":[{"url":"http://hl7.org/fhir/tools/StructureDefinition/ig-page-name","valueUrl":"ValueSet-vs-unity-units.html"}],"nameUrl":"ValueSet-vs-unity-units.html","title":"Common units for 'unity element'","generation":"generated"}]}]},"parameter":[{"code":"path-resource","value":"input\\history"},{"code":"path-resource","value":"input/capabilities"},{"code":"path-resource","value":"input/examples"},{"code":"path-resource","value":"input/extensions"},{"code":"path-resource","value":"input/models"},{"code":"path-resource","value":"input/operations"},{"code":"path-resource","value":"input/profiles"},{"code":"path-resource","value":"input/resources"},{"code":"path-resource","value":"input/vocabulary"},{"code":"path-resource","value":"input/testing"},{"code":"path-resource","value":"input/history"},{"code":"path-resource","value":"fsh-generated/resources"},{"code":"path-pages","value":"template/config"},{"code":"path-pages","value":"input/images"},{"code":"path-tx-cache","value":"input-cache/txcache"}]}}