{"resourceType":"ValueSet","id":"vs-binary-gender-as-snomed","text":{"status":"generated","div":"<div xmlns=\"http://www.w3.org/1999/xhtml\"><ul><li>Include these codes as defined in <a href=\"http://www.snomed.org/\"><code>http://snomed.info/sct</code></a><table class=\"none\"><tr><td style=\"white-space:nowrap\"><b>Code</b></td><td><b>Display</b></td></tr><tr><td><a href=\"http://snomed.info/id/248153007\">248153007</a></td><td>Männlich</td></tr><tr><td><a href=\"http://snomed.info/id/248152002\">248152002</a></td><td>Weiblich</td></tr></table></li></ul></div>"},"url":"http://somewhere.org/fhir/uv/myig/ValueSet/vs-binary-gender-as-snomed","version":"0.1.0","name":"VS_BinaryGenderAsSnomed","title":"VS Binary Gender as Snomed","status":"active","date":"2023-03-02T21:18:11+01:00","publisher":"Nils Haendly","contact":[{"name":"Nils Haendly","telecom":[{"system":"url","value":"http://noctiz89.github.io/CDE-Katalog/index.html"}]}],"description":"Dieses ValueSet enthält Snomed-Codes für Männlich und Weiblich.","compose":{"include":[{"system":"http://snomed.info/sct","concept":[{"code":"248153007","display":"Männlich"},{"code":"248152002","display":"Weiblich"}]}]}}