{"resourceType":"ValueSet","id":"vs-length-units","text":{"status":"generated","div":"<div xmlns=\"http://www.w3.org/1999/xhtml\"><ul><li>Include these codes as defined in <a href=\"http://unitsofmeasure.org\"><code>http://unitsofmeasure.org</code></a><table class=\"none\"><tr><td style=\"white-space:nowrap\"><b>Code</b></td><td><b>Display</b></td></tr><tr><td>fm</td><td>fm</td></tr><tr><td>pm</td><td>pm</td></tr><tr><td>nm</td><td>nm</td></tr><tr><td>um</td><td>um</td></tr><tr><td>mm</td><td>mm</td></tr><tr><td>cm</td><td>cm</td></tr><tr><td>dm</td><td>dm</td></tr><tr><td>m</td><td>m</td></tr><tr><td>km</td><td>km</td></tr></table></li></ul></div>"},"url":"http://somewhere.org/fhir/uv/myig/ValueSet/vs-length-units","version":"0.1.0","name":"VS_LengthUnits","title":"VS Length Units","status":"active","date":"2023-03-02T21:55:41+01:00","publisher":"Nils Haendly","contact":[{"name":"Nils Haendly","telecom":[{"system":"url","value":"http://noctiz89.github.io/CDE-Katalog/index.html"}]}],"description":"UCUM Codes für 'Länge'","compose":{"include":[{"system":"http://unitsofmeasure.org","concept":[{"code":"fm"},{"code":"pm"},{"code":"nm"},{"code":"um"},{"code":"mm"},{"code":"cm"},{"code":"dm"},{"code":"m"},{"code":"km"}]}]}}