{"resourceType":"ValueSet","id":"vs-glasgow-coma-scale-for-adults","text":{"status":"generated","div":"<div xmlns=\"http://www.w3.org/1999/xhtml\"><p>This value set includes codes based on the following rules:</p><ul/></div>"},"extension":[{"url":"http://hl7.org/fhir/StructureDefinition/structuredefinition-standards-status","valueCode":"informative","_valueCode":{"extension":[{"url":"http://hl7.org/fhir/StructureDefinition/structuredefinition-conformance-derivedFrom","valueCanonical":"http://fhir.org/de/ImplementationGuide/cde-catalog"}]}}],"url":"http://fhir.org/de/ValueSet/vs-glasgow-coma-scale-for-adults","version":"0.2.0","name":"VS_GlasgowComaScaleForAdults","title":"Present Qualifers (negativ until three plus)","status":"draft","experimental":true,"date":"2023-03-16T15:14:40+01:00","publisher":"HL7 International - CDE Katalog Arbeitsgruppe","contact":[{"telecom":[{"system":"url","value":"http://hl7.org/Special/committees/[something]"}]}],"description":"Dieses ValueSet enthält LOINC-Codes für den Glasgow Coma Scale (GCS) für Erwachsene","jurisdiction":[{"coding":[{"system":"http://unstats.un.org/unsd/methods/m49/m49.htm","code":"001"}]}]}