{"resourceType":"ValueSet","id":"vs-ethnic-groups","text":{"status":"generated","div":"<div xmlns=\"http://www.w3.org/1999/xhtml\"><ul><li>Include codes from <a href=\"http://www.snomed.org/\"><code>http://snomed.info/sct</code></a> where concept  is-a  372148003 (Ethnic group (ethnic group))</li></ul></div>"},"extension":[{"url":"http://hl7.org/fhir/StructureDefinition/structuredefinition-fmm","valueInteger":1,"_valueInteger":{"extension":[{"url":"http://hl7.org/fhir/StructureDefinition/structuredefinition-conformance-derivedFrom","valueCanonical":"http://somewhere.org/fhir/uv/myig/ImplementationGuide/fhir.cde-catalog"}]}},{"url":"http://hl7.org/fhir/StructureDefinition/structuredefinition-standards-status","valueCode":"informative","_valueCode":{"extension":[{"url":"http://hl7.org/fhir/StructureDefinition/structuredefinition-conformance-derivedFrom","valueCanonical":"http://somewhere.org/fhir/uv/myig/ImplementationGuide/fhir.cde-catalog"}]}}],"url":"http://somewhere.org/fhir/uv/myig/ValueSet/vs-ethnic-groups","version":"0.2.0","name":"VS_EthnicGroups","title":"VS Ethnic Groups","status":"active","date":"2023-03-06T11:31:12+01:00","publisher":"HL7 International - [Some] Work Group","contact":[{"telecom":[{"system":"url","value":"http://hl7.org/Special/committees/[something]"}]}],"description":"Diese ValueSet enhält SNOMED-Codes für 'ethnische Gruppen'.","jurisdiction":[{"coding":[{"system":"http://unstats.un.org/unsd/methods/m49/m49.htm","code":"001"}]}],"compose":{"include":[{"system":"http://snomed.info/sct","filter":[{"property":"concept","op":"is-a","value":"372148003"}]}]}}