{"resourceType":"ValueSet","id":"vs-number-concentration-units","text":{"status":"generated","div":"<div xmlns=\"http://www.w3.org/1999/xhtml\"><ul><li>Include these codes as defined in <a href=\"http://unitsofmeasure.org\"><code>http://unitsofmeasure.org</code></a><table class=\"none\"><tr><td style=\"white-space:nowrap\"><b>Code</b></td><td><b>Display</b></td></tr><tr><td>uL</td><td>uL</td></tr><tr><td>{Cells}/uL</td><td>{Cells}/uL</td></tr><tr><td>{rbc}/uL</td><td>{rbc}/uL</td></tr><tr><td>10*3/uL</td><td>10*3/uL</td></tr><tr><td>10*6/uL</td><td>10*6/uL</td></tr><tr><td>10*9/uL</td><td>10*9/uL</td></tr><tr><td>/mL</td><td>/mL</td></tr><tr><td>{Spermatozoa}/mL</td><td>{Spermatozoa}/mL</td></tr><tr><td>{Copies}/mL</td><td>{Copies}/mL</td></tr><tr><td>10*3/mL</td><td>10*3/mL</td></tr><tr><td>10*3{Copies}/mL</td><td>10*3{Copies}/mL</td></tr><tr><td>10*6/mL</td><td>10*6/mL</td></tr><tr><td>10*9/mL</td><td>10*9/mL</td></tr><tr><td>{cfu}/mL</td><td>{cfu}/mL</td></tr><tr><td>/dL</td><td>/dL</td></tr><tr><td>/L</td><td>/L</td></tr><tr><td>10*3/L</td><td>10*3/L</td></tr><tr><td>10*6/L</td><td>10*6/L</td></tr><tr><td>10*12/L</td><td>10*12/L</td></tr><tr><td>10*9/L</td><td>10*9/L</td></tr></table></li></ul></div>"},"url":"http://somewhere.org/fhir/uv/myig/ValueSet/vs-number-concentration-units","version":"0.1.0","name":"VS_NumberConcentrationUnits","title":"VS Number Concentration Units","status":"active","date":"2023-03-02T21:18:11+01:00","publisher":"Nils Haendly","contact":[{"name":"Nils Haendly","telecom":[{"system":"url","value":"http://noctiz89.github.io/CDE-Katalog/index.html"}]}],"description":"UCUM Codes für 'Anzahl pro Volumen'.","compose":{"include":[{"system":"http://unitsofmeasure.org","concept":[{"code":"uL"},{"code":"{Cells}/uL"},{"code":"{rbc}/uL"},{"code":"10*3/uL"},{"code":"10*6/uL"},{"code":"10*9/uL"},{"code":"/mL"},{"code":"{Spermatozoa}/mL"},{"code":"{Copies}/mL"},{"code":"10*3/mL"},{"code":"10*3{Copies}/mL"},{"code":"10*6/mL"},{"code":"10*9/mL"},{"code":"{cfu}/mL"},{"code":"/dL"},{"code":"/L"},{"code":"10*3/L"},{"code":"10*6/L"},{"code":"10*12/L"},{"code":"10*9/L"}]}]}}