{"resourceType":"ValueSet","id":"vs-leucocytes-diptest-finding","text":{"status":"generated","div":"<div xmlns=\"http://www.w3.org/1999/xhtml\"><ul><li>Include these codes as defined in <a href=\"http://www.snomed.org/\"><code>http://snomed.info/sct</code></a><table class=\"none\"><tr><td style=\"white-space:nowrap\"><b>Code</b></td><td><b>Display</b></td></tr><tr><td><a href=\"http://snomed.info/id/260385009\">260385009</a></td><td>Negative</td></tr><tr><td><a href=\"http://snomed.info/id/394712000\">394712000</a></td><td>+</td></tr><tr><td><a href=\"http://snomed.info/id/394713005\">394713005</a></td><td>++</td></tr><tr><td><a href=\"http://snomed.info/id/394714004\">394714004</a></td><td>+++</td></tr></table></li></ul></div>"},"extension":[{"url":"http://hl7.org/fhir/StructureDefinition/structuredefinition-fmm","valueInteger":1,"_valueInteger":{"extension":[{"url":"http://hl7.org/fhir/StructureDefinition/structuredefinition-conformance-derivedFrom","valueCanonical":"http://somewhere.org/fhir/uv/myig/ImplementationGuide/fhir.cde-catalog"}]}},{"url":"http://hl7.org/fhir/StructureDefinition/structuredefinition-standards-status","valueCode":"informative","_valueCode":{"extension":[{"url":"http://hl7.org/fhir/StructureDefinition/structuredefinition-conformance-derivedFrom","valueCanonical":"http://somewhere.org/fhir/uv/myig/ImplementationGuide/fhir.cde-catalog"}]}}],"url":"http://somewhere.org/fhir/uv/myig/ValueSet/vs-leucocytes-diptest-finding","version":"0.2.0","name":"VS_LeucocytesDiptestFinding","title":"VS Leucocytes Diptest Finding","status":"active","date":"2023-03-13T12:04:54+01:00","publisher":"HL7 International - [Some] Work Group","contact":[{"telecom":[{"system":"url","value":"http://hl7.org/Special/committees/[something]"}]}],"description":"Dieses ValueSet enthält Snomed-Codes für ","jurisdiction":[{"coding":[{"system":"http://unstats.un.org/unsd/methods/m49/m49.htm","code":"001"}]}],"compose":{"include":[{"system":"http://snomed.info/sct","concept":[{"code":"260385009","display":"Negative"},{"code":"394712000","display":"+"},{"code":"394713005","display":"++"},{"code":"394714004","display":"+++"}]}]}}