{"resourceType":"ValueSet","id":"vs-length-units","text":{"status":"generated","div":"<div xmlns=\"http://www.w3.org/1999/xhtml\"><ul><li>Include these codes as defined in <a href=\"http://unitsofmeasure.org\"><code>http://unitsofmeasure.org</code></a><table class=\"none\"><tr><td style=\"white-space:nowrap\"><b>Code</b></td><td><b>Display</b></td></tr><tr><td>fm</td><td>fm</td></tr><tr><td>pm</td><td>pm</td></tr><tr><td>nm</td><td>nm</td></tr><tr><td>um</td><td>um</td></tr><tr><td>mm</td><td>mm</td></tr><tr><td>cm</td><td>cm</td></tr><tr><td>dm</td><td>dm</td></tr><tr><td>m</td><td>m</td></tr><tr><td>km</td><td>km</td></tr></table></li></ul></div>"},"extension":[{"url":"http://hl7.org/fhir/StructureDefinition/structuredefinition-fmm","valueInteger":1,"_valueInteger":{"extension":[{"url":"http://hl7.org/fhir/StructureDefinition/structuredefinition-conformance-derivedFrom","valueCanonical":"http://hl7.org/de/ImplementationGuide/fhir.cde-katalog"}]}},{"url":"http://hl7.org/fhir/StructureDefinition/structuredefinition-standards-status","valueCode":"informative","_valueCode":{"extension":[{"url":"http://hl7.org/fhir/StructureDefinition/structuredefinition-conformance-derivedFrom","valueCanonical":"http://hl7.org/de/ImplementationGuide/fhir.cde-katalog"}]}}],"url":"http://hl7.org/de/ValueSet/vs-length-units","version":"0.2.0","name":"VS_LengthUnits","title":"Common units for 'lenght'","status":"active","experimental":false,"date":"2023-03-17T18:03:12+01:00","publisher":"HL7 International - CDE Katalog Arbeitsgruppe","contact":[{"telecom":[{"system":"url","value":"http://hl7.org/Special/committees/[something]"}]}],"description":"UCUM Codes für 'Länge'","jurisdiction":[{"coding":[{"system":"http://unstats.un.org/unsd/methods/m49/m49.htm","code":"001"}]}],"compose":{"include":[{"system":"http://unitsofmeasure.org","concept":[{"code":"fm"},{"code":"pm"},{"code":"nm"},{"code":"um"},{"code":"mm"},{"code":"cm"},{"code":"dm"},{"code":"m"},{"code":"km"}]}]}}