{"resourceType":"ValueSet","id":"vs-qualifier-for-presence","text":{"status":"generated","div":"<div xmlns=\"http://www.w3.org/1999/xhtml\"><ul><li>Include these codes as defined in <a href=\"http://www.snomed.org/\"><code>http://snomed.info/sct</code></a><table class=\"none\"><tr><td style=\"white-space:nowrap\"><b>Code</b></td><td><b>Display</b></td></tr><tr><td><a href=\"http://snomed.info/id/260385009\">260385009</a></td><td>Negativ</td></tr><tr><td><a href=\"http://snomed.info/id/441614007\">441614007</a></td><td>Present one plus out of three plus</td></tr><tr><td><a href=\"http://snomed.info/id/441517005\">441517005</a></td><td>Present two plus out of three plus</td></tr><tr><td><a href=\"http://snomed.info/id/441521003\">441521003</a></td><td>Present three plus out of three plus</td></tr></table></li></ul></div>"},"extension":[{"url":"http://hl7.org/fhir/StructureDefinition/structuredefinition-fmm","valueInteger":1,"_valueInteger":{"extension":[{"url":"http://hl7.org/fhir/StructureDefinition/structuredefinition-conformance-derivedFrom","valueCanonical":"http://somewhere.org/fhir/uv/myig/ImplementationGuide/fhir.cde-catalog"}]}},{"url":"http://hl7.org/fhir/StructureDefinition/structuredefinition-standards-status","valueCode":"informative","_valueCode":{"extension":[{"url":"http://hl7.org/fhir/StructureDefinition/structuredefinition-conformance-derivedFrom","valueCanonical":"http://somewhere.org/fhir/uv/myig/ImplementationGuide/fhir.cde-catalog"}]}}],"url":"http://somewhere.org/fhir/uv/myig/ValueSet/vs-qualifier-for-presence","version":"0.2.0","name":"VS_QualifierForPresence","title":"VS Qualifier For Presence","status":"active","date":"2023-03-13T12:04:54+01:00","publisher":"HL7 International - [Some] Work Group","contact":[{"telecom":[{"system":"url","value":"http://hl7.org/Special/committees/[something]"}]}],"description":"Dieses ValueSet enthält SNOMED-Codes der das Vorhandensein des Zustands oder der zu testenden Substanz anzeigt.","jurisdiction":[{"coding":[{"system":"http://unstats.un.org/unsd/methods/m49/m49.htm","code":"001"}]}],"compose":{"include":[{"system":"http://snomed.info/sct","concept":[{"code":"260385009","display":"Negativ"},{"code":"441614007","display":"Present one plus out of three plus"},{"code":"441517005","display":"Present two plus out of three plus"},{"code":"441521003","display":"Present three plus out of three plus"}]}]}}