{"resourceType":"ValueSet","id":"vs-smoking-status-as-snomed","text":{"status":"generated","div":"<div xmlns=\"http://www.w3.org/1999/xhtml\"><ul><li>Include these codes as defined in <a href=\"http://www.snomed.org/\"><code>http://snomed.info/sct</code></a><table class=\"none\"><tr><td style=\"white-space:nowrap\"><b>Code</b></td><td><b>Display</b></td></tr><tr><td><a href=\"http://snomed.info/id/449868002\">449868002</a></td><td>Alltagsraucher</td></tr><tr><td><a href=\"http://snomed.info/id/428041000124106\">428041000124106</a></td><td>Gelegenheitsraucher</td></tr><tr><td><a href=\"http://snomed.info/id/8517006\">8517006</a></td><td>Ehemaliger Raucher</td></tr><tr><td><a href=\"http://snomed.info/id/8392000\">8392000</a></td><td>Nichtraucher</td></tr></table></li></ul></div>"},"extension":[{"url":"http://hl7.org/fhir/StructureDefinition/structuredefinition-fmm","valueInteger":1,"_valueInteger":{"extension":[{"url":"http://hl7.org/fhir/StructureDefinition/structuredefinition-conformance-derivedFrom","valueCanonical":"http://somewhere.org/fhir/uv/myig/ImplementationGuide/fhir.cde-catalog"}]}},{"url":"http://hl7.org/fhir/StructureDefinition/structuredefinition-standards-status","valueCode":"informative","_valueCode":{"extension":[{"url":"http://hl7.org/fhir/StructureDefinition/structuredefinition-conformance-derivedFrom","valueCanonical":"http://somewhere.org/fhir/uv/myig/ImplementationGuide/fhir.cde-catalog"}]}}],"url":"http://somewhere.org/fhir/uv/myig/ValueSet/vs-smoking-status-as-snomed","version":"0.2.0","name":"VS_SmokingStatusAsSnomed","title":"VS Smoking Status as Loinc","status":"active","date":"2023-03-03T18:31:25+01:00","publisher":"HL7 International - [Some] Work Group","contact":[{"telecom":[{"system":"url","value":"http://hl7.org/Special/committees/[something]"}]}],"description":"Dieses ValueSet enthält Snomed-Codes für den Raucherstatus.","jurisdiction":[{"coding":[{"system":"http://unstats.un.org/unsd/methods/m49/m49.htm","code":"001"}]}],"compose":{"include":[{"system":"http://snomed.info/sct","concept":[{"code":"449868002","display":"Alltagsraucher"},{"code":"428041000124106","display":"Gelegenheitsraucher"},{"code":"8517006","display":"Ehemaliger Raucher"},{"code":"8392000","display":"Nichtraucher"}]}]}}