{"resourceType":"ValueSet","id":"vs-unity-units","text":{"status":"generated","div":"<div xmlns=\"http://www.w3.org/1999/xhtml\"><ul><li>Include these codes as defined in <a href=\"http://unitsofmeasure.org\"><code>http://unitsofmeasure.org</code></a><table class=\"none\"><tr><td style=\"white-space:nowrap\"><b>Code</b></td><td><b>Display</b></td></tr><tr><td>[lg]</td><td/></tr><tr><td>10*6/{Specimen}</td><td>10*6/{Specimen}</td></tr><tr><td>/{tot}</td><td>/{tot}</td></tr><tr><td>10*3</td><td>10*3</td></tr><tr><td>10*3.{RBC}</td><td>10*3.{RBC}</td></tr><tr><td>10*5</td><td>10*5</td></tr><tr><td>10*6</td><td>10*6</td></tr><tr><td>10*8</td><td>10*8</td></tr></table></li></ul></div>"},"extension":[{"url":"http://hl7.org/fhir/StructureDefinition/structuredefinition-fmm","valueInteger":1,"_valueInteger":{"extension":[{"url":"http://hl7.org/fhir/StructureDefinition/structuredefinition-conformance-derivedFrom","valueCanonical":"http://somewhere.org/fhir/uv/myig/ImplementationGuide/fhir.cde-catalog"}]}},{"url":"http://hl7.org/fhir/StructureDefinition/structuredefinition-standards-status","valueCode":"informative","_valueCode":{"extension":[{"url":"http://hl7.org/fhir/StructureDefinition/structuredefinition-conformance-derivedFrom","valueCanonical":"http://somewhere.org/fhir/uv/myig/ImplementationGuide/fhir.cde-catalog"}]}}],"url":"http://somewhere.org/fhir/uv/myig/ValueSet/vs-unity-units","version":"0.2.0","name":"VS_UnityUnits","title":"VS Unity Units","status":"active","date":"2023-03-06T17:18:53+01:00","publisher":"HL7 International - [Some] Work Group","contact":[{"telecom":[{"system":"url","value":"http://hl7.org/Special/committees/[something]"}]}],"description":"UCUM Codes für Gesamtheit (auch 'Eins-Element').","jurisdiction":[{"coding":[{"system":"http://unstats.un.org/unsd/methods/m49/m49.htm","code":"001"}]}],"compose":{"include":[{"system":"http://unitsofmeasure.org","concept":[{"code":"[lg]"},{"code":"10*6/{Specimen}"},{"code":"/{tot}"},{"code":"10*3"},{"code":"10*3.{RBC}"},{"code":"10*5"},{"code":"10*6"},{"code":"10*8"}]}]}}