{"resourceType":"ValueSet","id":"vs-mass-units","text":{"status":"generated","div":"<div xmlns=\"http://www.w3.org/1999/xhtml\"><ul><li>Include these codes as defined in <a href=\"http://unitsofmeasure.org\"><code>http://unitsofmeasure.org</code></a><table class=\"none\"><tr><td style=\"white-space:nowrap\"><b>Code</b></td><td><b>Display</b></td></tr><tr><td>fg</td><td>fg</td></tr><tr><td>pg</td><td>pg</td></tr><tr><td>ng</td><td>ng</td></tr><tr><td>ug</td><td>ug</td></tr><tr><td>mg</td><td>mg</td></tr><tr><td>g</td><td>g</td></tr><tr><td>dg</td><td>dg</td></tr><tr><td>cg</td><td>cg</td></tr><tr><td>kg</td><td>kg</td></tr><tr><td>t</td><td>t</td></tr></table></li></ul></div>"},"extension":[{"url":"http://hl7.org/fhir/StructureDefinition/structuredefinition-fmm","valueInteger":1,"_valueInteger":{"extension":[{"url":"http://hl7.org/fhir/StructureDefinition/structuredefinition-conformance-derivedFrom","valueCanonical":"http://somewhere.org/fhir/uv/myig/ImplementationGuide/fhir.cde-catalog"}]}},{"url":"http://hl7.org/fhir/StructureDefinition/structuredefinition-standards-status","valueCode":"informative","_valueCode":{"extension":[{"url":"http://hl7.org/fhir/StructureDefinition/structuredefinition-conformance-derivedFrom","valueCanonical":"http://somewhere.org/fhir/uv/myig/ImplementationGuide/fhir.cde-catalog"}]}}],"url":"http://somewhere.org/fhir/uv/myig/ValueSet/vs-mass-units","version":"0.2.0","name":"VS_MassUnits","title":"VS Mass Units","status":"active","date":"2023-03-06T13:11:54+01:00","publisher":"HL7 International - [Some] Work Group","contact":[{"telecom":[{"system":"url","value":"http://hl7.org/Special/committees/[something]"}]}],"description":"UCUM Codes für 'Masse'","jurisdiction":[{"coding":[{"system":"http://unstats.un.org/unsd/methods/m49/m49.htm","code":"001"}]}],"compose":{"include":[{"system":"http://unitsofmeasure.org","concept":[{"code":"fg"},{"code":"pg"},{"code":"ng"},{"code":"ug"},{"code":"mg"},{"code":"g"},{"code":"dg"},{"code":"cg"},{"code":"kg"},{"code":"t"}]}]}}