{
  "resourceType" : "ValueSet",
  "id" : "vs-administrative-gender",
  "text" : {
    "status" : "generated",
    "div" : "<div xmlns=\"http://www.w3.org/1999/xhtml\"><ul><li>Import all the codes that are contained in <a href=\"http://hl7.org/fhir/R4/valueset-administrative-gender.html\">AdministrativeGender</a></li></ul></div>"
  },
  "extension" : [{
    "url" : "http://hl7.org/fhir/StructureDefinition/structuredefinition-fmm",
    "valueInteger" : 1,
    "_valueInteger" : {
      "extension" : [{
        "url" : "http://hl7.org/fhir/StructureDefinition/structuredefinition-conformance-derivedFrom",
        "valueCanonical" : "http://somewhere.org/fhir/uv/myig/ImplementationGuide/fhir.cde-catalog"
      }]
    }
  },
  {
    "url" : "http://hl7.org/fhir/StructureDefinition/structuredefinition-standards-status",
    "valueCode" : "informative",
    "_valueCode" : {
      "extension" : [{
        "url" : "http://hl7.org/fhir/StructureDefinition/structuredefinition-conformance-derivedFrom",
        "valueCanonical" : "http://somewhere.org/fhir/uv/myig/ImplementationGuide/fhir.cde-catalog"
      }]
    }
  }],
  "url" : "http://somewhere.org/fhir/uv/myig/ValueSet/vs-administrative-gender",
  "version" : "0.2.0",
  "name" : "VS_AdministrativeGender",
  "title" : "VS AdministrativeGender",
  "status" : "active",
  "date" : "2023-03-08T09:48:37+01:00",
  "publisher" : "HL7 International - [Some] Work Group",
  "contact" : [{
    "telecom" : [{
      "system" : "url",
      "value" : "http://hl7.org/Special/committees/[something]"
    }]
  }],
  "description" : "Dieses ValueSet enthält Codes für das administrative Geschlecht.",
  "jurisdiction" : [{
    "coding" : [{
      "system" : "http://unstats.un.org/unsd/methods/m49/m49.htm",
      "code" : "001"
    }]
  }],
  "compose" : {
    "include" : [{
      "valueSet" : ["http://hl7.org/fhir/ValueSet/administrative-gender"]
    }]
  }
}