{
  "resourceType" : "ValueSet",
  "id" : "valueset-fake",
  "text" : {
    "status" : "generated",
    "div" : "<div xmlns=\"http://www.w3.org/1999/xhtml\"><ul><li>Include these codes as defined in <a href=\"CodeSystem-cs-fake.html\"><code>http://somewhere.org/fhir/uv/myig/CodeSystem/cs-fake</code></a><table class=\"none\"><tr><td style=\"white-space:nowrap\"><b>Code</b></td><td><b>Display</b></td></tr><tr><td><a href=\"CodeSystem-cs-fake.html#cs-fake-01\">01</a></td><td>VS1</td></tr></table></li></ul></div>"
  },
  "url" : "http://somewhere.org/fhir/uv/myig/ValueSet/valueset-fake",
  "version" : "0.1.0",
  "name" : "ValueSetFake",
  "title" : "ValueSet fake",
  "status" : "draft",
  "experimental" : true,
  "date" : "2015-06-22",
  "publisher" : "Nils Haendly",
  "contact" : [{
    "name" : "Nils Haendly",
    "telecom" : [{
      "system" : "url",
      "value" : "http://noctiz89.github.io/CDE-Katalog/index.html"
    }]
  }],
  "description" : "A fake value",
  "compose" : {
    "include" : [{
      "system" : "http://somewhere.org/fhir/uv/myig/CodeSystem/cs-fake",
      "concept" : [{
        "code" : "01",
        "display" : "VS1",
        "designation" : [{
          "value" : "VS2"
        }]
      }]
    }]
  }
}