{
  "resourceType" : "ValueSet",
  "id" : "vs-mass-concentration-units",
  "text" : {
    "status" : "generated",
    "div" : "<div xmlns=\"http://www.w3.org/1999/xhtml\"><ul><li>Include these codes as defined in <a href=\"http://unitsofmeasure.org\"><code>http://unitsofmeasure.org</code></a><table class=\"none\"><tr><td style=\"white-space:nowrap\"><b>Code</b></td><td><b>Display</b></td></tr><tr><td>pg/mL</td><td>pg/mL</td></tr><tr><td>ng/mL</td><td>ng/mL</td></tr><tr><td>ng/mL{rbc}</td><td>ng/mL{rbc}</td></tr><tr><td>ug/mL</td><td>ug/mL</td></tr><tr><td>mg/mL</td><td>mg/mL</td></tr><tr><td>g/mL</td><td>g/mL</td></tr><tr><td>pg/dL</td><td>pg/dL</td></tr><tr><td>ng/dL</td><td>ng/dL</td></tr><tr><td>ug/dL</td><td>ug/dL</td></tr><tr><td>ug/dL{rbc}</td><td>ug/dL{rbc}</td></tr><tr><td>mg/dL</td><td>mg/dL</td></tr><tr><td>mg{Phenylketones}/dL</td><td>mg{Phenylketones}/dL</td></tr><tr><td>g/dL</td><td>g/dL</td></tr><tr><td>ng/L</td><td>ng/L</td></tr><tr><td>pg/L</td><td>pg/L</td></tr><tr><td>ug/L</td><td>ug/L</td></tr><tr><td>mg/L</td><td>mg/L</td></tr><tr><td>g/L</td><td>g/L</td></tr><tr><td>kg/L</td><td>kg/L</td></tr><tr><td>mg/m3</td><td>mg/m3</td></tr><tr><td>kg/m3</td><td>kg/m3</td></tr></table></li></ul></div>"
  },
  "url" : "http://somewhere.org/fhir/uv/myig/ValueSet/vs-mass-concentration-units",
  "version" : "0.1.0",
  "name" : "VS_MassConcentrationUnits",
  "title" : "VS Mass Concentration Units",
  "status" : "active",
  "date" : "2023-03-02T21:55:41+01:00",
  "publisher" : "Nils Haendly",
  "contact" : [{
    "name" : "Nils Haendly",
    "telecom" : [{
      "system" : "url",
      "value" : "http://noctiz89.github.io/CDE-Katalog/index.html"
    }]
  }],
  "description" : "UCUM Codes für Massenkonzentration",
  "compose" : {
    "include" : [{
      "system" : "http://unitsofmeasure.org",
      "concept" : [{
        "code" : "pg/mL"
      },
      {
        "code" : "ng/mL"
      },
      {
        "code" : "ng/mL{rbc}"
      },
      {
        "code" : "ug/mL"
      },
      {
        "code" : "mg/mL"
      },
      {
        "code" : "g/mL"
      },
      {
        "code" : "pg/dL"
      },
      {
        "code" : "ng/dL"
      },
      {
        "code" : "ug/dL"
      },
      {
        "code" : "ug/dL{rbc}"
      },
      {
        "code" : "mg/dL"
      },
      {
        "code" : "mg{Phenylketones}/dL"
      },
      {
        "code" : "g/dL"
      },
      {
        "code" : "ng/L"
      },
      {
        "code" : "pg/L"
      },
      {
        "code" : "ug/L"
      },
      {
        "code" : "mg/L"
      },
      {
        "code" : "g/L"
      },
      {
        "code" : "kg/L"
      },
      {
        "code" : "mg/m3"
      },
      {
        "code" : "kg/m3"
      }]
    }]
  }
}