{
  "resourceType" : "ValueSet",
  "id" : "valueset-no-codesystem",
  "text" : {
    "status" : "generated",
    "div" : "<div xmlns=\"http://www.w3.org/1999/xhtml\"><ul><li>Include these codes as defined in <code>http://not-a-known-code-system</code> version <code>2.36</code><table class=\"none\"><tr><td style=\"white-space:nowrap\"><b>Code</b></td><td><b>Display</b></td></tr><tr><td>not-known-code</td><td/></tr><tr><td>not-known-code2</td><td/></tr></table></li></ul></div>"
  },
  "url" : "http://somewhere.org/fhir/uv/myig/ValueSet/valueset-no-codesystem",
  "version" : "0.1.0",
  "name" : "ValueSetWithNoCodeSystem",
  "title" : "ValueSet with no code-system",
  "status" : "draft",
  "experimental" : true,
  "date" : "2015-06-22",
  "publisher" : "Nils Haendly",
  "contact" : [{
    "name" : "Nils Haendly",
    "telecom" : [{
      "system" : "url",
      "value" : "http://noctiz89.github.io/CDE-Katalog/index.html"
    }]
  }],
  "description" : "A sample value set where there's no known code system",
  "compose" : {
    "include" : [{
      "system" : "http://not-a-known-code-system",
      "version" : "2.36",
      "concept" : [{
        "code" : "not-known-code"
      },
      {
        "code" : "not-known-code2"
      }]
    }]
  }
}