{
  "resourceType" : "ValueSet",
  "id" : "vs-glasgow-coma-scale-for-adults",
  "text" : {
    "status" : "generated",
    "div" : "<div xmlns=\"http://www.w3.org/1999/xhtml\"><p>This value set includes codes based on the following rules:</p><ul/></div>"
  },
  "url" : "http://somewhere.org/fhir/uv/myig/ValueSet/vs-glasgow-coma-scale-for-adults",
  "version" : "0.1.0",
  "name" : "VS_GlasgowComaScaleForAdults",
  "title" : "VS Glasgow Coma Scale For Adults",
  "status" : "active",
  "date" : "2023-03-02T21:18:11+01:00",
  "publisher" : "Nils Haendly",
  "contact" : [{
    "name" : "Nils Haendly",
    "telecom" : [{
      "system" : "url",
      "value" : "http://noctiz89.github.io/CDE-Katalog/index.html"
    }]
  }],
  "description" : "Dieses ValueSet enthält LOINC-Codes für den Glasgow Coma Scale (GCS) für Erwachsene"
}