{
  "resourceType" : "ValueSet",
  "id" : "vs-administrative-gender",
  "text" : {
    "status" : "generated",
    "div" : "<div xmlns=\"http://www.w3.org/1999/xhtml\"><ul><li>Import all the codes that are contained in <a href=\"http://hl7.org/fhir/R4/valueset-administrative-gender.html\">AdministrativeGender</a></li></ul></div>"
  },
  "url" : "http://somewhere.org/fhir/uv/myig/ValueSet/vs-administrative-gender",
  "version" : "0.1.0",
  "name" : "VS_AdministrativeGender",
  "title" : "VS AdministrativeGender",
  "status" : "active",
  "date" : "2023-03-02T21:55:41+01:00",
  "publisher" : "Nils Haendly",
  "contact" : [{
    "name" : "Nils Haendly",
    "telecom" : [{
      "system" : "url",
      "value" : "http://noctiz89.github.io/CDE-Katalog/index.html"
    }]
  }],
  "description" : "Dieses ValueSet enthält Codes für das administrative Geschlecht.",
  "compose" : {
    "include" : [{
      "valueSet" : ["http://hl7.org/fhir/ValueSet/administrative-gender"]
    }]
  }
}