{
  "resourceType" : "ValueSet",
  "id" : "vs-specimen-types",
  "text" : {
    "status" : "generated",
    "div" : "<div xmlns=\"http://www.w3.org/1999/xhtml\"><ul><li>Include these codes as defined in <a href=\"http://loinc.org\"><code>http://loinc.org</code></a><table class=\"none\"><tr><td style=\"white-space:nowrap\"><b>Code</b></td><td><b>Display</b></td></tr><tr><td><a href=\"https://loinc.org/LP7057-5/\">LP7057-5</a></td><td/></tr><tr><td><a href=\"https://loinc.org/LP7067-4/\">LP7067-4</a></td><td/></tr><tr><td><a href=\"https://loinc.org/LP7567-3/\">LP7567-3</a></td><td/></tr><tr><td><a href=\"https://loinc.org/LP7479-1/\">LP7479-1</a></td><td/></tr><tr><td><a href=\"https://loinc.org/LP7536-8/\">LP7536-8</a></td><td/></tr><tr><td><a href=\"https://loinc.org/LP7494-0/\">LP7494-0</a></td><td/></tr><tr><td><a href=\"https://loinc.org/LP7690-3/\">LP7690-3</a></td><td/></tr><tr><td><a href=\"https://loinc.org/LP7156-5/\">LP7156-5</a></td><td/></tr><tr><td><a href=\"https://loinc.org/LP7238-1/\">LP7238-1</a></td><td/></tr></table></li></ul></div>"
  },
  "url" : "http://somewhere.org/fhir/uv/myig/ValueSet/vs-specimen-types",
  "version" : "0.1.0",
  "name" : "VS_SpecimenTypes",
  "title" : "VS Specimen Types",
  "status" : "active",
  "date" : "2023-03-02T21:18:11+01:00",
  "publisher" : "Nils Haendly",
  "contact" : [{
    "name" : "Nils Haendly",
    "telecom" : [{
      "system" : "url",
      "value" : "http://noctiz89.github.io/CDE-Katalog/index.html"
    }]
  }],
  "description" : "LOINC Codes für 'Probenmaterial'",
  "compose" : {
    "include" : [{
      "system" : "http://loinc.org",
      "concept" : [{
        "code" : "LP7057-5"
      },
      {
        "code" : "LP7067-4"
      },
      {
        "code" : "LP7567-3"
      },
      {
        "code" : "LP7479-1"
      },
      {
        "code" : "LP7536-8"
      },
      {
        "code" : "LP7494-0"
      },
      {
        "code" : "LP7690-3"
      },
      {
        "code" : "LP7156-5"
      },
      {
        "code" : "LP7238-1"
      }]
    }]
  }
}