{
  "resourceType" : "ValueSet",
  "id" : "vs-binary-decision-yes-or-no-as-snomed",
  "text" : {
    "status" : "generated",
    "div" : "<div xmlns=\"http://www.w3.org/1999/xhtml\"><ul><li>Include these codes as defined in <a href=\"http://www.snomed.org/\"><code>http://snomed.info/sct</code></a><table class=\"none\"><tr><td style=\"white-space:nowrap\"><b>Code</b></td><td><b>Display</b></td></tr><tr><td><a href=\"http://snomed.info/id/260385009\">260385009</a></td><td>Nein</td></tr><tr><td><a href=\"http://snomed.info/id/10828004\">10828004</a></td><td>Ja</td></tr></table></li></ul></div>"
  },
  "url" : "http://somewhere.org/fhir/uv/myig/ValueSet/vs-binary-decision-yes-or-no-as-snomed",
  "version" : "0.1.0",
  "name" : "VS_BinaryDecisionYesOrNoAsSnomed",
  "title" : "VS Binary Decision Yes Or No as Snomed",
  "status" : "active",
  "date" : "2023-03-02T21:55:41+01:00",
  "publisher" : "Nils Haendly",
  "contact" : [{
    "name" : "Nils Haendly",
    "telecom" : [{
      "system" : "url",
      "value" : "http://noctiz89.github.io/CDE-Katalog/index.html"
    }]
  }],
  "description" : "Dieses ValueSet enthält Snomed-Codes für Ja oder Nein.",
  "compose" : {
    "include" : [{
      "system" : "http://snomed.info/sct",
      "concept" : [{
        "code" : "260385009",
        "display" : "Nein"
      },
      {
        "code" : "10828004",
        "display" : "Ja"
      }]
    }]
  }
}